gt_L_r,gt_L_g,gt_L_b,gt_T_r,gt_T_g,gt_T_b,pred_L_r,pred_L_g,pred_L_b,pred_T_r,pred_T_g,pred_T_b
0,0,0,0.970136,0.940974,1,0,0,0,1,0.970909,0.730963
0,0,0,1,0.951499,1,0,0,0,1,0.962321,0.714329
0,0,0,0,0,0,0,0,0,0.997317,0.949669,0.738858
0,0,0,0,0,0,0,0,0,0.988885,0.940024,0.748536
0,0,0,1,0.950101,1,0,0,0,0.999998,0.955068,0.710729
0,0,0,1,0.933227,0.57425,0,0,0,0.999999,0.930205,0.679391
0,0,0,1,0.972227,0.201833,0,0,0,0.999998,0.977023,0.734691
0,0,0,1,0.947152,1,0,0,0,1,0.964522,0.740925
0,0,0,1,0.9195,1,0,0,0,0.913058,0.881615,0.703957
0,0,0,0,0,0,0,0,0,0.999988,0.925634,0.679391
0,0,0,0.987963,0.912839,1,0,0,0,1,0.976891,0.715225
0,0,0,1,0.939741,0.61784,0,0,0,0.99251,0.98599,0.866585
0,0,0,0.994588,0.950339,0.852199,0,0,0,1,0.95877,0.73431
0,0,0,1,0.93747,0.462252,0,0,0,0.999877,0.946597,0.723407
0,0,0,1,0.962881,0.202728,0,0,0,0.999982,0.925095,0.677794
0,0,0,0.966389,0.94477,1,0,0,0,0.999996,0.963712,0.742795
0,0,0,1,0.965853,0.227605,0,0,0,0.881411,0.837221,0.619817
0,0,0,1,0.957359,1,0,0,0,0.995702,0.971184,0.805326
0,0,0,0,0,0,0,0,0,0.991221,0.924959,0.689933
0.139302,0.0201154,0,1,0.98015,0.224562,0,0,0,0.818156,0.779658,0.569972
0,0,0,1,0.954044,1,0,0,0,0.952926,0.923039,0.758153
0,0,0,1,0.953651,0.246271,0,0,0,1,0.960878,0.73848
0,0,0,1,0.939417,1,0,0,0,1,0.969613,0.744471
0,0,0,0.987747,0.971224,0.638354,0,0,0,1,0.960212,0.730866
0,0,0,0,0,0,0,0,0,0.91804,0.888566,0.699768
0,0,0,0.977793,0.934657,1,0,0,0,1,0.972046,0.744656
0,0,0,1,0.910677,1,0,0,0,1,0.968081,0.722723
0,0,0,1,0.944591,1,0,0,0,1,0.970854,0.736211
0,0,0,0,0,0,0,0,0,0.965512,0.932453,0.72086
0,0,0,0.99287,0.908631,1,0,0,0,1,0.956715,0.731634
0,0,0,1,0.949103,1,0,0,0,0.99998,0.95846,0.708515
0,0,0,1,0.949616,1,0,0,0,0.999998,0.965771,0.735642
0,0,0,0,0,0,0,0,0,0.918187,0.879147,0.724188
0,0,0,1,0.982157,0.21169,0,0,0,1,0.947866,0.692538
0,0,0,1,0.933642,1,0,0,0,0.999999,0.96622,0.745584
0,0,0,0.967668,0.92897,1,0,0,0,0.999975,0.949012,0.701611
0,0,0,1,0.954983,1,0,0,0,0.999997,0.968201,0.711431
0,0,0,1,0.939377,1,0,0,0,0.999993,0.966028,0.7237
0,0,0,1,0.931687,0.616333,0,0,0,0.880797,0.852445,0.626467
0,0,0,1,0.931671,1,0,0,0,0.999897,0.953362,0.730866
0,0,0,1,0.934018,0.835544,0,0,0,1,0.977197,0.722821
0,0,0,0,0,0,0,0,0,0.976356,0.939359,0.76366
0,0,0,1,0.963453,0.243127,0,0,0,0.999878,0.955899,0.712232
0,0,0,0.994486,0.912837,1,0,0,0,1,0.971238,0.727975
0,0,0,1,0.933442,0.575689,0,0,0,1,0.973342,0.721547
0,0,0,1,0.922707,1,0,0,0,0.984869,0.961893,0.814496
0,0,0,1,0.919402,1,0,0,0,0.999992,0.955569,0.745213
0,0,0,1,0.937992,1,0,0,0,0.919063,0.863046,0.689724
0,0,0,0.99217,0.908302,1,0,0,0,0.993385,0.967287,0.789883
0,0,0,1,0.96354,0.242812,0,0,0,0.999979,0.935346,0.711832
0,0,0,1,0.933987,0.833312,0,0,0,0.997274,0.950778,0.765418
0,0,0,1,0.95724,1,0,0,0,1,0.97419,0.727975
0,0,0,1,0.965574,1,0,0,0,1,0.982823,0.718496
0,0,0,1,0.934702,0.789963,0,0,0,0.999992,0.960212,0.710427
0,0,0,1,0.97556,0.2016,0,0,0,0.999915,0.956145,0.736969
0,0,0,1,0.933502,0.980332,0,0,0,0.999998,0.940134,0.684475
0,0,0,1,0.948762,0.310758,0,0,0,1,0.969728,0.737347
0,0,0,0,0,0,0,0,0,0.923039,0.877161,0.687105
0,0,0,1,0.94695,0.499868,0,0,0,0.984094,0.920932,0.718298
0,0,0,1,0.981533,0.201589,0,0,0,1,0.973993,0.728941
0,0,0,0.966092,0.944708,1,0,0,0,0.999999,0.936518,0.705582
0,0,0,1,0.9985,0.23159,0,0,0,1,0.945298,0.714429
0,0,0,1,0.946608,1,0,0,0,0.999976,0.927232,0.679923
0,0,0,1,0.935726,1,0,0,0,0.999986,0.952486,0.730482
0,0,0,1,0.938988,1,0,0,0,1,0.974821,0.733547
0,0,0,1,0.9417,0.536111,0,0,0,0.888372,0.840652,0.659405
0,0,0,0.965791,0.935563,1,0,0,0,0.871365,0.844024,0.641871
0,0,0,1,0.980083,0.198346,0,0,0,0.955651,0.93196,0.752922
0,0,0,1,0.940573,1,0,0,0,0.999898,0.955734,0.735642
0,0,0,1,0.984139,0.254508,0,0,0,0.998225,0.906983,0.674587
0,0,0,0.967684,0.928975,1,0,0,0,0.999999,0.976401,0.760651
0,0,0,1,0.941549,1,0,0,0,0.999877,0.963231,0.725357
0,0,0,1,0.936222,0.748057,0,0,0,0.999989,0.952838,0.714429
0,0,0,1,0.982507,0.225645,0,0,0,1,0.953013,0.704872
0,0,0,1,0.943712,1,0,0,0,1,0.971293,0.738103
0,0,0,1,0.939446,1,0,0,0,1,0.947672,0.695441
0,0,0,1,0.936397,0.499356,0,0,0,1,0.971347,0.746139
0,0,0,1,0.939352,1,0,0,0,1,0.948346,0.701611
0,0,0,1,0.926519,0.699149,0,0,0,1,0.962673,0.751648
0,0,0,1,0.979973,0.197837,0,0,0,0.989909,0.89275,0.667148
0,0,0,1,0.938552,0.428071,0,0,0,0.997232,0.96862,0.794066
0,0,0,0,0,0,0,0,0,0.985882,0.968381,0.769946
0,0,0,0,0,0,0,0,0,0.999994,0.958148,0.710126
0,0,0,0,0,0,0,0,0,0.999999,0.934753,0.689933
0,0,0,1,0.927687,0.656756,0,0,0,0.999968,0.943971,0.715225
0,0,0,1,0.933267,0.885239,0,0,0,0.993537,0.890103,0.669853
0,0,0,0.992683,0.930615,1,0,0,0,0.999991,0.922622,0.672439
0,0,0,1,0.946106,1,0,0,0,1,0.967225,0.750553
0,0,0,1,0.945024,1,0,0,0,0.998988,0.952574,0.715026
0,0,0,0,0,0,0,0,0,0.999304,0.94366,0.731059
0,0,0,0.981157,0.94523,1,0,0,0,0.999999,0.965512,0.74055
0,0,0,0.993977,0.912705,1,0,0,0,1,0.942929,0.685844
0,0,0,1,0.934789,1,0,0,0,1,0.957118,0.708313
0,0,0,0,0,0,0,0,0,0.889912,0.859782,0.685107
0,0,0,1,0.969209,0.588424,0,0,0,0.999695,0.945197,0.741861
0,0,0,0,0,0,0,0,0,0.939248,0.919063,0.741674
0,0,0,0.99325,0.919901,1,0,0,0,1,0.964656,0.741487
0,0,0,1,0.933265,0.883865,0,0,0,0.999999,0.938576,0.688154
0,0,0,1,0.919912,1,0,0,0,0.999998,0.936052,0.699562
0,0,0,1,1,0.266705,0,0,0,0.999998,0.93744,0.68215
0,0,0,1,0.933815,0.879738,0,0,0,0.999933,0.930962,0.688783
0,0,0,1,0.982142,0.211596,0,0,0,0.999995,0.963643,0.718496
0,0,0,1,0.940263,1,0,0,0,1,0.958069,0.742795
0,0,0,1,0.998516,0.231736,0,0,0,0.992568,0.899828,0.696165
0,0,0,1,0.935726,0.699706,0,0,0,0.999965,0.925095,0.680348
0,0,0,0,0,0,0,0,0,0.771499,0.740737,0.546012
0,0,0,0.969261,0.936639,1,0,0,0,0.999917,0.955319,0.733738
0,0,0,1,0.944807,1,0,0,0,0.998968,0.957437,0.731826
0,0,0,1,0.939644,0.617018,0,0,0,0.996984,0.967225,0.774071
0,0,0,1,0.998407,0.210828,0,0,0,1,0.941007,0.687945
0,0,0,1,0.944696,0.430505,0,0,0,0.999997,0.953275,0.731442
0,0,0,1,0.979315,0.382924,0,0,0,0.999839,0.954478,0.746693
0,0,0,1,0.933268,0.884084,0,0,0,0.999857,0.97458,0.761184
0,0,0,0.996012,0.922195,1,0,0,0,0.999932,0.930711,0.689201
0,0,0,1,0.933986,0.833243,0,0,0,0.999715,0.952926,0.706899
0,0,0,1,0.936666,0.498222,0,0,0,0.999997,0.958693,0.710628
0,0,0,1,0.960674,0.204483,0,0,0,0.972571,0.950869,0.785638
0,0,0,1,0.949357,1,0,0,0,0.999867,0.917893,0.678753
0,0,0,1,0.942307,1,0,0,0,0.999998,0.937555,0.681091
0,0,0,1,0.980175,0.279294,0,0,0,1,0.97539,0.722429
0,0,0,0.970907,0.941225,1,0,0,0,0.823896,0.796925,0.612194
0,0,0,1,0.948997,1,0,0,0,1,0.961893,0.737347
0,0,0,1,0.946594,1,0,0,0,0.999978,0.957755,0.733738
0,0,0,1,0.937881,1,0,0,0,0.999525,0.910545,0.679923
0,0,0,0.995085,0.921897,1,0,0,0,0.999999,0.942612,0.704262
0,0,0,1,0.934744,0.79137,0,0,0,0.999997,0.955651,0.739422
0,0,0,0,0,0,0,0,0,1,0.950778,0.722527
0,0,0,1,0.94939,1,0,0,0,0.962673,0.934634,0.784814
0,0,0,1,0.946034,0.33723,0,0,0,0.999991,0.949106,0.702938
0.000816727,9.29828e-06,0,1,0.976965,0.204279,0,0,0,0.962813,0.9271,0.716219
0,0,0,1,0.937948,1,0,0,0,0.999994,0.94428,0.707405
0,0,0,0,0,0,0,0,0,0.943867,0.923868,0.743168
0,0,0,1,0.961061,0.262808,0,0,0,1,0.942612,0.692434
0,0,0,1,0.963382,0.242432,0,0,0,0.955402,0.92373,0.736021
0,0,0,1,0.931891,1,0,0,0,0.959001,0.921781,0.722135
0,0,0,0.995302,0.909329,1,0,0,0,0.999999,0.956309,0.734501
0,0,0,1,0.938423,0.658345,0,0,0,1,0.966092,0.738292
0,0,0,1,0.957171,1,0,0,0,0.984155,0.966663,0.788909
0,0,0,0.970756,0.975326,0.77184,0,0,0,0.999996,0.949201,0.709019
0,0,0,1,0.94111,1,0,0,0,0.999986,0.950227,0.7237
0,0,0,1,0.968325,0.212645,0,0,0,0.999999,0.940134,0.686895
0,0,0,1,0.945477,0.92556,0,0,0,1,0.952838,0.700485
0,0,0,0.993687,0.95024,0.853296,0,0,0,1,0.946794,0.710126
0,0,0,0,0,0,0,0,0,0.81772,0.784319,0.58053
0,0,0,1,0.95466,1,0,0,0,1,0.968201,0.73659
0,0,0,0,0,0,0,0,0,0.999999,0.932083,0.678753
0,0,0,0,0,0,0,0,0,0.901748,0.840259,0.654343
0,0,0,1,0.933806,1,0,0,0,0.998352,0.967039,0.788257
0,0,0,1,0.935294,1,0,0,0,0.999999,0.975901,0.724773
0,0,0,1,0.933455,0.981576,0,0,0,0.754373,0.708213,0.496367
0,0,0,0,0,0,0,0,0,0.999987,0.938801,0.698124
0,0,0,0,0,0,0,0,0,0.999999,0.955068,0.73848
0,0,0,1,0.970859,0.200164,0,0,0,0.999993,0.96856,0.738858
0,0,0,1,0.948017,0.464034,0,0,0,1,0.96622,0.727492
0,0,0,1,0.961258,0.263291,0,0,0,0.967163,0.942823,0.778481
0,0,0,0,0,0,0,0,0,0.881207,0.830732,0.637369
0,0,0,1,0.95572,1,0,0,0,0.999995,0.956309,0.730674
0,0,0,1,0.941882,0.537186,0,0,0,1,0.945298,0.695441
0,0,0,1,0.946914,0.499685,0,0,0,0.814496,0.777638,0.571826
0,0,0,1,0.963612,0.242987,0,0,0,1,0.973645,0.732974
0,0,0,1,0.979324,0.382202,0,0,0,0.99999,0.958924,0.731634
0,0,0,1,0.93345,0.982008,0,0,0,0.999992,0.926037,0.678647
0,0,0,1,0.940284,1,0,0,0,1,0.963984,0.728265
0,0,0,1,0.980408,0.408437,0,0,0,1,0.956472,0.700178
0,0,0,0,0,0,0,0,0,0.937897,0.914749,0.73659
0,0,0,1,0.927817,1,0,0,0,0.99438,0.988403,0.876529
0,0,0,1,0.957325,1,0,0,0,0.99999,0.934515,0.686265
0.025922,0.00293313,0,0,0,0,0,0,0,0.785802,0.752377,0.572544
0,0,0,0.991202,0.936566,1,0,0,0,0.99999,0.949106,0.739799
0,0,0,1,0.969284,0.587213,0,0,0,0.996827,0.979315,0.816699
0,0,0,1,0.923928,1,0,0,0,0.999998,0.949856,0.728845
0,0,0,1,0.98005,0.325441,0,0,0,0.999959,0.922343,0.674587
0,0,0,1,0.978577,0.194381,0,0,0,1,0.956634,0.703855
0,0,0,0,0,0,0,0,0,0.999992,0.941975,0.700997
0,0,0,0,0,0,0,0,0,0.890103,0.85753,0.678114
0,0,0,1,0.980716,0.207175,0,0,0,0.999376,0.916409,0.689933
0,0,0,1,0.948537,1,0,0,0,0.999987,0.966789,0.704465
0,0,0,1,0.994342,0.201852,0,0,0,1,0.959154,0.737725
0,0,0,1,0.96644,0.225075,0,0,0,0.987568,0.965053,0.817429
0,0,0,0,0,0,0,0,0,0.999992,0.938011,0.696784
0,0,0,1,0.942071,1,0,0,0,0.79053,0.7478,0.54695
0,0,0,1,0.972345,0.202222,0,0,0,1,0.968081,0.714927
0,0,0,0.994559,0.921727,1,0,0,0,1,0.946001,0.708515
0,0,0,1,0.998116,0.370178,0,0,0,0.941331,0.924142,0.720073
0,0,0,0,0,0,0,0,0,0.822046,0.794066,0.601945
0,0,0,1,0.936373,0.499238,0,0,0,1,0.960584,0.721449
0,0,0,1,0.933312,0.574822,0,0,0,1,0.977457,0.740925
0,0,0,1,0.938598,0.660168,0,0,0,0.999998,0.971939,0.756537
0,0,0,1,0.928177,1,0,0,0,1,0.96796,0.740737
0,0,0,1,0.980184,0.279446,0,0,0,1,0.954984,0.712732
0,0,0,1,0.949434,1,0,0,0,0.999994,0.9633,0.727007
0,0,0,1,0.94179,0.53665,0,0,0,1,0.964722,0.745213
0,0,0,1,0.944121,1,0,0,0,0.999986,0.973993,0.754915
0,0,0,1,0.941942,1,0,0,0,1,0.967899,0.743727
0,0,0,0,0,0,0,0,0,0.999999,0.930711,0.677687
0,0,0,1,0.935654,0.698689,0,0,0,0.973443,0.947769,0.749637
0,0,0,0.987284,0.997067,0.441458,0,0,0,0.921499,0.878419,0.706697
0,0,0,0.962445,0.948943,1,0,0,0,0.996676,0.968679,0.808521
0,0,0,1,0.922009,1,0,0,0,1,0.969843,0.725551
0,0,0,0.991324,0.916612,1,0,0,0,1,0.948632,0.689724
0,0,0,1,0.95482,1,0,0,0,0.999998,0.976891,0.73412
0,0,0,0,0,0,0,0,0,0.861305,0.827967,0.6508
0,0,0,1,0.939454,0.615379,0,0,0,0.999989,0.931338,0.682045
0,0,0,0,0,0,0,0,0,0.929055,0.868938,0.69368
0,0,0,1,0.936223,0.396253,0,0,0,0.885829,0.820182,0.650911
0,0,0,1,0.977793,0.487386,0,0,0,1,0.968441,0.723114
0.00179404,0.000253884,0,0,0,0,0,0,0,0.818011,0.784979,0.613352
0,0,0,0,0,0,0,0,0,0.89275,0.865679,0.665519
0,0,0,1,0.950899,1,0,0,0,0.999726,0.952486,0.737536
0,0,0,1,0.98414,0.254524,0,0,0,1,0.975343,0.71602
0,0,0,1,0.944798,1,0,0,0,0.909747,0.857649,0.684475
0,0,0,1,0.975586,0.193082,0,0,0,1,0.966726,0.743541
0,0,0,0,0,0,0,0,0,0.940024,0.922622,0.751466
0,0,0,1,0.944273,0.429337,0,0,0,0.998779,0.951774,0.73431
0,0,0,1,0.944529,0.366107,0,0,0,1,0.971184,0.746693
0,0,0,1,0.948452,1,0,0,0,0.99999,0.927495,0.680879
0,0,0,1,0.975352,0.192301,0,0,0,1,0.960287,0.742982
0,0,0,1,0.938063,1,0,0,0,0.996448,0.928149,0.696268
0,0,0,1,0.93349,0.576008,0,0,0,0.999999,0.956957,0.719679
0,0,0,1,0.933725,1,0,0,0,0.998469,0.91804,0.674587
0,0,0,1,0.934676,0.789128,0,0,0,0.858363,0.823044,0.648132
0,0,0,1,0.936673,1,0,0,0,1,0.974043,0.740362
0,0,0,1,0.911157,1,0,0,0,0.937096,0.886027,0.739046
0,0,0,1,0.950868,0.309608,0,0,0,1,0.980766,0.736211
0,0,0,1,0.950623,1,0,0,0,0.999998,0.936865,0.712432
0,0,0,1,0.933996,1,0,0,0,0.99819,0.973544,0.80271
0,0,0,1,0.963435,0.243084,0,0,0,0.965641,0.888178,0.692954
0,0,0,1,0.938538,0.428013,0,0,0,1,0.972204,0.719581
0,0,0,0,0,0,0,0,0,0.937669,0.91228,0.739799
0,0,0,1,0.973955,0.453063,0,0,0,0.999999,0.945399,0.692746
0,0,0,1,0.980153,0.224585,0,0,0,0.915205,0.880695,0.685529
0,0,0,1,0.94944,1,0,0,0,1,0.969843,0.732783
0,0,0,1,0.910616,1,0,0,0,0.999965,0.938801,0.713132
0,0,0,0,0,0,0,0,0,0.91181,0.865338,0.653016
0,0,0,1,0.945812,0.396524,0,0,0,1,0.975155,0.742608
0,0,0,0,0,0,0,0,0,0.95388,0.934155,0.76207
0,0,0,1,0.938883,0.428848,0,0,0,1,0.981239,0.752377
0,0,0,1,0.975311,0.192163,0,0,0,1,0.976265,0.721645
0,0,0,0,0,0,0,0,0,1,0.958847,0.733738
0,0,0,1,0.94494,1,0,0,0,1,0.954137,0.71123
0,0,0,0,0,0,0,0,0,0.99943,0.941654,0.708313
0,0,0,1,0.947267,0.365301,0,0,0,0.999998,0.960805,0.742235
0,0,0,1,0.958772,0.28543,0,0,0,0.999961,0.928797,0.685529
0,0,0,1,0.954079,1,0,0,0,0.959001,0.907476,0.698432
0,0,0,1,0.998114,0.370695,0,0,0,0.999908,0.964052,0.722625
0,0,0,0,0,0,0,0,0,0.999971,0.958847,0.702428
0,0,0,1,0.938402,0.658096,0,0,0,1,0.973645,0.72487
0,0,0,0,0,0,0,0,0,0.99964,0.953275,0.739422
7.36686e-05,0,0,1,0.966487,0.225187,0,0,0,0.778481,0.752377,0.603348
0,0,0,1,0.942756,0.464872,0,0,0,1,0.968915,0.743913
0,0,0,1,0.978472,0.207185,0,0,0,0.997766,0.96741,0.787278
0,0,0,1,0.919114,1,0,0,0,0.999998,0.948728,0.710025
0,0,0,0,0,0,0,0,0,0.999487,0.913213,0.671147
0,0,0,1,0.964538,1,0,0,0,0.99999,0.956391,0.730674
0,0,0,1,0.956888,1,0,0,0,0.999905,0.920361,0.674158
0,0,0,0,0,0,0,0,0,1,0.97419,0.747063
0,0,0,0,0,0,0,0,0,0.999997,0.949201,0.699665
0,0,0,1,0.949949,1,0,0,0,0.999982,0.952397,0.720565
1.69276e-05,5.96046e-07,0,0,0,0,0,0,0,0.912592,0.846704,0.649912
0,0,0,1,0.945805,0.396499,0,0,0,1,0.976714,0.723016
0,0,0,1,0.954126,0.244087,0,0,0,0.999997,0.931463,0.681303
0,0,0,0.993494,0.91258,1,0,0,0,1,0.973695,0.725649
0,0,0,0,0,0,0,0,0,0.914901,0.886617,0.672117
0,0,0,0.981115,0.924232,1,0,0,0,0.808974,0.779825,0.584212
0,0,0,1,0.980243,0.199083,0,0,0,1,0.970296,0.722723
0,0,0,1,0.937493,1,0,0,0,0.890865,0.833189,0.635901
0,0,0,1,0.952452,0.263026,0,0,0,0.998745,0.973342,0.794225
0,0,0,0,0,0,0,0,0,0.999999,0.930458,0.680985
0,0,0,1,0.958588,0.216472,0,0,0,1,0.988928,0.743354
0,0,0,1,0.998115,0.370503,0,0,0,0.999997,0.973088,0.761538
0,0,0,0.992152,0.950069,0.855178,0,0,0,0.555526,0.514606,0.371707
0,0,0,0.991025,0.914079,1,0,0,0,0.999992,0.964722,0.718199
0,0,0,1,0.97541,0.201018,0,0,0,1,0.978467,0.753285
0,0,0,1,0.97337,0.195528,0,0,0,1,0.939582,0.685634
0,0,0,0,0,0,0,0,0,0.999973,0.923868,0.673621
0,0,0,1,0.936312,0.396565,0,0,0,0.99839,0.974141,0.787278
0,0,0,1,0.950688,0.309119,0,0,0,0.99883,0.903294,0.673514
0,0,0,1,0.977787,0.487516,0,0,0,1,0.975762,0.719975
0,0,0,1,0.945672,1,0,0,0,0.985663,0.949576,0.794544
0,0,0,1,0.949531,1,0,0,0,0.999968,0.956063,0.715921
0,0,0,1,0.95572,1,0,0,0,0.959307,0.943348,0.776962
0,0,0,0,0,0,0,0,0,0.861188,0.83128,0.622574
0,0,0,1,0.924055,1,0,0,0,0.890865,0.837354,0.633297
0,0,0,1,0.938522,0.65938,0,0,0,1,0.946498,0.689201
0,0,0,1,0.953324,1,0,0,0,0.999998,0.970688,0.712832
0,0,0,1,0.98281,0.369236,0,0,0,0.998528,0.972257,0.779825
0,0,0,1,0.939573,1,0,0,0,0.999913,0.913984,0.6705
0,0,0,0,0,0,0,0,0,0.928797,0.903465,0.717507
0,0,0,1,0.985052,0.210592,0,0,0,1,0.97458,0.721547
0,0,0,1,0.955417,1,0,0,0,0.999992,0.92657,0.674479
0,0,0,1,0.942048,1,0,0,0,0.960731,0.933309,0.754373
0,0,0,1,0.945798,1,0,0,0,1,0.966028,0.734881
0,0,0,0.965637,0.935513,1,0,0,0,0.99999,0.965512,0.720958
0,0,0,1,0.941752,0.536423,0,0,0,0.883034,0.856812,0.661158
0,0,0,1,0.968366,0.212746,0,0,0,0.999988,0.934634,0.703855
0,0,0,1,0.963291,0.242211,0,0,0,0.956063,0.926968,0.776284
0,0,0,1,0.964843,1,0,0,0,0.99585,0.957675,0.746324
0,0,0,1,0.935642,0.698521,0,0,0,0.999987,0.941331,0.71423
0,0,0,1,0.952449,0.263021,0,0,0,0.999961,0.946794,0.722527
0,0,0,1,0.971214,0.204964,0,0,0,0.999999,0.954647,0.73431
0,0,0,0.989766,0.918316,1,0,0,0,0.99091,0.894605,0.681197
0,0,0,0,0,0,0,0,0,0.999997,0.947478,0.699152
0,0,0,1,0.971095,0.204629,0,0,0,0.999982,0.966474,0.716516
0,0,0,1,0.932535,1,0,0,0,0.97649,0.954052,0.78233
0,0,0,0.993129,0.930756,1,0,0,0,0.995133,0.928926,0.698329
0,0,0,1,0.965832,0.227551,0,0,0,0.946892,0.920504,0.72526
0,0,0,1,0.939549,0.616212,0,0,0,0.89275,0.85931,0.662469
0,0,0,1,0.938378,0.657852,0,0,0,0.998132,0.971833,0.778986
0,0,0,1,0.963933,0.241545,0,0,0,0.999999,0.980243,0.739422
0,0,0,1,0.973461,0.190724,0,0,0,1,0.95846,0.708112
0,0,0,1,0.938618,0.660405,0,0,0,0.997649,0.971238,0.801936
0,0,0,0.991695,0.919548,1,0,0,0,0.999963,0.927757,0.674265
0,0,0,1,0.937895,1,0,0,0,1,0.970013,0.733165
0,0,0,1,0.909565,1,0,0,0,0.936518,0.901053,0.707506
0,0,0,1,0.927736,0.657209,0,0,0,0.892937,0.859546,0.664323
0,0,0,0,0,0,0,0,0,0.948155,0.923178,0.765243
0,0,0,0,0,0,0,0,0,0.918626,0.849472,0.654232
0,0,0,1,0.910381,1,0,0,0,1,0.971129,0.736211
0,0,0,0,0,0,0,0,0,1,0.953188,0.721743
0,0,0,1,0.98281,0.369191,0,0,0,1,0.946892,0.693161
0,0,0,0.979048,0.944841,1,0,0,0,1,0.967225,0.74055
0,0,0,0,0,0,0,0,0,0.996996,0.945399,0.731826
0,0,0,0,0,0,0,0,0,0.905322,0.878523,0.710327
0,0,0,1,0.952489,0.26312,0,0,0,0.906818,0.869493,0.666822
0,0,0,1,0.934628,0.787727,0,0,0,1,0.977629,0.749454
0,0,0,0,0,0,0,0,0,0.934155,0.891244,0.703346
0,0,0,0,0,0,0,0,0,0.999695,0.912592,0.670285
0,0,0,1,0.935776,0.700413,0,0,0,0.999965,0.918918,0.688678
0,0,0,1,0.957107,1,0,0,0,0.999993,0.944893,0.723114
0,0,0,0.963038,0.933466,1,0,0,0,1,0.980205,0.731826
0,0,0,1,0.96428,1,0,0,0,0.922761,0.872347,0.699049
0,0,0,1,0.94398,1,0,0,0,0.999124,0.909425,0.670177
1.19209e-07,0,0,1,0.944872,1,0,0,0,0.852445,0.813905,0.648021
0,0,0,0.999839,0.936913,1,0,0,0,0.999981,0.954393,0.706494
0,0,0,1,0.950748,1,0,0,0,0.999987,0.925365,0.677474
0,0,0,1,0.950237,0.28599,0,0,0,1,0.967101,0.742608
0,0,0,1,0.937735,1,0,0,0,0.973494,0.943034,0.73412
0,0,0,1,0.93447,1,0,0,0,0.997042,0.974629,0.810329
0.000347673,2.3484e-05,0,0,0,0,0,0,0,0.999999,0.934035,0.679604
0,0,0,1,0.9768,0.203538,0,0,0,0.976847,0.950595,0.748536
0,0,0,1,0.980125,0.198539,0,0,0,0.981382,0.950227,0.798344
0,0,0,1,0.938424,0.658347,0,0,0,0.999711,0.954393,0.733738
0,0,0,1,0.912132,1,0,0,0,1,0.981701,0.764012
0,0,0,1,0.946543,1,0,0,0,0.861655,0.83128,0.656218
0,0,0,1,0.955242,1,0,0,0,1,0.975296,0.76207
0,0,0,1,0.946846,0.499344,0,0,0,0.999883,0.932944,0.696371
0,0,0,1,0.963369,0.242401,0,0,0,0.999999,0.927495,0.681303
0,0,0,1,0.936175,0.498543,0,0,0,0.999998,0.934873,0.680242
0,0,0,1,0.949151,1,0,0,0,0.999983,0.947381,0.731059
0,0,0,1,0.933996,0.834186,0,0,0,0.981382,0.967533,0.77081
0,0,0,1,0.934036,1,0,0,0,0.999997,0.932453,0.71113
0,0,0,0,0,0,0,0,0,0.884039,0.810779,0.636014
0,0,0,1,0.938558,0.428091,0,0,0,0.937096,0.90053,0.722233
0,0,0,1,0.958508,0.216255,0,0,0,0.937783,0.898944,0.713332
0,0,0,1,0.943792,1,0,0,0,0.876845,0.851336,0.656548
0,0,0,0.991247,0.914148,1,0,0,0,0.99998,0.923592,0.675122
0,0,0,0,0,0,0,0,0,0.895523,0.862699,0.66061
0,0,0,0.964894,0.962711,0.929194,0,0,0,1,0.966347,0.742795
0,0,0,1,0.978414,0.185037,0,0,0,0.999997,0.944485,0.706697
0,0,0,1,0.933261,0.884867,0,0,0,0.999998,0.964855,0.743168
0,0,0,1,0.955493,1,0,0,0,1,0.947769,0.708313
0,0,0,1,0.934745,0.791386,0,0,0,0.999849,0.947672,0.705278
0,0,0,1,0.919521,1,0,0,0,0.893309,0.864425,0.687105
0,0,0,0,0,0,0,0,0,0.999775,0.948442,0.714528
0,0,0,0.98832,0.997086,0.440834,0,0,0,0.999999,0.966347,0.742422
0,0,0,1,0.94088,0.577069,0,0,0,0.999951,0.954984,0.71123
0,0,0,1,0.980401,0.408804,0,0,0,0.999992,0.960435,0.716318
0,0,0,1,0.961509,0.707457,0,0,0,0.99607,0.899475,0.672224
0,0,0,1,0.947624,0.365661,0,0,0,0.998147,0.957118,0.730097
0,0,0,1,0.958369,1,0,0,0,1,0.975343,0.733165
0,0,0,1,0.945404,1,0,0,0,1,0.944587,0.689933
0,0,0,1,0.933522,1,0,0,0,0.999994,0.966474,0.725065
0,0,0,1,0.971004,0.200543,0,0,0,0.999245,0.971238,0.766119
0,0,0,1,0.94622,0.336407,0,0,0,1,0.955402,0.727104
0,0,0,1,0.947417,0.365001,0,0,0,1,0.942401,0.711631
0,0,0,0,0,0,0,0,0,0.81582,0.784814,0.578984
0,0,0,1,0.949106,0.310154,0,0,0,0.99999,0.957358,0.713232
0,0,0,1,0.971057,0.200682,0,0,0,0.999988,0.923592,0.681091
0,0,0,1,0.951558,1,0,0,0,1,0.93835,0.70477
0,0,0,0,0,0,0,0,0,0.871475,0.842734,0.640973
0,0,0,1,0.933998,0.83428,0,0,0,0.915809,0.881819,0.689828
0,0,0,1,0.949268,0.335976,0,0,0,1,0.940898,0.686055
0,0,0,1,0.945371,0.926706,0,0,0,1,0.973443,0.738858
0,0,0,0.989621,0.913639,1,0,0,0,1,0.963437,0.744656
0,0,0,0,0,0,0,0,0,0.94366,0.920932,0.732783
0,0,0,1,0.946463,0.337127,0,0,0,1,0.958847,0.709925
0,0,0,1,0.934199,1,0,0,0,0.984396,0.921499,0.734501
0,0,0,1,0.935785,0.700522,0,0,0,0.99993,0.9463,0.71123
0,0,0,1,0.951004,0.28632,0,0,0,0.999981,0.956796,0.713531
0,0,0,1,0.982204,0.211984,0,0,0,0.999998,0.968081,0.745028
0,0,0,1,0.933724,1,0,0,0,0.99402,0.898053,0.66888
0,0,0,1,0.967749,0.639606,0,0,0,0.999999,0.939913,0.687735
7.93902e-05,3.9339e-06,0,0,0,0,0,0,0,1,0.974677,0.742795
0,0,0,1,0.926944,1,0,0,0,0.959001,0.94366,0.777131
0,0,0,1,0.935203,0.743344,0,0,0,1,0.953188,0.706292
0,0,0,1,0.976915,0.195007,0,0,0,0.999376,0.960657,0.727007
0,0,0,0,0,0,0,0,0,0.999999,0.937897,0.682468
0,0,0,0.976111,0.935028,1,0,0,0,1,0.968201,0.744471
0,0,0,1,0.937285,1,0,0,0,0.999997,0.953275,0.717705
0,0,0,1,0.976921,0.185388,0,0,0,0.973645,0.88779,0.681621
0,0,0,1,0.938344,1,0,0,0,0.999997,0.965576,0.726717
0,0,0,0,0,0,0,0,0,0.940463,0.923178,0.751283
0,0,0,1,0.976968,0.204296,0,0,0,0.981311,0.928668,0.717606
0,0,0,1,0.933265,0.882458,0,0,0,0.992214,0.950686,0.729905
0,0,0,1,0.915596,1,0,0,0,0.999998,0.944689,0.706089
0,0,0,0.977912,0.934683,1,0,0,0,0.999994,0.972415,0.746509
0,0,0,1,0.933719,1,0,0,0,0.999984,0.949012,0.743727
0,0,0,1,0.93616,1,0,0,0,0.999996,0.93744,0.702428
0,0,0,1,0.96583,0.227545,0,0,0,0.999642,0.925365,0.684686
0,0,0,1,0.968566,0.213254,0,0,0,1,0.968141,0.721939
0,0,0,1,0.980266,0.199188,0,0,0,0.859074,0.796292,0.587943
0,0,0,0.989026,0.936237,1,0,0,0,0.971347,0.946498,0.793106
0,0,0,1,0.963477,0.242661,0,0,0,1,0.974773,0.714728
0,0,0,0,0,0,0,0,0,0.990292,0.937211,0.754915
0,0,0,1,0.950147,1,0,0,0,0.99999,0.9699,0.75037
0,0,0,1,0.944956,1,0,0,0,0.99703,0.951414,0.747984
0,0,0,1,0.955058,1,0,0,0,1,0.97801,0.730386
0,0,0,1,0.948984,0.336141,0,0,0,1,0.941223,0.684791
0,0,0,1,0.971156,0.20094,0,0,0,0.999999,0.934753,0.678753
0,0,0,1,0.955828,0.230017,0,0,0,0.943452,0.909907,0.719778
0,0,0,1,0.980061,0.326022,0,0,0,0.999999,0.966283,0.741112
0,0,0,1,0.93345,1,0,0,0,1,0.955486,0.696165
0,0,0,0,0,0,0,0,0,0.999992,0.969091,0.721743
0,0,0,1,0.981575,0.296164,0,0,0,1,0.952309,0.717012
0,0,0,1,0.941578,1,0,0,0,0.999379,0.966726,0.763484
0,0,0,0.993136,0.917193,1,0,0,0,1,0.957198,0.699562
0,0,0,0.978057,0.928148,1,0,0,0,0.99917,0.964789,0.741674
0,0,0,1,0.950806,1,0,0,0,0.999994,0.958538,0.706697
0,0,0,1,0.973366,0.195517,0,0,0,1,0.976714,0.729423
0,0,0,0.995046,0.950389,0.851645,0,0,0,0.999995,0.936401,0.712732
0,0,0,0.995742,0.909454,1,0,0,0,1,0.972831,0.73659
0,0,0,1,0.955768,0.22986,0,0,0,1,0.973993,0.731059
0,0,0,0,0,0,0,0,0,1,0.936981,0.683102
0,0,0,1,0.933718,1,0,0,0,1,0.96525,0.731251
0,0,0,1,0.93715,1,0,0,0,1,0.975202,0.727685
0,0,0,0,0,0,0,0,0,1,0.974629,0.749087
0,0,0,1,0.937972,1,0,0,0,1,0.972727,0.734691
0,0,0,0.989723,0.929663,1,0,0,0,0.963712,0.944791,0.780328
0,0,0,1,0.934053,0.837751,0,0,0,0.999998,0.953275,0.727782
0,0,0,0,0,0,0,0,0,0.999989,0.938237,0.697712
0,0,0,1,0.963296,0.242223,0,0,0,1,0.95222,0.70202
0,0,0,1,0.933694,0.928099,0,0,0,0.867261,0.836688,0.640861
0,0,0,1,0.933694,0.927888,0,0,0,0.950595,0.91383,0.716318
0,0,0,1,0.935249,0.744249,0,0,0,0.983407,0.962953,0.7773
0,0,0,1,0.933409,0.575472,0,0,0,0.999787,0.950319,0.705278
0,0,0,0,0,0,0,0,0,0.970409,0.93233,0.718199
0,0,0,1,0.970831,0.200091,0,0,0,1,0.948822,0.697197
0,0,0,1,0.97394,0.453527,0,0,0,1,0.956553,0.718298
0,0,0,1,0.968499,0.213084,0,0,0,0.999,0.893495,0.669853
0,0,0,1,0.933816,0.878028,0,0,0,0.999872,0.922203,0.677047
0,0,0,0,0,0,0,0,0,0.999984,0.940353,0.70028
0,0,0,1,0.941647,1,0,0,0,0.999908,0.947186,0.726037
0,0,0,1,0.941628,1,0,0,0,1,0.970296,0.733738
0,0,0,1,0.974161,0.490821,0,0,0,1,0.947575,0.700588
0,0,0,0,0,0,0,0,0,1,0.970521,0.733547
0,0,0,1,0.939434,1,0,0,0,0.958148,0.935465,0.695338
0,0,0,1,0.946096,1,0,0,0,0.999994,0.946892,0.727589
0,0,0,0,0,0,0,0,0,0.978672,0.958069,0.784484
0,0,0,1,0.984652,0.23163,0,0,0,0.999501,0.957118,0.718496
0,0,0,1,0.947547,1,0,0,0,1,0.970127,0.739611
0,0,0,1,0.949813,1,0,0,0,0.99585,0.944485,0.724286
0,0,0,1,0.970873,0.200201,0,0,0,0.999993,0.961171,0.721449
0,0,0,0,0,0,0,0,0,0.972257,0.927626,0.732592
0,0,0,1,0.957588,1,0,0,0,1,0.959687,0.723114
0,0,0,1,0.940683,0.575696,0,0,0,0.999256,0.951594,0.725357
0,0,0,0,0,0,0,0,0,0.883236,0.852076,0.651022
0,0,0,0.969826,0.931406,1,0,0,0,1,0.956796,0.721253
0,0,0,1,0.927681,0.656699,0,0,0,1,0.951142,0.69987
0,0,0,1,0.944066,1,0,0,0,0.993255,0.963575,0.792143
0,0,0,1,0.937822,1,0,0,0,1,0.973544,0.732209
0,0,0,0,0,0,0,0,0,1,0.949576,0.698638
0,0,0,1,0.939479,1,0,0,0,1,0.943556,0.687945
0,0,0,1,0.958618,0.216554,0,0,0,0.999892,0.958693,0.710729
0,0,0,1,0.984199,0.255251,0,0,0,0.999999,0.972046,0.742608
0,0,0,1,0.975581,0.193064,0,0,0,1,0.964921,0.724773
0,0,0,0,0,0,0,0,0,0.939913,0.922343,0.751283
0,0,0,1,0.958721,0.216831,0,0,0,0.999974,0.967656,0.735071
0,0,0,0.996234,0.922266,1,0,0,0,0.960063,0.921922,0.7181
0,0,0,1,0.940323,1,0,0,0,1,0.971184,0.724481
0.000125043,1.15632e-05,0,0,0,0,0,0,0,0.999999,0.930078,0.678859
0,0,0,1,0.947425,1,0,0,0,0.999997,0.929951,0.676192
0,0,0,0,0,0,0,0,0,0.999702,0.953794,0.741487
0,0,0,1,0.933629,0.975935,0,0,0,0.998774,0.961244,0.719975
0,0,0,0,0,0,0,0,0,1,0.972415,0.746139
0,0,0,0,0,0,0,0,0,0.999991,0.946695,0.720565
0,0,0,1,0.934484,1,0,0,0,0.99997,0.955152,0.707506
0,0,0,1,0.935162,0.742507,0,0,0,0.999745,0.952131,0.73659
0,0,0,1,0.92728,1,0,0,0,0.96944,0.946001,0.781664
0,0,0,1,0.943652,1,0,0,0,1,0.974869,0.722233
0,0,0,0,0,0,0,0,0,0.955152,0.91383,0.692642
0,0,0,1,0.930939,1,0,0,0,1,0.954732,0.721547
0,0,0,1,0.925064,1,0,0,0,0.999996,0.959611,0.732974
0,0,0,0.967278,0.928852,1,0,0,0,0.999902,0.91383,0.670932
0.0200721,0.00652386,0,0,0,0,0,0,0,0.999997,0.951863,0.721547
0,0,0,1,0.937782,1,0,0,0,0.86916,0.841956,0.644337
0,0,0,1,0.927705,0.656923,0,0,0,0.916857,0.891434,0.712032
0,0,0,1,0.945386,1,0,0,0,0.999692,0.903465,0.678114
0,0,0,1,0.941691,0.536061,0,0,0,0.918334,0.866472,0.706899
0,0,0,1,0.963441,0.242573,0,0,0,0.999985,0.922761,0.674908
0,0,0,1,0.94801,0.464004,0,0,0,1,0.979551,0.765243
0,0,0,0.96774,0.930829,1,0,0,0,0.999999,0.967778,0.729134
0,0,0,1,0.919961,1,0,0,0,0.986363,0.961316,0.754192
0,0,0,1,0.967743,0.639711,0,0,0,1,0.959383,0.691497
0,0,0,1,0.950802,1,0,0,0,0.999999,0.977328,0.750736
0,0,0,0,0,0,0,0,0,1,0.949012,0.709019
0,0,0,1,0.93745,1,0,0,0,0.993069,0.958538,0.743541
0,0,0,1,0.935275,0.744689,0,0,0,1,0.969498,0.731442
0,0,0,0,0,0,0,0,0,0.999873,0.944689,0.703448
0,0,0,1,0.933258,0.884603,0,0,0,0.99811,0.967225,0.790369
0,0,0,1,0.944397,0.365691,0,0,0,0.999967,0.936285,0.690455
0,0,0,1,0.957079,1,0,0,0,1,0.982889,0.731826
0,0,0,1,0.980402,0.408758,0,0,0,0.999757,0.972934,0.756178
0,0,0,1,0.984078,0.253767,0,0,0,1,0.964522,0.739422
0,0,0,1,0.925412,0.743512,0,0,0,1,0.970521,0.73412
0,0,0,1,0.982624,0.226564,0,0,0,0.999999,0.971992,0.710025
1.19209e-07,0,0,1,0.974209,0.489596,0,0,0,0.80147,0.762601,0.547555
0,0,0,0,0,0,0,0,0,0.999999,0.96175,0.725454
0,0,0,1,0.981323,0.345879,0,0,0,1,0.96856,0.738292
0,0,0,1,0.941372,1,0,0,0,0.999999,0.937555,0.681939
0,0,0,1,0.933823,1,0,0,0,0.999862,0.967717,0.731059
0,0,0,1,0.97096,0.204246,0,0,0,0.996434,0.949576,0.733738
0,0,0,1,0.931885,1,0,0,0,0.999992,0.934991,0.692434
0,0,0,1,0.981521,0.294991,0,0,0,0.940243,0.916409,0.737536
0,0,0,1,0.98281,0.369339,0,0,0,0.99965,0.91611,0.673836
0,0,0,1,0.966087,0.224479,0,0,0,1,0.972623,0.732209
0,0,0,0,0,0,0,0,0,0.993461,0.959762,0.754915
0,0,0,1,0.909883,1,0,0,0,1,0.971725,0.741861
0,0,0,1,0.93601,1,0,0,0,1,0.97231,0.735071
0,0,0,1,1,0.266636,0,0,0,0.92523,0.877791,0.650356
0,0,0,1,0.981317,0.345196,0,0,0,1,0.966726,0.695648
0,0,0,1,0.942374,1,0,0,0,1,0.940243,0.686055
0,0,0,0,0,0,0,0,0,0.822046,0.789396,0.60935
0,0,0,1,0.938936,1,0,0,0,1,0.966283,0.738103
0,0,0,1,0.990157,0.533337,0,0,0,0.969957,0.945801,0.796767
0,0,0,1,0.934888,0.534983,0,0,0,1,0.97826,0.764012
0,0,0,0.990932,0.91405,1,0,0,0,0.998457,0.934155,0.721351
0,0,0,1,0.950789,0.285767,0,0,0,1,0.973342,0.730097
0,0,0,1,0.974185,0.490215,0,0,0,0.999988,0.937897,0.701406
0,0,0,0,0,0,0,0,0,0.899828,0.871256,0.683631
0,0,0,1,0.954832,1,0,0,0,0.999999,0.930836,0.678433
0,0,0,1,0.969178,0.209847,0,0,0,0.999995,0.948251,0.740737
0,0,0,1,0.939365,1,0,0,0,0.999999,0.949856,0.729231
0,0,0,1,0.985101,0.210915,0,0,0,0.999979,0.948346,0.732974
0,0,0,0.99198,0.982535,0.695642,0,0,0,1,0.969728,0.733738
0,0,0,1,0.941167,1,0,0,0,1,0.957675,0.729712
0,0,0,1,0.946717,0.336713,0,0,0,0.858481,0.803174,0.586345
0,0,0,1,0.935641,1,0,0,0,1,0.956391,0.741674
0,0,0,1,0.944452,0.365863,0,0,0,0.997327,0.931587,0.698124
0,0,0,1,0.933255,0.884461,0,0,0,1,0.944177,0.684791
0,0,0,1,0.998439,0.231027,0,0,0,1,0.974435,0.751101
0,0,0,1,0.910538,1,0,0,0,0.999993,0.983085,0.800068
0,0,0,1,1,0.26709,0,0,0,0.932576,0.892937,0.682891
0,0,0,0.994624,0.909135,1,0,0,0,0.794066,0.765243,0.569912
0,0,0,1,0.982336,0.245173,0,0,0,0.999864,0.946794,0.71423
0,0,0,0,0,0,0,0,0,0.881002,0.850841,0.677367
0,0,0,1,0.950854,1,0,0,0,0.999999,0.943764,0.714827
0,0,0,1,0.965781,0.227425,0,0,0,1,0.945399,0.693784
0.000541302,5.72203e-06,0,0,0,0,0,0,0,0.870267,0.839997,0.674479
7.51016e-06,4.76837e-07,0,0,0,0,0,0,0,0.855972,0.824179,0.649579
0,0,0,1,0.951649,1,0,0,0,0.995479,0.966092,0.807612
0,0,0,0,0,0,0,0,0,1,0.932207,0.677581
0,0,0,1,0.94605,0.39674,0,0,0,0.999654,0.93511,0.693265
0,0,0,0.992839,0.950145,0.854333,0,0,0,0.999956,0.955651,0.737536
0,0,0,1,0.938615,0.42832,0,0,0,0.965706,0.931587,0.730001
0,0,0,1,0.937993,0.463797,0,0,0,0.922622,0.891999,0.721056
0,0,0,1,0.951677,1,0,0,0,0.902093,0.877477,0.691602
0,0,0,1,0.943461,1,0,0,0,1,0.958069,0.727782
0,0,0,1,0.933691,1,0,0,0,1,0.971564,0.730386
0,0,0,0,0,0,0,0,0,0.89275,0.862468,0.669637
0,0,0,0,0,0,0,0,0,0.90813,0.886813,0.703448
0,0,0,1,0.954344,0.244631,0,0,0,1,0.953188,0.715225
0,0,0,0.968761,0.931113,1,0,0,0,1,0.969728,0.738292
0,0,0,1,0.923906,1,0,0,0,1,0.975107,0.715523
0,0,0,1,0.957444,1,0,0,0,1,0.976038,0.720565
0,0,0,0,0,0,0,0,0,0.85753,0.82755,0.620047
0,0,0,1,0.944625,0.430231,0,0,0,0.999902,0.952486,0.71103
0,0,0,1,0.933607,0.977138,0,0,0,0.999997,0.938688,0.686685
0,0,0,1,0.933269,0.884159,0,0,0,1,0.956634,0.717408
0,0,0,0,0,0,0,0,0,0.99488,0.924688,0.691081
0.000107283,1.3709e-05,0,0,0,0,0,0,0,0.999827,0.913368,0.677047
0,0,0,1,0.985064,0.210673,0,0,0,0.999987,0.973292,0.752195
0,0,0,1,0.949375,1,0,0,0,0.998964,0.962883,0.737725
0,0,0,0,0,0,0,0,0,0.95096,0.922622,0.737914
0,0,0,0,0,0,0,0,0,0.815526,0.787278,0.593433
0,0,0,0.983001,0.971451,0.840656,0,0,0,0.999999,0.937897,0.68458
0,0,0,1,0.954452,0.2449,0,0,0,1,0.975296,0.718397
0,0,0,1,0.975623,0.193207,0,0,0,0.958226,0.927363,0.709824
0,0,0,1,0.975955,0.3826,0,0,0,0.999998,0.958538,0.688049
0,0,0,1,0.93526,0.744425,0,0,0,1,0.976084,0.721449
0,0,0,1,0.950171,0.285813,0,0,0,0.882428,0.856453,0.660939
0,0,0,0,0,0,0,0,0,0.938124,0.914749,0.733929
0,0,0,1,0.926756,1,0,0,0,0.852076,0.816845,0.640973
0,0,0,1,0.927272,1,0,0,0,0.99999,0.961244,0.70791
0,0,0,0,0,0,0,0,0,0.934873,0.873539,0.698432
0,0,0,0,0,0,0,0,0,0.96944,0.951051,0.74872
0,0,0,1,0.99359,0.441691,0,0,0,0.999981,0.956957,0.747063
0,0,0,1,0.976932,0.411016,0,0,0,1,0.959001,0.702224
0,0,0,1,0.950925,0.286117,0,0,0,0.999574,0.984456,0.811527
0,0,0,1,0.946009,1,0,0,0,0.998352,0.910067,0.67971
1.43051e-06,0,0,0,0,0,0,0,0,0.999998,0.961389,0.727879
0,0,0,1,0.95647,0.227128,0,0,0,0.999984,0.957675,0.74055
0,0,0,1,0.933685,1,0,0,0,1,0.975484,0.746324
0,0,0,0,0,0,0,0,0,0.999826,0.941115,0.701815
0,0,0,1,0.981568,0.296011,0,0,0,0.904987,0.878835,0.719778
0,0,0,1,0.935207,0.536796,0,0,0,0.999977,0.940681,0.697918
0,0,0,1,1,0.266347,0,0,0,0.964321,0.943971,0.774754
0,0,0,1,0.955159,1,0,0,0,0.997007,0.993096,0.90599
0,0,0,1,0.94914,1,0,0,0,0.977328,0.956063,0.787931
0,0,0,1,0.984114,0.254203,0,0,0,1,0.952131,0.727685
0,0,0,1,0.980365,0.410585,0,0,0,1,0.975296,0.724286
0,0,0,1,0.968357,0.212725,0,0,0,1,0.971833,0.713432
0,0,0,1,0.926987,1,0,0,0,0.999997,0.974677,0.726037
0,0,0,1,0.944065,1,0,0,0,0.999996,0.966474,0.746693
0,0,0,1,0.949618,1,0,0,0,0.964855,0.92657,0.706494
0,0,0,1,0.933722,0.926525,0,0,0,0.999547,0.934873,0.710126
0,0,0,1,0.938741,0.428291,0,0,0,0.999987,0.968856,0.747063
0,0,0,0,0,0,0,0,0,0.999993,0.929055,0.681727
0,0,0,0.99393,0.908937,1,0,0,0,0.999997,0.946101,0.7237
0,0,0,1,0.93432,1,0,0,0,0.999991,0.962036,0.721056
0,0,0,1,0.934207,1,0,0,0,0.999934,0.961316,0.731059
0,0,0,1,0.935352,0.746188,0,0,0,0.991084,0.973443,0.807005
0,0,0,1,0.925374,0.742851,0,0,0,0.667256,0.630571,0.46797
0,0,0,1,0.95416,0.244173,0,0,0,1,0.959154,0.735452
0,0,0,1,0.930999,1,0,0,0,1,0.970688,0.734691
0,0,0,1,0.942758,0.464881,0,0,0,0.99997,0.943138,0.721449
0,0,0,1,0.932382,0.933845,0,0,0,0.999989,0.962108,0.714728
0,0,0,0,0,0,0,0,0,0.978135,0.9463,0.766818
0,0,0,0.992658,0.930607,1,0,0,0,0.997232,0.979707,0.826292
0,0,0,0,0,0,0,0,0,0.867148,0.829077,0.634543
0,0,0,1,0.975472,0.20126,0,0,0,1,0.950134,0.697506
0,0,0,1,0.955508,1,0,0,0,0.999999,0.943764,0.70619
0,0,0,0.96803,0.93091,1,0,0,0,0.999998,0.950595,0.71889
0,0,0,0.997813,0.922769,1,0,0,0,1,0.970854,0.748168
0,0,0,1,0.944414,0.429423,0,0,0,0.999639,0.938124,0.695545
0,0,0,1,0.949383,1,0,0,0,0.999968,0.955486,0.746139
0,0,0,0,0,0,0,0,0,0.999996,0.947962,0.69987
0,0,0,1,0.951409,1,0,0,0,0.999993,0.962391,0.738858
0,0,0,0,0,0,0,0,0,0.879147,0.842992,0.706292
0,0,0,1,0.944993,1,0,0,0,1,0.96856,0.739799
0,0,0,1,0.972254,0.201921,0,0,0,0.968141,0.941654,0.781164
0,0,0,1,0.909253,1,0,0,0,1,0.973088,0.723602
0,0,0,1,0.931436,1,0,0,0,0.996802,0.914749,0.68616
0,0,0,1,0.928813,0.614947,0,0,0,0.989055,0.971564,0.813461
0,0,0,1,0.951479,1,0,0,0,0.999999,0.961534,0.73848
0,0,0,0,0,0,0,0,0,1,0.967287,0.748168
0,0,0,1,0.982322,0.245023,0,0,0,0.999999,0.955817,0.717012
0,0,0,1,0.948066,0.464254,0,0,0,0.945298,0.90599,0.703244
0,0,0,0.98712,0.997064,0.441556,0,0,0,0.999958,0.961244,0.7324
0,0,0,1,0.949321,1,0,0,0,0.999996,0.936634,0.696165
0,0,0,1,0.935158,0.536521,0,0,0,1,0.945801,0.698124
0,0,0,1,0.934115,1,0,0,0,0.999978,0.971402,0.751466
0,0,0,0.971825,0.911497,1,0,0,0,0.943764,0.896433,0.706089
0,0,0,1,0.977762,0.488055,0,0,0,1,0.961965,0.749637
0,0,0,1,0.975322,0.192201,0,0,0,1,0.971939,0.726134
0,0,0,1,0.939638,1,0,0,0,0.999988,0.962462,0.716119
0,0,0,1,0.971106,0.200809,0,0,0,0.999994,0.962391,0.739611
0,0,0,1,0.936386,0.4993,0,0,0,1,0.981771,0.718594
0,0,0,1,0.951311,1,0,0,0,0.891055,0.865224,0.669205
0,0,0,1,0.940617,1,0,0,0,1,0.974629,0.726911
0,0,0,1,0.981328,0.346377,0,0,0,1,0.967533,0.72952
0,0,0,1,0.951747,0.264582,0,0,0,1,0.970013,0.732018
0,0,0,0,0,0,0,0,0,0.909907,0.860369,0.658198
0,0,0,1,0.939676,0.617306,0,0,0,0.999999,0.964855,0.732783
0,0,0,0.993803,0.91266,1,0,0,0,1,0.961025,0.7413
0,0,0,1,0.961438,0.70837,0,0,0,0.999894,0.917893,0.668988
0,0,0,1,0.934467,1,0,0,0,0.999992,0.942718,0.71403
0,0,0,1,0.982255,0.212299,0,0,0,1,0.973894,0.742235
0,0,0,1,0.947673,0.365815,0,0,0,0.957755,0.943348,0.776114
0,0,0,1,0.984637,0.231502,0,0,0,1,0.975012,0.714628
0,0,0,0,0,0,0,0,0,0.930205,0.901053,0.7011
0,0,0,1,0.970902,0.200277,0,0,0,0.99703,0.978955,0.813757
0,0,0,0.948583,0.961345,1,0,0,0,1,0.960584,0.710528
0,0,0,1,0.954162,0.244178,0,0,0,1,0.963712,0.732018
0,0,0,1,0.957566,1,0,0,0,0.826011,0.795181,0.588653
0,0,0,0,0,0,0,0,0,0.927495,0.899828,0.707101
0,0,0,1,0.956372,0.23039,0,0,0,0.998439,0.955981,0.748904
0,0,0,0.981538,0.924373,1,0,0,0,0.999986,0.927495,0.678966
0,0,0,1,0.933991,0.833976,0,0,0,1,0.971725,0.725454
0,0,0,0,0,0,0,0,0,0.999968,0.956472,0.715821
0,0,0,1,0.935296,0.745035,0,0,0,0.999998,0.948058,0.726329
0,0,0,1,0.922058,0.879214,0,0,0,1,0.964321,0.729231
0,0,0,1,0.944308,0.365405,0,0,0,0.999983,0.965512,0.732974
0,0,0,1,0.984148,0.25462,0,0,0,1,0.965512,0.709724
0,0,0,1,0.948152,0.31073,0,0,0,0.999984,0.946001,0.721449
0,0,0,1,0.940248,1,0,0,0,1,0.953622,0.70416
0,0,0,0,0,0,0,0,0,0.844024,0.811228,0.650245
0,0,0,1,0.944791,1,0,0,0,0.944995,0.914291,0.761184
0,0,0,1,0.942404,1,0,0,0,0.971564,0.953622,0.808823
0,0,0,1,0.93839,0.657976,0,0,0,0.999996,0.975716,0.763836
0,0,0,1,0.990209,0.532305,0,0,0,0.999996,0.96862,0.732783
0,0,0,1,0.950298,1,0,0,0,0.956063,0.927363,0.776962
0,0,0,1,0.943477,1,0,0,0,0.989909,0.935817,0.741112
0,0,0,1,0.962838,0.202585,0,0,0,0.999999,0.973241,0.741112
0,0,0,0,0,0,0,0,0,0.935228,0.909265,0.716913
0,0,0,0,0,0,0,0,0,0.946498,0.922343,0.757077
0,0,0,1,0.939357,1,0,0,0,0.975577,0.953275,0.800068
0,0,0,0.990354,0.929868,1,0,0,0,0.999995,0.964522,0.720663
0,0,0,1,0.984682,0.294719,0,0,0,0.997809,0.962953,0.735452
0,0,0,1,0.945145,0.929134,0,0,0,0.999992,0.932576,0.678114
0,0,0,0,0,0,0,0,0,0.999898,0.918772,0.674265
0,0,0,0,0,0,0,0,0,0.999994,0.963161,0.720073
0,0,0,0,0,0,0,0,0,1,0.961822,0.73848
0,0,0,1,0.944913,1,0,0,0,0.999807,0.92079,0.687735
0,0,0,1,0.98281,0.369376,0,0,0,1,0.965576,0.735642
0,0,0,1,0.933982,0.83358,0,0,0,0.984032,0.946001,0.741487
0,0,0,1,0.953204,1,0,0,0,0.999887,0.942082,0.710628
0,0,0,0,0,0,0,0,0,0.962813,0.931088,0.742795
0,0,0,1,0.945386,0.926543,0,0,0,0.999983,0.922062,0.700178
0,0,0,0,0,0,0,0,0,0.816553,0.786295,0.583975
0,0,0,1,0.933461,0.575822,0,0,0,1,0.972204,0.731442
0,0,0,0.982029,0.972746,0.586726,0,0,0,0.999807,0.954647,0.713432
0,0,0,1,0.937755,1,0,0,0,1,0.979235,0.744656
0,0,0,0.992786,0.912395,1,0,0,0,0.962813,0.94366,0.779825
0,0,0,1,0.934377,1,0,0,0,0.999994,0.974043,0.745584
0,0,0,0,0,0,0,0,0,0.902781,0.863046,0.7181
0,0,0,1,0.975621,0.201833,0,0,0,0.829768,0.798658,0.589539
0,0,0,0.963178,0.962486,0.931554,0,0,0,1,0.971833,0.743541
0,0,0,1,1,0.266766,0,0,0,1,0.942612,0.684053
0,0,0,1,0.977544,0.530392,0,0,0,0.999981,0.94428,0.718594
0,0,0,1,0.947854,1,0,0,0,0.817283,0.786295,0.566438
0,0,0,1,0.938818,0.428595,0,0,0,0.918918,0.887595,0.697712
0,0,0,0,0,0,0,0,0,0.792946,0.75183,0.546103
0,0,0,1,0.948104,0.310594,0,0,0,0.999999,0.927495,0.679285
0,0,0,1,0.970934,0.20036,0,0,0,0.999898,0.915356,0.671471
0,0,0,1,0.984212,0.255405,0,0,0,1,0.964789,0.732974
0,0,0,1,0.926863,1,0,0,0,0.999704,0.960878,0.721547
0,0,0,1,0.933718,0.927269,0,0,0,0.861771,0.835215,0.648021
0,0,0,1,0.982569,0.226129,0,0,0,0.910067,0.880695,0.686475
0,0,0,1,0.93869,0.42809,0,0,0,0.99998,0.955486,0.681515
0,0,0,1,0.951303,1,0,0,0,1,0.96641,0.743913
0,0,0,0,0,0,0,0,0,0.999884,0.926437,0.68342
0,0,0,1,0.963356,0.24237,0,0,0,1,0.942188,0.685739
0,0,0,0.963517,0.933618,1,0,0,0,1,0.968261,0.736969
0,0,0,1,0.957212,1,0,0,0,0.999997,0.937897,0.682679
0,0,0,0,0,0,0,0,0,0.999973,0.921499,0.674479
0,0,0,1,0.951615,1,0,0,0,0.999961,0.959687,0.742048
0,0,0,1,0.946238,0.336457,0,0,0,1,0.964789,0.726814
0,0,0,0.969484,0.975209,0.77324,0,0,0,0.999998,0.946498,0.707708
0,0,0,1,0.945653,0.39596,0,0,0,0.999997,0.949012,0.725551
0,0,0,1,0.931483,0.984633,0,0,0,1,0.977756,0.764364
0,0,0,1,0.946897,0.4996,0,0,0,1,0.942507,0.69181
0,0,0,1,0.960674,0.204484,0,0,0,0.937555,0.919643,0.747616
0,0,0,1,0.944493,0.365995,0,0,0,0.886813,0.843122,0.630116
0,0,0,1,0.92297,1,0,0,0,0.940024,0.903975,0.703651
0,0,0,1,0.942683,0.498317,0,0,0,1,0.941115,0.685318
0.00131937,2.96827e-05,0,1,0.944345,0.429622,0,0,0,0.9879,0.959762,0.752377
0,0,0,1,0.946087,1,0,0,0,0.964656,0.917746,0.71123
0,0,0,1,0.981337,0.347278,0,0,0,0.999651,0.924688,0.680348
0,0,0,1,0.955483,1,0,0,0,1,0.948346,0.703244
0,0,0,1,0.953315,1,0,0,0,1,0.961171,0.744099
0,0,0,1,0.963591,0.242935,0,0,0,1,0.973944,0.750918
0,0,0,1,0.966124,0.224564,0,0,0,0.946498,0.900004,0.741674
0,0,0,1,0.956656,1,0,0,0,0.870157,0.841174,0.669421
0,0,0,0.988772,0.917994,1,0,0,0,0.968081,0.905322,0.691497
0,0,0,1,0.967601,0.2161,0,0,0,0.996364,0.900004,0.672332
0,0,0,1,0.98075,0.207361,0,0,0,0.98652,0.958304,0.804406
0,0,0,1,0.941293,1,0,0,0,1,0.947866,0.713631
0,0,0,1,0.95555,1,0,0,0,1,0.955981,0.708313
0,0,0,1,0.933456,0.981454,0,0,0,0.999821,0.96796,0.739611
0,0,0,0.980626,0.957926,1,0,0,0,0.999739,0.931338,0.693784
0,0,0,1,0.981666,0.20229,0,0,0,0.999678,0.951051,0.732018
0,0,0,1,0.93477,0.791935,0,0,0,1,0.970688,0.748168
0,0,0,1,0.935773,0.700374,0,0,0,0.998035,0.909103,0.688468
0,0,0,1,0.949595,1,0,0,0,1,0.954223,0.718496
0,0,0,0,0,0,0,0,0,0.956715,0.913677,0.702428
0,0,0,0,0,0,0,0,0,0.913677,0.878001,0.691393
0,0,0,1,0.945493,0.925395,0,0,0,1,0.955734,0.719285
0,0,0,0.979651,0.935074,1,0,0,0,0.999386,0.955486,0.74055
0,0,0,0,0,0,0,0,0,0.850096,0.819605,0.639061
0,0,0,0.981627,0.984303,0.641508,0,0,0,0.999996,0.960805,0.732018
0,0,0,1,0.93432,1,0,0,0,0.9961,0.991389,0.899475
0,0,0,1,0.950269,1,0,0,0,0.82741,0.788583,0.590543
0,0,0,0,0,0,0,0,0,0.999564,0.940243,0.702122
0,0,0,1,0.933469,1,0,0,0,0.999998,0.949856,0.708918
0,0,0,1,0.945383,0.926572,0,0,0,0.999998,0.971992,0.727298
0,0,0,1,0.933237,0.574314,0,0,0,0.999538,0.958538,0.718792
0,0,0,1,0.94904,0.336305,0,0,0,1,0.97826,0.751648
0,0,0,0.969263,0.936639,1,0,0,0,0.999965,0.907967,0.681515
0.0182378,0.00436532,0,0,0,0,0,0,0,0.788094,0.749454,0.542803
0,0,0,0,0,0,0,0,0,0.941654,0.910863,0.715921
0,0,0,1,0.939558,1,0,0,0,0.99993,0.939359,0.728845
0,0,0,1,0.948978,1,0,0,0,1,0.964589,0.716715
0,0,0,1,0.953917,1,0,0,0,0.884439,0.849472,0.658966
0,0,0,1,0.974127,0.49169,0,0,0,1,0.965641,0.729712
0,0,0,1,0.935321,1,0,0,0,0.999973,0.928279,0.68437
0,0,0,1,0.933984,0.833703,0,0,0,0.996116,0.937096,0.707809
0,0,0,1,0.943582,1,0,0,0,0.999619,0.940024,0.71889
0,0,0,1,0.952007,1,0,0,0,1,0.956957,0.736969
0,0,0,1,0.949365,0.336259,0,0,0,0.999977,0.9357,0.695338
0,0,0,1,0.98154,0.295387,0,0,0,1,0.947284,0.69368
0,0,0,0,0,0,0,0,0,0.999946,0.936168,0.693161
0,0,0,1,0.954887,1,0,0,0,1,0.928409,0.685107
0,0,0,1,0.936323,0.498988,0,0,0,1,0.972675,0.739234
0,0,0,1,0.976885,0.194889,0,0,0,1,0.955651,0.7181
0,0,0,0.977641,0.945718,1,0,0,0,0.999983,0.943348,0.715126
0,0,0,1,0.95177,1,0,0,0,0.999989,0.963022,0.7478
0,0,0,1,0.947798,1,0,0,0,0.999741,0.936052,0.713332
0,0,0,1,0.91951,1,0,0,0,0.999976,0.927888,0.682891
0,0,0,1,0.946271,0.336555,0,0,0,0.948822,0.923592,0.766119
0,0,0,1,0.937883,0.463676,0,0,0,0.999826,0.988358,0.830044
0,0,0,1,0.944781,1,0,0,0,0.999999,0.936518,0.683208
0,0,0,1,0.92652,0.699153,0,0,0,0.999822,0.948822,0.726911
0,0,0,1,0.920418,0.97734,0,0,0,0.999988,0.957675,0.730866
0,0,0,1,0.952451,0.263025,0,0,0,0.985384,0.949482,0.794385
0,0,0,1,0.948842,1,0,0,0,0.99969,0.942718,0.70619
0,0,0,1,0.944568,0.430016,0,0,0,0.978753,0.89607,0.670285
0,0,0,0,0,0,0,0,0,0.984575,0.949669,0.745769
0,0,0,1,0.944832,1,0,0,0,1,0.947186,0.699973
0,0,0,0,0,0,0,0,0,0.9255,0.871912,0.659295
0,0,0,1,0.931941,1,0,0,0,1,0.982889,0.73848
0,0,0,1,0.984205,0.255314,0,0,0,0.999999,0.955651,0.742048
0,0,0,0,0,0,0,0,0,0.854521,0.824603,0.63375
0,0,0,1,0.93381,0.879187,0,0,0,0.666605,0.621426,0.452173
0,0,0,0.982205,0.972756,0.586582,0,0,0,0.998595,0.938011,0.696371
0,0,0,1,0.954511,1,0,0,0,1,0.972675,0.712032
0,0,0,1,0.945263,1,0,0,0,0.990478,0.896433,0.667906
0,0,0,1,0.969159,0.589258,0,0,0,1,0.946892,0.695441
0,0,0,1,0.933718,0.927192,0,0,0,0.973745,0.912592,0.730482
0,0,0,0,0,0,0,0,0,1,0.961389,0.709321
0,0,0,1,0.980407,0.408512,0,0,0,1,0.960584,0.721056
0,0,0,1,0.937779,0.463223,0,0,0,1,0.981736,0.752013
0,0,0,1,0.939426,1,0,0,0,1,0.977414,0.751101
0,0,0,1,0.937849,1,0,0,0,0.917006,0.867261,0.64791
0,0,0,0,0,0,0,0,0,0.998396,0.9271,0.677901
0,0,0,0.979787,0.957806,1,0,0,0,0.992274,0.961389,0.789558
0,0,0,1,0.990272,0.531019,0,0,0,1,0.940024,0.692642
0.00337068,0.000136366,0,0,0,0,0,0,0,0.852445,0.810479,0.606382
0,0,0,1,0.933536,1,0,0,0,1,0.957358,0.720172
0,0,0,0,0,0,0,0,0,0.999964,0.963092,0.731251
0,0,0,1,0.946111,0.396951,0,0,0,1,0.97024,0.733356
0,0,0,0,0,0,0,0,0,0.848471,0.819316,0.619701
0,0,0,1,0.94846,1,0,0,0,0.808067,0.759939,0.560223
0,0,0,1,0.943621,1,0,0,0,1,0.948632,0.694821
0,0,0,1,0.963975,0.201426,0,0,0,0.999961,0.926968,0.68595
0,0,0,1,0.98465,0.293889,0,0,0,1,0.951774,0.701611
0,0,0,1,0.936367,1,0,0,0,0.971725,0.944587,0.800224
0,0,0,1,0.970826,0.200078,0,0,0,1,0.950134,0.695752
0,0,0,1,0.952036,1,0,0,0,0.999958,0.964789,0.697918
0,0,0,1,0.964385,1,0,0,0,0.999987,0.973745,0.729712
0,0,0,0.994263,0.950303,0.852593,0,0,0,0.99517,0.950778,0.773045
0,0,0,1,0.952701,0.26365,0,0,0,1,0.964456,0.745954
0,0,0,1,0.981517,0.294901,0,0,0,0.999983,0.932699,0.688364
0,0,0,1,0.948026,0.310372,0,0,0,0.999992,0.961893,0.739611
0,0,0,1,0.944406,0.429391,0,0,0,0.999999,0.959383,0.735452
0,0,0,1,0.942094,1,0,0,0,0.999434,0.959307,0.72594
0,0,0,1,0.910953,1,0,0,0,0.999371,0.94366,0.727104
0,0,0,1,0.973649,0.196369,0,0,0,0.999711,0.95877,0.716715
0,0,0,1,0.980056,0.325784,0,0,0,0.999999,0.935935,0.682362
0,0,0,1,0.948533,1,0,0,0,1,0.97539,0.720172
0,0,0,0.986855,0.912505,1,0,0,0,1,0.973292,0.720467
0,0,0,1,0.934723,1,0,0,0,0.998644,0.916559,0.688154
0,0,0,0.992713,0.908585,1,0,0,0,0.999307,0.960137,0.728748
0,0,0,1,0.937508,1,0,0,0,0.999998,0.951774,0.746139
0,0,0,1,0.948807,1,0,0,0,1,0.963575,0.712832
0,0,0,1,0.949034,1,0,0,0,0.999918,0.957517,0.743727
0,0,0,1,0.937879,1,0,0,0,1,0.978996,0.731059
0,0,0,0,0,0,0,0,0,0.914749,0.890103,0.70253
0,0,0,1,0.950424,1,0,0,0,1,0.965316,0.741861
0,0,0,1,0.97847,0.207171,0,0,0,0.940134,0.896251,0.689933
0,0,0,1,0.942214,1,0,0,0,1,0.97231,0.732974
0,0,0,1,0.939512,1,0,0,0,0.951774,0.924005,0.744285
0,0,0,1,0.953276,1,0,0,0,0.998968,0.909747,0.682679
0,0,0,1,0.976861,0.194797,0,0,0,1,0.970799,0.734691
0,0,0,1,0.951382,1,0,0,0,0.930458,0.90549,0.732209
0,0,0,1,0.933236,0.574313,0,0,0,1,0.973894,0.743727
0,0,0,1,0.973707,0.196543,0,0,0,0.999829,0.917006,0.679604
0,0,0,1,0.933572,0.977616,0,0,0,0.952042,0.930332,0.756537
0,0,0,0,0,0,0,0,0,0.929184,0.876105,0.677154
0,0,0,1,0.982341,0.245221,0,0,0,1,0.975992,0.707607
0,0,0,1,0.937409,0.703322,0,0,0,1,0.928668,0.685634
0,0,0,0.982777,0.924781,1,0,0,0,0.978996,0.902266,0.694199
0,0,0,1,0.937505,0.462408,0,0,0,1,0.968679,0.742235
0,0,0,1,0.934814,1,0,0,0,0.999997,0.928279,0.680985
0,0,0,1,0.936027,1,0,0,0,0.999999,0.965706,0.732974
0,0,0,0,0,0,0,0,0,0.882833,0.830319,0.684686
0,0,0,0,0,0,0,0,0,0.925365,0.898767,0.727975
0,0,0,0,0,0,0,0,0,0.877267,0.845688,0.649134
0,0,0,1,0.933549,0.979053,0,0,0,1,0.949763,0.700075
0,0,0,1,0.937545,0.462585,0,0,0,0.999994,0.962321,0.739046
0,0,0,1,0.936227,0.49881,0,0,0,0.999147,0.956634,0.731442
0,0,0,0.992172,0.908303,1,0,0,0,0.763307,0.712632,0.499409
0,0,0,1,0.96903,0.591394,0,0,0,0.980129,0.913213,0.71123
0,0,0,1,0.945117,1,0,0,0,1,0.974869,0.718496
0,0,0,1,0.933541,1,0,0,0,0.867148,0.838151,0.618608
0,0,0,1,0.969254,0.587697,0,0,0,0.999995,0.955486,0.706798
0,0,0,1,0.933513,0.979504,0,0,0,0.999999,0.943138,0.702326
0,0,0,0,0,0,0,0,0,0.843638,0.772531,0.581897
0,0,0,1,0.978642,0.19464,0,0,0,0.980015,0.948251,0.760828
0,0,0,1,0.946448,1,0,0,0,1,0.973894,0.730194
0,0,0,1,0.96585,0.227597,0,0,0,0.991389,0.916409,0.700895
0,0,0,1,0.954993,1,0,0,0,1,0.955651,0.707506
0,0,0,1,0.954194,0.244258,0,0,0,0.999993,0.957118,0.729327
0,0,0,1,0.934016,0.835944,0,0,0,1,0.973037,0.727298
0,0,0,1,0.937959,1,0,0,0,0.933673,0.905322,0.69233
0,0,0,1,0.934849,1,0,0,0,0.958924,0.943452,0.776962
0,0,0,1,0.935183,0.536659,0,0,0,1,0.976265,0.720762
0,0,0,1,0.946335,0.336746,0,0,0,0.999551,0.985882,0.820182
0,0,0,1,0.953393,1,0,0,0,0.999999,0.956957,0.696681
0,0,0,1,0.970908,0.200291,0,0,0,1,0.956715,0.727879
0,0,0,1,0.976943,0.204183,0,0,0,0.958226,0.935582,0.731442
0,0,0,1,0.932406,0.933566,0,0,0,0.999997,0.931088,0.680348
0,0,0,1,0.935203,0.74324,0,0,0,1,0.940898,0.708515
0,0,0,1,0.933554,1,0,0,0,0.999995,0.957358,0.738669
0,0,0,1,0.976835,0.18513,0,0,0,0.988085,0.896976,0.661595
0,0,0,0,0,0,0,0,0,0.911967,0.88642,0.701611
0,0,0,1,0.949245,0.429206,0,0,0,1,0.956796,0.715921
0,0,0,1,0.958234,1,0,0,0,0.999999,0.970964,0.739611
0,0,0,1,0.961059,0.262803,0,0,0,0.999806,0.964656,0.724675
0,0,0,1,0.985296,0.225811,0,0,0,0.970183,0.944689,0.752013
0,0,0,0,0,0,0,0,0,0.906488,0.871803,0.698535
0,0,0,1,0.943041,1,0,0,0,0.999997,0.964187,0.741861
0,0,0,1,0.949599,1,0,0,0,1,0.974092,0.742235
0,0,0,1,0.997848,0.313004,0,0,0,0.999977,0.962953,0.721645
0,0,0,1,0.931569,1,0,0,0,0.999998,0.963712,0.727395
0,0,0,1,0.998116,0.36988,0,0,0,0.999993,0.933309,0.693992
0,0,0,1,0.934041,0.837336,0,0,0,1,0.96856,0.73077
0,0,0,0.992522,0.919736,1,0,0,0,0.870597,0.827828,0.623835
0,0,0,1,0.974186,0.49019,0,0,0,1,0.969957,0.744656
0,0,0,1,0.935222,0.743663,0,0,0,1,0.966914,0.712532
0,0,0,1,0.939479,0.615609,0,0,0,0.920932,0.885235,0.701917
0,0,0,1,0.947271,0.365314,0,0,0,0.999996,0.957198,0.705075
0,0,0,1,0.93162,1,0,0,0,0.997868,0.962108,0.786131
1.68084e-05,4.76837e-07,0,0,0,0,0,0,0,0.769254,0.723407,0.494805
0,0,0,1,0.939509,1,0,0,0,0.999999,0.964187,0.721841
0,0,0,1,0.975547,0.201548,0,0,0,1,0.958226,0.716417
0,0,0,1,0.981331,0.440366,0,0,0,0.999999,0.951684,0.714628
0,0,0,1,0.982283,0.212473,0,0,0,0.999745,0.951414,0.718693
0,0,0,0,0,0,0,0,0,0.999983,0.964589,0.696887
0,0,0,0.987567,0.91272,1,0,0,0,1,0.981524,0.756358
0,0,0,1,0.982525,0.225785,0,0,0,1,0.96175,0.722527
0,0,0,1,0.982612,0.226467,0,0,0,0.999999,0.941547,0.70619
0,0,0,1,0.970935,0.200363,0,0,0,0.962743,0.932699,0.787114
0,0,0,1,0.941326,1,0,0,0,1,0.970743,0.746693
0,0,0,1,0.984198,0.255229,0,0,0,0.952042,0.922203,0.773559
0,0,0,0.963941,0.933751,1,0,0,0,0.990696,0.962603,0.808521
0,0,0,1,0.974217,0.489407,0,0,0,1,0.980243,0.739986
0,0,0,1,0.96845,0.212962,0,0,0,0.999855,0.919931,0.691289
0,0,0,1,0.937619,1,0,0,0,0.999999,0.962108,0.737347
0,0,0,1,0.935312,1,0,0,0,0.879665,0.829768,0.65379
0,0,0,0.991515,0.914232,1,0,0,0,1,0.977926,0.714927
0,0,0,0.980315,0.935221,1,0,0,0,0.999925,0.930078,0.68763
0,0,0,1,0.963423,0.24253,0,0,0,0.999998,0.968856,0.745028
0,0,0,1,0.968585,0.213303,0,0,0,0.999996,0.945701,0.707506
0,0,0,1,0.927638,1,0,0,0,0.97231,0.948822,0.785638
0,0,0,1,0.958543,0.21635,0,0,0,0.999996,0.943867,0.705278
0,0,0,1,0.935331,0.74573,0,0,0,0.999956,0.915959,0.687945
0,0,0,1,0.933723,0.926455,0,0,0,0.999534,0.938801,0.727201
0,0,0,0,0,0,0,0,0,0.947769,0.921216,0.741112
0,0,0,1,0.942224,1,0,0,0,0.983597,0.886813,0.685213
0,0,0,0,0,0,0,0,0,0.902266,0.858837,0.664431
0,0,0,0,0,0,0,0,0,0.866359,0.838812,0.641871
0,0,0,1,0.925504,1,0,0,0,1,0.951863,0.725357
0,0,0,1,0.967597,0.216092,0,0,0,0.999728,0.92523,0.696371
0,0,0,1,0.963574,0.242893,0,0,0,1,0.964321,0.733738
0,0,0,1,0.954275,0.244459,0,0,0,1,0.959611,0.739986
0,0,0,1,0.934423,1,0,0,0,0.999516,0.934035,0.697815
0,0,0,1,0.981549,0.295587,0,0,0,0.999994,0.962883,0.741674
0,0,0,0,0,0,0,0,0,0.987179,0.948822,0.750736
0,0,0,1,0.948737,0.31069,0,0,0,0.99995,0.94699,0.722527
0,0,0,1,0.929833,1,0,0,0,1,0.96862,0.742608
0,0,0,1,0.938002,0.463834,0,0,0,1,0.975296,0.719778
0,0,0,1,0.936819,0.498961,0,0,0,0.99976,0.908456,0.673943
0,0,0,1,0.945168,0.92889,0,0,0,0.999997,0.930836,0.677367
0,0,0,1,0.92769,1,0,0,0,0.999999,0.928668,0.680135
0,0,0,0.98672,0.912464,1,0,0,0,1,0.96796,0.744471
0,0,0,1,0.95664,1,0,0,0,0.999931,0.953101,0.733547
0,0,0,1,0.943458,1,0,0,0,1,0.985043,0.730482
0,0,0,0,0,0,0,0,0,0.739422,0.705785,0.526936
0,0,0,1,0.979316,0.382898,0,0,0,0.999999,0.948632,0.722233
0,0,0,0,0,0,0,0,0,0.968381,0.942612,0.789558
0,0,0,0.983708,0.971524,0.839815,0,0,0,1,0.932453,0.695855
0,0,0,0,0,0,0,0,0,0.999984,0.949201,0.725454
0,0,0,1,0.926879,1,0,0,0,1,0.957991,0.736021
0,0,0,0,0,0,0,0,0,0.999994,0.970013,0.712832
0,0,0,1,0.977691,0.489615,0,0,0,1,0.972099,0.737347
0,0,0,1,0.945117,1,0,0,0,0.998118,0.91181,0.668339
0,0,0,1,0.946357,0.336813,0,0,0,0.810929,0.778818,0.604691
0,0,0,0,0,0,0,0,0,0.976446,0.952838,0.767864
0,0,0,1,0.955908,0.230226,0,0,0,0.999831,0.933431,0.712232
0,0,0,0,0,0,0,0,0,0.999852,0.915356,0.676299
0,0,0,0.9821,0.924559,1,0,0,0,0.999999,0.969382,0.734691
0,0,0,1,0.93737,0.70284,0,0,0,0.999997,0.957437,0.728555
0,0,0,1,0.934854,0.534789,0,0,0,1,0.965119,0.711932
0,0,0,0,0,0,0,0,0,0.894237,0.832781,0.676513
0,0,0,1,0.977509,0.531072,0,0,0,0.999972,0.955734,0.737914
0,0,0,1,0.94883,1,0,0,0,0.895523,0.855006,0.632049
0,0,0,1,0.980189,0.198836,0,0,0,0.890294,0.81946,0.639286
0,0,0,0.983056,0.924873,1,0,0,0,0.998487,0.958847,0.772531
0,0,0,1,0.935705,1,0,0,0,1,0.944074,0.690976
0,0,0,1,0.934489,1,0,0,0,0.999999,0.966914,0.720663
0,0,0,1,0.944438,0.429512,0,0,0,0.989182,0.972934,0.819893
0,0,0,1,0.934745,0.791175,0,0,0,0.976802,0.956309,0.787605
0,0,0,1,0.965845,0.227583,0,0,0,1,0.954393,0.709623
0,0,0,0,0,0,0,0,0,0.85269,0.807461,0.597314
0,0,0,0,0,0,0,0,0,0.826151,0.789234,0.586641
0,0,0,0.98026,0.945065,1,0,0,0,0.999999,0.938463,0.682045
0,0,0,1,0.916003,1,0,0,0,1,0.967225,0.737347
0,0,0,0.988946,0.918051,1,0,0,0,0.99992,0.931213,0.686475
0,0,0,1,0.919708,1,0,0,0,0.999977,0.956715,0.721449
0,0,0,1,0.944102,1,0,0,0,1,0.963916,0.729712
4.29153e-06,0,0,1,0.929831,1,0,0,0,0.923454,0.850593,0.684159
0,0,0,0,0,0,0,0,0,0.999917,0.920218,0.675122
0.000393313,1.74044e-05,0,0,0,0,0,0,0,0.999995,0.925903,0.674694
0,0,0,1,0.981344,0.347963,0,0,0,0.987277,0.929951,0.718693
0,0,0,0.990447,0.936453,1,0,0,0,0.999003,0.918187,0.673836
0,0,0,1,0.974162,0.490798,0,0,0,0.999982,0.969843,0.747247
0,0,0,1,0.927097,1,0,0,0,0.99874,0.972099,0.775945
0,0,0,1,0.981329,0.346447,0,0,0,0.999997,0.935935,0.680242
0,0,0,1,0.980054,0.32566,0,0,0,0.999994,0.957517,0.733165
0,0,0,1,0.950323,0.286219,0,0,0,0.992393,0.985608,0.871693
0,0,0,1,0.990227,0.531936,0,0,0,1,0.973594,0.731059
0,0,0,1,0.97754,0.530473,0,0,0,0.777975,0.750736,0.564339
0,0,0,0,0,0,0,0,0,0.945197,0.917303,0.743541
0,0,0,1,0.948503,0.310044,0,0,0,0.97007,0.891811,0.664649
0,0,0,1,0.948819,0.310914,0,0,0,0.855851,0.819171,0.616647
0,0,0,1,0.922879,1,0,0,0,0.999997,0.932944,0.683102
0,0,0,0.989462,0.913588,1,0,0,0,0.986777,0.949856,0.790369
0,0,0,1,0.934275,1,0,0,0,0.999969,0.954647,0.710226
0,0,0,0,0,0,0,0,0,1,0.959307,0.725357
0,0,0,0,0,0,0,0,0,0.999999,0.961534,0.73848
0,0,0,1,0.980693,0.207054,0,0,0,1,0.984215,0.716516
0,0,0,1,0.978658,0.194704,0,0,0,0.99859,0.971672,0.776792
0,0,0,1,0.946062,1,0,0,0,0.999639,0.991322,0.864081
0,0,0,0.987875,0.997078,0.441101,0,0,0,0.999993,0.930962,0.681515
0,0,0,0.981502,0.958052,1,0,0,0,0.997668,0.921781,0.685739
0,0,0,0.948622,0.961351,1,0,0,0,0.999941,0.944995,0.721547
0,0,0,0,0,0,0,0,0,0.844665,0.815085,0.612715
0,0,0,1,0.933819,0.878327,0,0,0,1,0.958924,0.721154
0,0,0,0,0,0,0,0,0,0.999908,0.926304,0.681939
0,0,0,1,0.981523,0.295036,0,0,0,0.96802,0.941868,0.779993
0,0,0,1,0.949119,0.336537,0,0,0,0.999996,0.974965,0.755817
0,0,0,1,0.980137,0.224465,0,0,0,1,0.973544,0.749454
0,0,0,1,0.951489,1,0,0,0,1,0.948917,0.708616
0,0,0,1,0.981314,0.344864,0,0,0,0.998028,0.902781,0.67104
0,0,0,1,0.958529,1,0,0,0,1,0.956309,0.731251
0,0,0,1,0.93973,1,0,0,0,0.999974,0.98752,0.826852
0,0,0,1,0.943612,1,0,0,0,0.999974,0.967287,0.742795
0,0,0,1,0.933939,1,0,0,0,1,0.947575,0.695235
0,0,0,0.970049,0.975261,0.772617,0,0,0,0.999722,0.917006,0.675978
0,0,0,1,0.934712,0.790193,0,0,0,0.999947,0.927363,0.688783
0,0,0,1,0.951545,1,0,0,0,0.999996,0.960287,0.730097
0,0,0,1,0.959769,0.208904,0,0,0,1,0.973139,0.729712
0,0,0,1,0.94882,0.310917,0,0,0,0.999662,0.971672,0.76366
0,0,0,1,0.932406,0.932676,0,0,0,0.997704,0.970688,0.789396
0,0,0,1,0.943161,1,0,0,0,1,0.948442,0.695028
0,0,0,1,0.984023,0.253073,0,0,0,0.958304,0.930836,0.77949
4.76837e-07,0,0,0,0,0,0,0,0,0.999992,0.923868,0.673514
0,0,0,1,0.985112,0.210987,0,0,0,0.831964,0.804098,0.614452
0,0,0,0.950019,0.948445,1,0,0,0,0.999996,0.954984,0.745028
0,0,0,1,0.981505,0.201443,0,0,0,1,0.964321,0.73412
0,0,0,0.970969,0.975346,0.771606,0,0,0,0.958148,0.926703,0.774413
0,0,0,1,0.998387,0.210693,0,0,0,1,0.960584,0.738292
0,0,0,0.989836,0.93636,1,0,0,0,0.984155,0.953362,0.761184
0,0,0,1,0.981326,0.346184,0,0,0,1,0.972727,0.740925
0,0,0,1,0.933549,0.979083,0,0,0,0.990839,0.971074,0.8067
0,0,0,0.980791,0.945162,1,0,0,0,0.999991,0.926304,0.674372
0,0,0,1,0.935284,0.744844,0,0,0,0.999425,0.960287,0.726523
0,0,0,0.96847,0.929213,1,0,0,0,0.922343,0.894605,0.729616
0,0,0,1,0.945741,1,0,0,0,1,0.960212,0.73659
0,0,0,1,0.984669,0.294392,0,0,0,1,0.967778,0.734691
0,0,0,1,0.938591,0.428224,0,0,0,0.999996,0.963575,0.738858
0,0,0,1,0.982184,0.211858,0,0,0,0.999999,0.938463,0.683208
0,0,0,1,0.957848,0.216165,0,0,0,0.999994,0.960657,0.719285
0.128735,0.0278955,0,1,0.973674,0.196443,0,0,0,0.983909,0.954563,0.757974
0,0,0,1,0.950911,0.309725,0,0,0,0.999336,0.954308,0.735642
0,0,0,1,0.932406,0.932781,0,0,0,0.999999,0.96525,0.743541
0,0,0,0.990868,0.916464,1,0,0,0,1,0.962883,0.743354
0,0,0,1,0.94434,0.365507,0,0,0,1,0.967839,0.746324
0,0,0,1,0.948231,0.310954,0,0,0,1,0.960952,0.734881
0,0,0,1,0.948109,0.310607,0,0,0,0.976758,0.949856,0.775095
0,0,0,1,0.933571,0.977659,0,0,0,0.999995,0.975437,0.756537
0,0,0,1,0.92554,1,0,0,0,1,0.97007,0.734691
0,0,0,1,0.951337,1,0,0,0,0.999766,0.952662,0.710226
0,0,0,0.968671,0.931088,1,0,0,0,0.999947,0.936285,0.694095
0,0,0,0.969811,0.975239,0.772879,0,0,0,1,0.968915,0.728845
0,0,0,0.968421,0.929197,1,0,0,0,0.999892,0.920504,0.675872
0,0,0,0.988207,0.997084,0.440902,0,0,0,1,0.948822,0.695752
0,0,0,1,0.975469,0.192691,0,0,0,1,0.963022,0.735452
0,0,0,1,0.961047,0.262774,0,0,0,0.920074,0.871365,0.710628
0,0,0,1,0.984656,0.294054,0,0,0,1,0.968797,0.72331
0,0,0,1,0.969387,1,0,0,0,1,0.971992,0.726037
0,0,0,1,0.922008,1,0,0,0,0.999773,0.960731,0.724383
0,0,0,1,0.933456,1,0,0,0,0.95877,0.941223,0.804098
0,0,0,1,0.93846,0.658723,0,0,0,0.999995,0.957517,0.748168
0,0,0,1,0.935165,0.742541,0,0,0,0.99438,0.961965,0.801004
0,0,0,1,0.952482,0.263102,0,0,0,0.800536,0.764892,0.555013
0,0,0,0.991478,0.930168,1,0,0,0,0.987711,0.906818,0.676086
0,0,0,1,0.948128,0.310662,0,0,0,0.994089,0.923454,0.693161
0,0,0,1,0.936687,0.498322,0,0,0,0.892375,0.866472,0.672332
0,0,0,1,0.951768,0.264637,0,0,0,0.999871,0.947575,0.703855
0,0,0,1,0.934036,0.837179,0,0,0,0.950134,0.923316,0.742608
0,0,0,1,0.958772,0.28543,0,0,0,0.974821,0.950869,0.798972
0,0,0,0.99998,0.961248,0.710839,0,0,0,0.999971,0.955236,0.742795
0,0,0,1,0.984647,0.231591,0,0,0,1,0.945096,0.690455
0,0,0,1,0.945958,0.39642,0,0,0,0.999449,0.965512,0.745028
0,0,0,1,0.938424,0.658351,0,0,0,1,0.973088,0.743727
0,0,0,1,0.951514,1,0,0,0,1,0.968797,0.717012
0,0,0,1,0.933989,0.833402,0,0,0,0.999991,0.928539,0.679391
0,0,0,1,0.909196,1,0,0,0,0.999997,0.971672,0.750736
0,0,0,1,0.933983,0.833156,0,0,0,0.999998,0.935582,0.683314
0,0,0,1,0.984631,0.231454,0,0,0,0.999905,0.962883,0.744285
0,0,0,1,0.941792,0.536658,0,0,0,0.99984,0.964522,0.729231
0,0,0,0,0,0,0,0,0,0.99066,0.948346,0.758332
0,0,0,1,0.937436,1,0,0,0,0.734881,0.706393,0.528184
0,0,0,1,0.962945,0.202939,0,0,0,1,0.97419,0.730674
0,0,0,0,0,0,0,0,0,0.904819,0.87213,0.682997
0,0,0,1,0.948603,1,0,0,0,0.996205,0.973494,0.789721
0,0,0,1,0.936234,0.74824,0,0,0,1,0.959762,0.747616
0,0,0,1,0.931679,1,0,0,0,0.999996,0.976129,0.739611
0,0,0,1,0.950536,1,0,0,0,0.882833,0.847716,0.64791
0,0,0,1,0.973425,0.190625,0,0,0,1,0.955068,0.724675
0,0,0,1,0.951512,1,0,0,0,0.977629,0.956227,0.791982
0,0,0,1,0.94128,1,0,0,0,1,0.974629,0.717012
0,0,0,1,0.944502,0.429761,0,0,0,0.995652,0.971347,0.805785
0,0,0,1,0.981495,0.201394,0,0,0,0.99997,0.963437,0.727879
0,0,0,0.977642,0.944578,1,0,0,0,1,0.976714,0.737536
0,0,0,1,0.940201,1,0,0,0,0.988971,0.926037,0.720565
0,0,0,0.98989,0.929717,1,0,0,0,0.999997,0.953013,0.687
0,0,0,1,0.958696,1,0,0,0,1,0.974141,0.742795
0,0,0,1,0.980047,0.325303,0,0,0,0.999999,0.950411,0.730963
0,0,0,1,0.984102,0.254059,0,0,0,1,0.957278,0.707405
0,0,0,1,0.946845,0.499334,0,0,0,0.916708,0.867485,0.71413
0,0,0,1,0.941549,1,0,0,0,1,0.951323,0.715722
0,0,0,0,0,0,0,0,0,0.980015,0.959001,0.78316
0.0307028,0.0111174,0,0,0,0,0,0,0,0.891434,0.861887,0.667148
0,0,0,1,0.975517,0.192852,0,0,0,0.835484,0.807309,0.613526
0,0,0,0.976956,0.923116,1,0,0,0,1,0.956877,0.74055
0,0,0,1,0.948543,0.310155,0,0,0,1,0.975343,0.721645
0,0,0,1,0.963471,0.242647,0,0,0,0.995372,0.939803,0.727975
0,0,0,1,1,0.266088,0,0,0,0.999998,0.932821,0.682891
0,0,0,0,0,0,0,0,0,0.999961,0.936401,0.69451
0,0,0,0,0,0,0,0,0,0.985552,0.911022,0.717507
0,0,0,1,0.957043,1,0,0,0,0.999038,0.950869,0.723993
0,0,0,1,0.955244,1,0,0,0,1,0.966283,0.740737
0,0,0,0.993731,0.908781,1,0,0,0,0.999998,0.959459,0.695028
0,0,0,1,0.947266,0.365296,0,0,0,0.999979,0.943348,0.716615
0,0,0,1,0.95159,1,0,0,0,0.999999,0.975992,0.735262
0,0,0,1,0.933264,0.883773,0,0,0,1,0.976038,0.723602
0,0,0,0.966862,0.935911,1,0,0,0,0.999969,0.953966,0.719778
0,0,0,1,0.94225,1,0,0,0,0.999998,0.958924,0.731442
0,0,0,1,0.937396,1,0,0,0,0.999996,0.958538,0.730001
0,0,0,1,0.944646,0.430314,0,0,0,0.999997,0.939359,0.698432
0,0,0,0.969562,0.931334,1,0,0,0,1,0.960584,0.73848
0,0,0,1,0.935201,0.743185,0,0,0,1,0.944791,0.68616
0,0,0,0.980377,0.935236,1,0,0,0,1,0.967839,0.71413
0,0,0,1,0.933968,1,0,0,0,0.999699,0.944177,0.709221
0,0,0,1,0.946521,1,0,0,0,0.999994,0.945197,0.696784
0,0,0,1,0.933243,0.574356,0,0,0,1,0.935582,0.678647
0,0,0,1,0.933939,1,0,0,0,0.867036,0.839208,0.647798
0,0,0,1,0.933627,0.975998,0,0,0,0.999913,0.937897,0.734881
0,0,0,0,0,0,0,0,0,0.955319,0.903294,0.681621
0,0,0,1,0.961137,0.262994,0,0,0,0.999998,0.933552,0.67971
0,0,0,1,0.982337,0.245178,0,0,0,0.999982,0.955152,0.705278
0,0,0,1,0.973673,0.19644,0,0,0,0.910386,0.877896,0.690872
0,0,0,0,0,0,0,0,0,0.999998,0.96525,0.724286
0,0,0,1,0.92393,1,0,0,0,0.999994,0.944074,0.707708
0,0,0,1,0.97775,0.488307,0,0,0,1,0.973544,0.722429
0,0,0,1,0.939538,0.616109,0,0,0,0.999998,0.968915,0.744099
0,0,0,0,0,0,0,0,0,0.999969,0.946001,0.698227
0,0,0,1,0.922764,1,0,0,0,0.999218,0.9357,0.699562
0,0,0,1,0.969231,0.209973,0,0,0,0.862236,0.78842,0.600188
0,0,0,0,0,0,0,0,0,0.999996,0.944485,0.697609
0,0,0,0.977977,0.944641,1,0,0,0,1,0.96051,0.7324
0,0,0,1,0.937708,0.365381,0,0,0,0.99997,0.937897,0.70253
0,0,0,1,0.951493,1,0,0,0,0.999997,0.965446,0.741674
0,0,0,1,0.961191,0.263127,0,0,0,1,0.961244,0.701917
0,0,0,1,0.973638,0.196335,0,0,0,1,0.97567,0.756178
0,0,0,1,0.964686,1,0,0,0,1,0.957912,0.698535
0,0,0,1,0.949283,0.28775,0,0,0,0.999341,0.959687,0.717309
0,0,0,1,0.935737,1,0,0,0,1,0.975809,0.716715
0,0,0,1,0.998476,0.231373,0,0,0,0.998866,0.971672,0.788257
0,0,0,1,0.990258,0.531312,0,0,0,0.999988,0.9633,0.745398
0,0,0,0,0,0,0,0,0,0.752013,0.723016,0.553505
0,0,0,1,0.981557,0.295762,0,0,0,1,0.972152,0.724481
0,0,0,0.977064,0.919756,1,0,0,0,1,0.944074,0.68721
0,0,0,1,0.941728,0.536279,0,0,0,0.998826,0.964187,0.748168
0,0,0,1,0.944483,0.365961,0,0,0,1,0.952042,0.699665
0,0,0,1,0.98511,0.210975,0,0,0,0.999328,0.916409,0.686055
0,0,0,1,0.933732,1,0,0,0,1,0.966347,0.735071
0,0,0,1,0.933691,0.928887,0,0,0,0.955319,0.924142,0.771155
0,0,0,0,0,0,0,0,0,0.879458,0.850469,0.653238
0,0,0,0,0,0,0,0,0,0.999999,0.968321,0.721351
0,0,0,0,0,0,0,0,0,0.899298,0.865906,0.668447
0,0,0,1,0.985097,0.210888,0,0,0,1,0.968974,0.723114
0,0,0,0,0,0,0,0,0,1,0.971886,0.747247
0,0,0,0,0,0,0,0,0,0.982083,0.94699,0.749637
0,0,0,1,0.937381,0.702975,0,0,0,0.980655,0.963231,0.801159
0,0,0,1,0.981313,0.344767,0,0,0,0.999971,0.961098,0.725162
0,0,0,1,0.933667,0.93028,0,0,0,1,0.974532,0.726814
0,0,0,1,0.944458,0.365881,0,0,0,1,0.979472,0.724675
0,0,0,1,0.933457,1,0,0,0,0.996205,0.979707,0.830044
0,0,0,0,0,0,0,0,0,0.999815,0.940243,0.717309
0,0,0,1,0.958812,0.285529,0,0,0,1,0.973993,0.726911
0,0,0,1,0.947532,0.365368,0,0,0,0.795975,0.762601,0.545377
0,0,0,1,0.932382,0.933881,0,0,0,0.981666,0.893867,0.662032
0,0,0,1,0.978449,0.207063,0,0,0,0.99997,0.952131,0.702938
0,0,0,1,0.922921,1,0,0,0,1,0.941761,0.688783
0,0,0,0.993841,0.908911,1,0,0,0,0.999991,0.944587,0.700895
0,0,0,1,0.980113,0.224299,0,0,0,0.98249,0.96175,0.774413
0,0,0,1,0.935258,0.744391,0,0,0,1,0.966851,0.737347
0,0,0,1,0.959585,1,0,0,0,1,0.967163,0.73848
0,0,0,1,0.950727,1,0,0,0,0.999988,0.912903,0.681939
0,0,0,1,0.950955,0.286194,0,0,0,0.999943,0.957358,0.723505
0.0138707,0.00444662,0,1,0.937845,1,0,0,0,0.798187,0.756358,0.554621
0,0,0,0.948841,0.961385,1,0,0,0,0.999982,0.967287,0.705886
0,0,0,0.964399,0.993781,0.530232,0,0,0,1,0.966663,0.72027
0,0,0,1,0.953979,1,0,0,0,0.999998,0.936052,0.681091
0,0,0,1,0.933562,0.978212,0,0,0,1,0.980543,0.729327
0,0,0,1,0.958418,1,0,0,0,0.999978,0.932821,0.688468
0,0,0,0.996274,0.909604,1,0,0,0,1,0.950686,0.716318
2.39608e-05,0,0,1,0.981557,0.295756,0,0,0,1,0.972046,0.740925
0,0,0,1,0.933265,0.885152,0,0,0,1,0.971618,0.745213
0,0,0,1,0.934379,1,0,0,0,1,0.974141,0.715821
0,0,0,1,0.93312,1,0,0,0,0.99998,0.937783,0.700485
0,0,0,1,0.933562,0.978222,0,0,0,0.814053,0.779658,0.605158
0,0,0,1,0.905741,1,0,0,0,0.999982,0.957038,0.735452
0,0,0,0,0,0,0,0,0,0.891622,0.854156,0.621311
0,0,0,1,0.945225,1,0,0,0,1,0.943138,0.68679
0,0,0,1,0.958315,0.770351,0,0,0,0.999999,0.936052,0.680666
0,0,0,1,0.959469,1,0,0,0,1,0.944689,0.68941
0,0,0,1,0.964794,1,0,0,0,1,0.955068,0.719975
0,0,0,1,0.941098,1,0,0,0,0.999987,0.961316,0.749454
0,0,0,1,0.939578,0.616458,0,0,0,0.999998,0.95877,0.724286
0,0,0,1,0.949272,1,0,0,0,0.999979,0.924279,0.678114
0,0,0,1,0.975588,0.201708,0,0,0,1,0.973944,0.746693
0,0,0,0,0,0,0,0,0,1,0.970964,0.747984
0,0,0,1,0.934615,0.787395,0,0,0,0.999978,0.933673,0.68784
0,0,0,1,0.965693,0.227205,0,0,0,0.999998,0.944382,0.699254
0,0,0,1,0.950713,0.285569,0,0,0,0.988842,0.969091,0.816113
0,0,0,0,0,0,0,0,0,0.999993,0.957278,0.72526
0,0,0,1,0.92771,0.65697,0,0,0,0.999966,0.96802,0.738292
0,0,0,1,0.968454,0.21297,0,0,0,0.999999,0.942718,0.692122
0,0,0,0,0,0,0,0,0,0.999973,0.949201,0.72331
0,0,0,1,0.963811,1,0,0,0,0.988085,0.896433,0.668231
0,0,0,0,0,0,0,0,0,0.999949,0.953188,0.691497
0,0,0,1,0.976847,0.194743,0,0,0,0.998319,0.950134,0.739986
0,0,0,1,0.984661,0.29417,0,0,0,0.999993,0.953101,0.727685
0,0,0,1,0.963422,0.242527,0,0,0,1,0.967533,0.735262
0,0,0,0,0,0,0,0,0,0.566318,0.539469,0.410225
0,0,0,1,0.936336,0.499051,0,0,0,1,0.970632,0.729712
0,0,0,1,0.958119,1,0,0,0,1,0.955817,0.694924
0.0322113,0.00799953,0,0,0,0,0,0,0,0.999633,0.960657,0.739799
0,0,0,1,0.95081,1,0,0,0,0.999982,0.955734,0.711531
0,0,0,0.995116,0.909275,1,0,0,0,1,0.958538,0.731826
0,0,0,1,0.952617,1,0,0,0,0.976979,0.921499,0.698844
0,0,0,1,0.936331,0.499024,0,0,0,0.865679,0.83508,0.641535
0,0,0,1,0.939324,1,0,0,0,1,0.957912,0.718792
0,0,0,1,0.933574,0.977453,0,0,0,0.998844,0.949949,0.751101
0,0,0,1,0.922018,1,0,0,0,0.988313,0.968261,0.810629
0,0,0,1,0.965816,0.227511,0,0,0,1,0.955152,0.730097
0,0,0,1,0.9903,0.530467,0,0,0,0.99999,0.944791,0.693577
0,0,0,1,0.95248,0.263098,0,0,0,1,0.953188,0.703753
0,0,0,1,0.933271,0.882928,0,0,0,1,0.975577,0.729809
5.2452e-06,0,0,1,0.961233,0.26323,0,0,0,0.979315,0.958069,0.795181
0,0,0,0.993172,0.912496,1,0,0,0,1,0.977284,0.740362
0,0,0,1,0.952711,0.263676,0,0,0,0.999999,0.965381,0.726134
0,0,0,0.99313,0.908706,1,0,0,0,0.901053,0.879665,0.690455
0,0,0,1,0.934651,0.788526,0,0,0,0.905657,0.86916,0.707809
0,0,0,1,0.946087,0.39687,0,0,0,0.96051,0.930205,0.784319
0,0,0,1,0.956546,0.227316,0,0,0,1,0.970576,0.727879
0,0,0,1,0.96127,0.710547,0,0,0,1,0.950503,0.689619
0,0,0,1,0.979993,0.197931,0,0,0,0.977714,0.960063,0.80456
0,0,0,1,0.982146,0.211621,0,0,0,0.999982,0.955319,0.739234
0,0,0,1,0.933708,1,0,0,0,0.999992,0.957833,0.710628
0,0,0,1,0.956825,1,0,0,0,0.950686,0.892187,0.668447
0,0,0,1,0.954123,0.24408,0,0,0,0.994979,0.989013,0.890675
0,0,0,0,0,0,0,0,0,0.837753,0.801936,0.588653
0,0,0,1,0.949356,0.336232,0,0,0,0.870157,0.838283,0.626124
0,0,0,1,0.943591,1,0,0,0,1,0.972362,0.746509
0,0,0,1,0.978631,0.194599,0,0,0,1,0.97151,0.735642
0,0,0,1,0.957313,1,0,0,0,0.999975,0.91383,0.685739
0,0,0,0.989004,0.918069,1,0,0,0,1,0.975577,0.718693
0,0,0,1,0.981339,0.347463,0,0,0,1,0.9699,0.743913
0,0,0,1,0.935681,1,0,0,0,0.999986,0.955651,0.708515
0,0,0,0,0,0,0,0,0,0.837885,0.801781,0.596844
0,0,0,1,0.944751,0.430297,0,0,0,0.999862,0.918626,0.677687
0,0,0,1,0.957316,1,0,0,0,1,0.953362,0.713831
0,0,0,1,0.933696,0.927493,0,0,0,0.999908,0.953101,0.705481
0,0,0,0,0,0,0,0,0,0.963022,0.924415,0.754192
0,0,0,1,0.946687,1,0,0,0,0.999968,0.930078,0.685529
0,0,0,0.994338,0.912799,1,0,0,0,0.807309,0.779993,0.591605
0,0,0,1,0.910716,1,0,0,0,0.931836,0.89607,0.668015
0,0,0,1,0.924859,1,0,0,0,0.999976,0.950686,0.698329
0,0,0,0,0,0,0,0,0,0.99874,0.924824,0.685423
0,0,0,1,0.940182,1,0,0,0,0.99999,0.961389,0.717408
0,0,0,1,0.932682,1,0,0,0,0.999998,0.968738,0.749637
0,0,0,1,0.979129,0.216427,0,0,0,1,0.976669,0.745954
0,0,0,1,0.97693,0.411131,0,0,0,0.999995,0.970632,0.746693
0,0,0,1,0.951678,1,0,0,0,1,0.975577,0.724286
0,0,0,1,0.939506,1,0,0,0,0.999999,0.950686,0.721939
0,0,0,0.991933,0.982531,0.695686,0,0,0,1,0.966092,0.744842
0,0,0,0.983577,0.984422,0.639777,0,0,0,1,0.953535,0.693265
0,0,0,1,0.94392,1,0,0,0,0.999976,0.927757,0.682362
0,0,0,1,0.935258,1,0,0,0,0.863046,0.804406,0.635109
0,0,0,0.97817,0.944677,1,0,0,0,0.999792,0.951051,0.705582
0,0,0,1,0.946314,0.336683,0,0,0,0.924552,0.89534,0.702632
0,0,0,0.966896,0.935922,1,0,0,0,0.999999,0.956145,0.708616
0,0,0,1,0.975643,0.201919,0,0,0,0.999999,0.967225,0.740174
0,0,0,1,0.948123,0.310648,0,0,0,0.999996,0.935346,0.685213
0,0,0,1,0.944503,0.366024,0,0,0,0.995601,0.965706,0.775435
0,0,0,0.980303,0.935219,1,0,0,0,1,0.974532,0.722918
0,0,0,0.968264,0.930975,1,0,0,0,1,0.967778,0.718397
0,0,0,0.976137,0.919446,1,0,0,0,0.999996,0.941868,0.705379
0,0,0,0.991161,0.916559,1,0,0,0,1,0.970296,0.732209
0,0,0,1,0.942227,1,0,0,0,0.999946,0.956553,0.708313
0,0,0,1,0.93366,1,0,0,0,0.99999,0.929055,0.681833
0,0,0,0.992737,0.908592,1,0,0,0,0.99999,0.937669,0.710025
0,0,0,1,0.935662,0.698796,0,0,0,0.85183,0.821044,0.603406
0,0,0,1,0.949967,1,0,0,0,0.99991,0.960657,0.731634
0,0,0,0.983407,0.971493,0.840173,0,0,0,0.999993,0.961893,0.747063
0,0,0,1,0.9416,1,0,0,0,0.961171,0.931711,0.74872
0,0,0,1,0.968461,0.212989,0,0,0,0.999999,0.977671,0.727589
0,0,0,1,0.942661,0.498205,0,0,0,0.973037,0.949856,0.777469
0,0,0,1,0.945227,1,0,0,0,1,0.950503,0.726426
0,0,0,1,0.93606,1,0,0,0,0.966537,0.931711,0.732974
0,0,0,1,0.984669,0.294395,0,0,0,0.999988,0.938011,0.698329
0,0,0,0,0,0,0,0,0,0.859074,0.8288,0.613526
0,0,0,0,0,0,0,0,0,0.999967,0.952309,0.702632
0,0,0,1,0.937468,0.46224,0,0,0,0.99999,0.962391,0.737158
0,0,0,0.997718,0.922738,1,0,0,0,0.999958,0.922203,0.674587
0,0,0,1,0.930506,1,0,0,0,0.890675,0.863046,0.659186
0,0,0,1,0.963549,0.242835,0,0,0,1,0.945901,0.70619
0,0,0,1,0.945753,0.396315,0,0,0,0.999889,0.9549,0.710427
0,0,0,1,0.968606,0.213354,0,0,0,1,0.943867,0.705988
0,0,0,1,0.968403,0.212841,0,0,0,0.998451,0.967287,0.760295
0,0,0,0,0,0,0,0,0,0.941439,0.910227,0.72027
0,0,0,0,0,0,0,0,0,0.814791,0.776114,0.588475
0,0,0,1,0.936291,0.498824,0,0,0,0.938913,0.886617,0.684791
0,0,0,1,0.9485,1,0,0,0,0.999993,0.973088,0.721449
0,0,0,1,0.937423,0.703551,0,0,0,1,0.949106,0.714927
0,0,0,1,0.957202,1,0,0,0,0.999952,0.927495,0.682679
0,0,0,1,0.931517,0.984609,0,0,0,0.958148,0.928018,0.780997
0,0,0,1,0.944038,1,0,0,0,1,0.971939,0.747063
0,0,0,0.993506,0.908712,1,0,0,0,0.999999,0.968261,0.726232
0,0,0,1,0.937981,1,0,0,0,0.938801,0.90053,0.716219
0,0,0,1,0.93768,0.462787,0,0,0,0.981736,0.952926,0.803945
0,0,0,0,0,0,0,0,0,0.992851,0.948822,0.74055
1.19209e-06,0,0,0,0,0,0,0,0,0.898589,0.873107,0.707607
0,0,0,0.993488,0.908707,1,0,0,0,0.999994,0.937897,0.702428
0,0,0,1,0.942226,1,0,0,0,0.999982,0.954137,0.708011
0,0,0,1,0.947181,1,0,0,0,0.998383,0.938124,0.738858
0,0,0,1,0.93574,0.699946,0,0,0,0.999945,0.964656,0.722135
0,0,0,0.967676,0.928973,1,0,0,0,0.935817,0.894052,0.713531
0,0,0,1,0.946522,0.3373,0,0,0,1,0.977328,0.736401
0,0,0,1,0.975553,0.192973,0,0,0,0.963437,0.943764,0.78016
0,0,0,1,0.968351,0.212708,0,0,0,1,0.968797,0.741861
0,0,0,1,0.955254,1,0,0,0,0.953535,0.90599,0.685529
0,0,0,1,0.922783,1,0,0,0,0.999989,0.957038,0.742608
0,0,0,0,0,0,0,0,0,0.999829,0.91804,0.677901
0,0,0,1,0.93447,1,0,0,0,1,0.959307,0.739234
0,0,0,1,0.947235,0.365195,0,0,0,1,0.961606,0.734881
0,0,0,1,0.943589,1,0,0,0,1,0.983847,0.717012
0,0,0,1,0.932406,0.933438,0,0,0,0.871475,0.83346,0.639173
0,0,0,1,0.95512,1,0,0,0,0.999993,0.961606,0.707607
0,0,0,1,0.954498,0.245013,0,0,0,1,0.968738,0.733738
0,0,0,0,0,0,0,0,0,0.904313,0.842215,0.653459
0,0,0,1,0.942016,1,0,0,0,0.998812,0.94366,0.744842
0,0,0,0.995853,0.913189,1,0,0,0,1,0.948155,0.693888
0,0,0,1,0.950005,1,0,0,0,0.999999,0.941761,0.68458
0,0,0,1,0.982305,0.212614,0,0,0,0.999999,0.97419,0.711932
0,0,0,1,0.93194,1,0,0,0,1,0.971564,0.733929
0,0,0,1,0.961285,0.710353,0,0,0,0.997479,0.900355,0.670608
0,0,0,1,0.941713,1,0,0,0,1,0.977457,0.750553
0,0,0,1,0.953083,1,0,0,0,0.903294,0.869936,0.673084
0,0,0,0.968946,0.993436,0.576244,0,0,0,1,0.964389,0.732974
0,0,0,0,0,0,0,0,0,0.848847,0.805785,0.594316
0,0,0,1,0.952513,0.26318,0,0,0,0.999993,0.942082,0.703651
0,0,0,1,0.939743,0.617869,0,0,0,0.996888,0.944382,0.75183
0,0,0,0.966417,0.944776,1,0,0,0,1,0.975901,0.740174
0,0,0,1,0.950439,1,0,0,0,1,0.945901,0.688364
0,0,0,1,0.934037,0.837222,0,0,0,0.995095,0.90261,0.678647
0,0,0,1,0.934398,1,0,0,0,0.825449,0.790045,0.595257
0,0,0,1,0.973945,0.453388,0,0,0,1,0.964987,0.736401
0,0,0,1,0.931653,1,0,0,0,0.951142,0.927363,0.75037
0,0,0,1,0.9853,0.225842,0,0,0,0.99585,0.90053,0.674158
0,0,0,1,0.969196,0.588638,0,0,0,0.941331,0.919208,0.750004
0,0,0,1,0.96922,0.209948,0,0,0,0.999998,0.950595,0.746693
0,0,0,1,0.934042,0.836898,0,0,0,0.999964,0.961171,0.717309
0,0,0,1,0.946083,0.396853,0,0,0,1,0.951684,0.711932
0,0,0,1,0.945324,1,0,0,0,0.984635,0.925903,0.737914
0,0,0,1,0.969425,1,0,0,0,0.999998,0.963916,0.741861
0,0,0,0.992385,0.950095,0.854891,0,0,0,0.999991,0.956145,0.738858
0,0,0,1,0.94059,0.575033,0,0,0,1,0.96051,0.731826
0,0,0,1,0.937775,0.365596,0,0,0,0.999807,0.928279,0.688049
0,0,0,1,0.951505,1,0,0,0,0.999953,0.95388,0.708414
0,0,0,1,0.931984,1,0,0,0,1,0.947186,0.695958
0,0,0,1,0.919285,1,0,0,0,1,0.949669,0.713731
0,0,0,1,0.971155,0.204797,0,0,0,1,0.982624,0.717408
0,0,0,0,0,0,0,0,0,0.888952,0.861072,0.654674
0,0,0,1,0.937583,0.462752,0,0,0,0.999842,0.938463,0.707708
0,0,0,1,0.915597,1,0,0,0,1,0.979275,0.758153
0,0,0,1,0.969147,0.589449,0,0,0,1,0.972046,0.729423
0,0,0,0.982124,0.924566,1,0,0,0,1,0.946892,0.693161
0,0,0,1,0.980383,0.409702,0,0,0,1,0.976758,0.723114
0,0,0,1,0.942044,1,0,0,0,0.999997,0.964254,0.739234
0,0,0,1,0.967773,0.639245,0,0,0,0.963437,0.933066,0.783492
0,0,0,0,0,0,0,0,0,0.886027,0.80271,0.645008
0,0,0,1,0.922793,1,0,0,0,0.999996,0.956634,0.702632
0,0,0,0.995943,0.922173,1,0,0,0,1,0.951051,0.699254
0,0,0,1,0.939681,0.395237,0,0,0,0.998826,0.914901,0.685002
0,0,0,1,0.974197,0.489915,0,0,0,0.999983,0.9455,0.721841
0,0,0,0,0,0,0,0,0,0.983279,0.952397,0.760117
0,0,0,1,0.984077,0.253747,0,0,0,0.999999,0.969266,0.744656
0,0,0,1,0.998396,0.210754,0,0,0,1,0.970909,0.734691
0,0,0,1,0.948197,0.310858,0,0,0,1,0.975762,0.724383
0,0,0,1,0.952678,1,0,0,0,0.999958,0.951504,0.731442
0,0,0,1,0.927101,1,0,0,0,1,0.948442,0.693577
0,0,0,1,0.933267,0.883976,0,0,0,1,0.940353,0.689724
0,0,0,1,0.9496,1,0,0,0,1,0.940898,0.68458
0,0,0,0,0,0,0,0,0,0.626696,0.59796,0.461533
0,0,0,1,0.935612,1,0,0,0,0.988928,0.937555,0.713631
0,0,0,1,0.980394,0.409147,0,0,0,0.999869,0.934275,0.695855
0,0,0,1,0.953186,1,0,0,0,0.998696,0.971939,0.776453
0,0,0,0.991429,0.908211,1,0,0,0,0.99997,0.929568,0.683947
0,0,0,1,0.933668,0.929602,0,0,0,1,0.9462,0.692538
0,0,0,1,0.954895,1,0,0,0,0.999997,0.932821,0.680348
0,0,0,1,0.909889,1,0,0,0,1,0.952397,0.695441
0,0,0,1,0.942392,1,0,0,0,0.999969,0.930078,0.688887
0,0,0,1,0.94638,0.397324,0,0,0,0.999998,0.974288,0.757077
0,0,0,1,0.97096,0.204244,0,0,0,0.957675,0.928279,0.756358
0,0,0,1,0.933982,0.833092,0,0,0,0.9953,0.964789,0.805173
0,0,0,0.991687,0.919546,1,0,0,0,1,0.958304,0.722037
0,0,0,1,0.943453,1,0,0,0,0.999933,0.954052,0.739046
0,0,0,1,0.946584,1,0,0,0,0.999819,0.932944,0.70069
0,0,0,1,0.932384,0.934999,0,0,0,1,0.962532,0.732783
0,0,0,1,0.951849,1,0,0,0,1,0.95877,0.707405
0,0,0,0,0,0,0,0,0,0.801004,0.772359,0.578329
0,0,0,1,0.948994,0.336169,0,0,0,0.90261,0.862352,0.669421
0,0,0,0,0,0,0,0,0,0.849222,0.820037,0.622172
0,0,0,0.99432,0.908961,1,0,0,0,1,0.934275,0.685529
0,0,0,1,0.905607,1,0,0,0,0.999999,0.941439,0.687735
0,0,0,1,0.994327,0.20177,0,0,0,0.999996,0.959231,0.729423
0,0,0,1,0.933804,0.880184,0,0,0,0.999965,0.923868,0.677794
0,0,0,1,0.947824,0.365587,0,0,0,0.951774,0.922622,0.765418
0,0,0,1,0.940632,0.575333,0,0,0,1,0.973241,0.726523
0,0,0,1,0.936675,0.498265,0,0,0,1,0.958226,0.733356
0,0,0,0,0,0,0,0,0,0.919931,0.893123,0.721547
0,0,0,1,0.951871,0.264901,0,0,0,0.99999,0.932453,0.694613
0,0,0,1,0.945107,1,0,0,0,0.997306,0.978631,0.811078
0,0,0,1,0.938935,1,0,0,0,1,0.952131,0.706596
0,0,0,0,0,0,0,0,0,0.912748,0.883437,0.683314
0,0,0,0,0,0,0,0,0,0.968915,0.944485,0.7696
0,0,0,1,0.980266,0.19919,0,0,0,1,0.979036,0.75037
0,0,0,1,0.939483,0.615637,0,0,0,0.999994,0.925634,0.675765
0,0,0,1,0.933809,0.879013,0,0,0,0.973037,0.952309,0.800692
0,0,0,1,0.980606,0.206584,0,0,0,0.999999,0.949576,0.725065
0,0,0,1,0.971021,0.200589,0,0,0,1,0.966851,0.750736
0,0,0,1,0.961312,0.71,0,0,0,0.999907,0.946001,0.743168
0,0,0,0.994133,0.912746,1,0,0,0,0.999999,0.959837,0.712032
0,0,0,0.990014,0.918395,1,0,0,0,1,0.976265,0.715623
0,0,0,1,0.938681,0.428055,0,0,0,0.96378,0.93511,0.788909
0,0,0,1,0.981566,0.295973,0,0,0,1,0.964855,0.728072
0,0,0,1,0.94057,0.574884,0,0,0,0.999845,0.95096,0.71113
0,0,0,1,0.944758,0.430323,0,0,0,0.898411,0.870377,0.661923
0,0,0,1,0.937487,0.462325,0,0,0,0.805173,0.774924,0.57338
0,0,0,0,0,0,0,0,0,0.808219,0.769773,0.572364
0,0,0,1,0.936383,1,0,0,0,0.994314,0.921074,0.716417
0,0,0,1,0.933573,0.977533,0,0,0,1,0.952131,0.69946
0,0,0,1,0.974161,0.490811,0,0,0,0.978219,0.956553,0.798029
0,0,0,1,0.936775,0.498747,0,0,0,0.999995,0.942188,0.703549
0,0,0,1,0.974593,0.190909,0,0,0,1,0.950411,0.695338
0,0,0,0,0,0,0,0,0,1,0.950869,0.703753
0,0,0,0,0,0,0,0,0,0.999987,0.955319,0.729038
0,0,0,1,0.951492,1,0,0,0,0.797872,0.757974,0.57827
1.90735e-06,0,0,0,0,0,0,0,0,0.999882,0.919498,0.675658
0,0,0,1,0.976982,0.204357,0,0,0,0.999183,0.961461,0.746878
0,0,0,1,0.935701,0.699369,0,0,0,0.999967,0.906983,0.681621
4.76837e-07,0,0,0.962807,0.962437,0.932068,0,0,0,0.847463,0.814791,0.649579
0,0,0,1,0.948082,0.310532,0,0,0,0.999733,0.950503,0.740925
0,0,0,1,0.935071,0.53603,0,0,0,1,0.971886,0.722527
0,0,0,1,0.976837,0.185135,0,0,0,0.99888,0.914901,0.684686
0,0,0,1,0.955254,1,0,0,0,1,0.976446,0.741487
0,0,0,1,0.937898,1,0,0,0,0.995133,0.929184,0.722135
0,0,0,1,0.926507,0.698962,0,0,0,1,0.976802,0.735262
0,0,0,1,0.935685,0.699097,0,0,0,1,0.974821,0.729712
0,0,0,1,0.960812,0.263841,0,0,0,1,0.974043,0.745028
0,0,0,1,0.980597,0.206535,0,0,0,1,0.941115,0.689201
0,0,0,1,0.956812,1,0,0,0,0.999877,0.949389,0.721253
0,0,0,1,0.943687,1,0,0,0,0.999996,0.962462,0.7413
0,0,0,1,0.965741,0.227323,0,0,0,0.999999,0.952662,0.720958
0,0,0,0,0,0,0,0,0,0.7324,0.691185,0.519628
0,0,0,1,0.951583,1,0,0,0,0.881819,0.841826,0.650689
0,0,0,1,0.940834,1,0,0,0,0.999999,0.944382,0.70477
0,0,0,1,0.956723,1,0,0,0,0.862699,0.781664,0.585338
0,0,0,1,0.937863,1,0,0,0,1,0.978052,0.741487
0,0,0,0,0,0,0,0,0,0.90599,0.838812,0.647241
0,0,0,1,0.937535,0.462541,0,0,0,0.999999,0.966283,0.742795
0,0,0,1,0.950375,1,0,0,0,0.999992,0.960878,0.738669
0,0,0,1,0.955648,1,0,0,0,1,0.973544,0.714927
0,0,0,1,0.98628,0.313139,0,0,0,0.999897,0.936052,0.68742
0,0,0,1,0.980203,0.279769,0,0,0,0.999999,0.967039,0.735262
0,0,0,1,0.946492,0.337213,0,0,0,1,0.975437,0.738669
0,0,0,1,0.934209,1,0,0,0,1,0.954393,0.710628
0,0,0,1,0.933564,0.978111,0,0,0,0.999999,0.967595,0.740174
0,0,0,1,0.94907,1,0,0,0,0.999996,0.949106,0.709623
0,0,0,1,0.946679,1,0,0,0,1,0.973645,0.723602
0,0,0,0,0,0,0,0,0,0.965771,0.934753,0.764012
0,0,0,0.948993,0.97487,0.839076,0,0,0,0.88779,0.85269,0.662141
0,0,0,1,0.984178,0.254988,0,0,0,1,0.974917,0.717309
0,0,0,0.965019,0.962728,0.929022,0,0,0,0.999124,0.957198,0.728362
0,0,0,1,0.939276,1,0,0,0,1,0.967717,0.735262
0,0,0,1,0.925314,1,0,0,0,0.99896,0.942507,0.717012
0,0,0,1,0.932384,0.934858,0,0,0,0.991554,0.983085,0.865338
0,0,0,0.992582,0.930583,1,0,0,0,1,0.944893,0.693577
0,0,0,1,0.97912,0.216374,0,0,0,1,0.968738,0.710126
0,0,0,1,0.932383,0.934156,0,0,0,0.999999,0.96641,0.738669
0.00102479,4.08879e-05,0,0,0,0,0,0,0,1,0.940243,0.682891
0,0,0,1,0.936444,0.396349,0,0,0,0.999954,0.930205,0.692434
0,0,0,0.986776,0.971162,0.639226,0,0,0,0.999973,0.950319,0.742048
0,0,0,1,0.931991,1,0,0,0,0.999998,0.945096,0.706798
0,0,0,1,0.973351,0.190423,0,0,0,1,0.955734,0.720663
0,0,0,0,0,0,0,0,0,0.805479,0.760651,0.565059
0,0,0,1,0.982595,0.226333,0,0,0,0.99999,0.928668,0.696991
0,0,0,0,0,0,0,0,0,0.997065,0.955402,0.739422
0,0,0,1,0.927625,0.65614,0,0,0,0.999961,0.92617,0.68215
0,0,0,1,0.937845,1,0,0,0,0.999301,0.924824,0.702224
0,0,0,0.993354,0.912543,1,0,0,0,0.999874,0.963369,0.740925
0,0,0,1,0.916458,1,0,0,0,0.98858,0.962883,0.773045
0,0,0,0,0,0,0,0,0,0.973544,0.928279,0.723602
0,0,0,1,0.935519,1,0,0,0,1,0.975992,0.723016
0,0,0,1,0.925302,1,0,0,0,0.999999,0.976038,0.721939
0,0,0,1,0.982093,0.211293,0,0,0,0.965576,0.93835,0.76769
0,0,0,1,0.951708,1,0,0,0,0.999979,0.950227,0.713631
0,0,0,0.970801,0.97533,0.77179,0,0,0,0.995226,0.96051,0.75401
0,0,0,1,0.932698,1,0,0,0,0.978915,0.956227,0.804713
0,0,0,1,0.97703,0.204573,0,0,0,0.999849,0.942823,0.69946
0,0,0,1,0.945668,1,0,0,0,0.945197,0.899828,0.678327
0,0,0,1,0.946376,0.397308,0,0,0,0.997981,0.919643,0.682679
0,0,0,1,0.933697,0.927417,0,0,0,0.999946,0.924688,0.696268
0,0,0,0,0,0,0,0,0,0.949201,0.895523,0.675229
0,0,0,1,0.937966,1,0,0,0,0.999999,0.955319,0.72952
0,0,0,0.996423,0.922327,1,0,0,0,0.991422,0.925365,0.708414
0,0,0,0.980128,0.957855,1,0,0,0,0.999813,0.969266,0.715424
0,0,0,0.966953,0.928753,1,0,0,0,0.999997,0.957198,0.732209
0,0,0,1,0.936155,1,0,0,0,0.999989,0.927626,0.68784
0,0,0,1,0.934407,1,0,0,0,0.999996,0.975249,0.7237
0,0,0,1,0.941443,1,0,0,0,0.999968,0.946794,0.739799
0,0,0,1,0.940586,0.575011,0,0,0,0.949201,0.92617,0.758153
0,0,0,1,0.958564,0.216407,0,0,0,0.999925,0.953622,0.73659
0,0,0,1,0.98215,0.211644,0,0,0,0.999998,0.9775,0.751466
0,0,0,0,0,0,0,0,0,0.891999,0.840783,0.63861
0,0,0,0,0,0,0,0,0,0.971779,0.898767,0.670608
0,0,0,1,0.997827,0.312277,0,0,0,1,0.957437,0.7324
0,0,0,1,0.948045,0.310428,0,0,0,0.99999,0.966976,0.744656
0,0,0,0,0,0,0,0,0,0.768733,0.730674,0.525932
0,0,0,1,0.948282,0.311098,0,0,0,0.920361,0.898411,0.703855
0,0,0,1,0.933821,0.831097,0,0,0,0.991322,0.916409,0.700997
0,0,0,0.993071,0.91986,1,0,0,0,1,0.96796,0.727879
0,0,0,1,0.933451,0.981842,0,0,0,0.985773,0.889721,0.689306
0,0,0,1,0.946459,0.337113,0,0,0,1,0.956634,0.722037
0,0,0,1,0.938383,0.657898,0,0,0,0.998755,0.953708,0.742235
0,0,0,0.995017,0.909247,1,0,0,0,0.937669,0.906653,0.701815
0,0,0,1,0.93784,1,0,0,0,0.999999,0.943138,0.689933
0,0,0,1,0.944744,1,0,0,0,0.999731,0.947575,0.743168
0,0,0,1,0.939486,0.615663,0,0,0,1,0.947284,0.696165
0,0,0,1,0.976779,0.203444,0,0,0,0.977241,0.952662,0.769254
0,0,0,0,0,0,0,0,0,1,0.961822,0.745584
0,0,0,1,0.933813,0.879457,0,0,0,1,0.943138,0.719679
0,0,0,1,0.925381,0.743046,0,0,0,1,0.964522,0.726911
0,0,0,0.997989,0.922824,1,0,0,0,0.978713,0.961171,0.798344
0,0,0,1,0.981549,0.295587,0,0,0,1,0.957833,0.713032
0.0056096,0.00139116,0,1,0.940213,1,0,0,0,0.764012,0.72526,0.545861
0,0,0,1,0.927627,0.65616,0,0,0,1,0.966789,0.737725
0,0,0,1,0.948725,1,0,0,0,0.850965,0.823044,0.628863
0,0,0,0.98946,0.918217,1,0,0,0,0.999982,0.926835,0.695028
0,0,0,1,0.936241,0.498877,0,0,0,0.978549,0.884838,0.672439
0,0,0,0.968441,0.975112,0.774397,0,0,0,1,0.977328,0.726814
0,0,0,1,0.933273,0.884398,0,0,0,0.893867,0.858955,0.659515
0,0,0,1,0.922019,1,0,0,0,1,0.975577,0.724091
0,0,0,1,0.9452,1,0,0,0,0.999793,0.917598,0.682891
0,0,0,0.977126,0.945553,1,0,0,0,1,0.943556,0.697403
0,0,0,0.999365,0.9612,0.711454,0,0,0,1,0.984336,0.756717
0,0,0,1,0.956861,1,0,0,0,1,0.967225,0.745769
0,0,0,1,0.935769,0.700313,0,0,0,0.999215,0.920504,0.690455
0,0,0,1,0.938692,0.428098,0,0,0,1,0.967225,0.740737
0,0,0,0.993138,0.917193,1,0,0,0,1,0.976847,0.721743
0,0,0,1,0.942663,0.498216,0,0,0,1,0.945096,0.705988
0,0,0,1,0.951584,1,0,0,0,1,0.958847,0.698638
0,0,0,0.969043,0.931191,1,0,0,0,1,0.939137,0.693577
0,0,0,1,0.947819,0.36557,0,0,0,0.938576,0.896614,0.715722
0,0,0,1,0.946095,1,0,0,0,0.979354,0.958538,0.796292
1.3113e-06,0,0,0.988801,0.918003,1,0,0,0,0.999946,0.947186,0.711531
0,0,0,1,0.982567,0.226119,0,0,0,0.999984,0.97553,0.766818
0,0,0,1,0.984066,0.253607,0,0,0,0.856812,0.830181,0.629888
0,0,0,1,0.936044,1,0,0,0,0.999926,0.96622,0.708818
0,0,0,0.990769,0.916432,1,0,0,0,0.999999,0.937669,0.713731
0,0,0,1,0.933243,1,0,0,0,0.88642,0.851706,0.629547
0,0,0,1,0.92276,1,0,0,0,0.999979,0.977671,0.748904
0,0,0,0,0,0,0,0,0,0.999999,0.931711,0.67971
0,0,0,1,0.937363,0.70268,0,0,0,0.998377,0.975249,0.792143
0,0,0,1,0.976911,0.185358,0,0,0,0.999586,0.955068,0.7324
0,0,0,1,0.937714,0.365401,0,0,0,0.999999,0.970127,0.730386
0,0,0,0.994085,0.921574,1,0,0,0,0.999722,0.936285,0.698021
0,0,0,0.977433,0.914237,1,0,0,0,0.999997,0.965119,0.709019
0,0,0,1,0.951486,1,0,0,0,1,0.969324,0.72594
0,0,0,1,0.939883,1,0,0,0,0.999999,0.976891,0.760117
0,0,0,1,0.941855,0.53703,0,0,0,1,0.969149,0.742048
0,0,0,0,0,0,0,0,0,0.964119,0.931587,0.720467
0,0,0,1,0.961601,0.706272,0,0,0,0.951142,0.90878,0.696991
0,0,0,1,0.926707,1,0,0,0,1,0.964119,0.716814
0,0,0,1,0.971158,0.200944,0,0,0,0.999998,0.967778,0.733165
0,0,0,1,0.951351,1,0,0,0,0.998952,0.96741,0.759582
0,0,0,0,0,0,0,0,0,0.966789,0.939137,0.723602
0,0,0,1,0.933568,0.977836,0,0,0,0.999998,0.939248,0.700792
0,0,0,0.976122,0.919441,1,0,0,0,0.898589,0.866019,0.666714
0,0,0,1,0.972251,0.201911,0,0,0,0.969671,0.938801,0.741112
0,0,0,0,0,0,0,0,0,1,0.982823,0.752195
0,0,0,1,0.933256,0.884505,0,0,0,0.998821,0.94079,0.692642
0,0,0,1,0.939009,1,0,0,0,1,0.96641,0.723407
0,0,0,1,0.949392,1,0,0,0,0.999998,0.964389,0.738669
0,0,0,1,0.905558,1,0,0,0,0.999995,0.947575,0.724481
0,0,0,1,0.937944,1,0,0,0,0.953708,0.930458,0.755637
0,0,0,1,0.939564,0.616339,0,0,0,0.999987,0.940463,0.708818
0,0,0,1,0.937454,0.462179,0,0,0,0.999374,0.961389,0.732209
0,0,0,1,0.935351,0.746166,0,0,0,1,0.969266,0.743727
0,0,0,1,0.977689,0.489662,0,0,0,0.99917,0.930584,0.691602
0,0,0,1,0.953342,1,0,0,0,0.968856,0.950041,0.786623
0.0227432,0.00680179,0,0,0,0,0,0,0,0.760828,0.727879,0.544256
0,0,0,1,0.956385,0.230426,0,0,0,1,0.971886,0.747984
0,0,0,0,0,0,0,0,0,0.850841,0.820037,0.610163
0,0,0,1,0.95455,1,0,0,0,1,0.973292,0.718397
0,0,0,0,0,0,0,0,0,0.850469,0.812123,0.614394
0.000221228,0,0,0,0,0,0,0,0,0.999997,0.941547,0.701815
0,0,0,1,0.941317,1,0,0,0,1,0.98222,0.732018
0,0,0,0,0,0,0,0,0,0.889337,0.863507,0.667364
0,0,0,1,0.950743,1,0,0,0,0.999999,0.962036,0.710327
0,0,0,1,0.937426,1,0,0,0,0.927363,0.898589,0.734691
0,0,0,1,0.938461,0.658735,0,0,0,0.999999,0.941761,0.707809
0,0,0,1,0.928768,0.614594,0,0,0,0.999997,0.936401,0.680985
0,0,0,1,0.925428,1,0,0,0,0.992568,0.943971,0.739986
0,0,0,1,0.933272,0.882994,0,0,0,1,0.958924,0.700895
0,0,0,1,0.931447,1,0,0,0,1,0.941331,0.688573
0,0,0,1,0.94626,1,0,0,0,0.99402,0.96378,0.763484
0,0,0,1,0.968334,0.212667,0,0,0,1,0.976401,0.721841
0,0,0,1,0.951868,1,0,0,0,0.953013,0.926037,0.749087
0,0,0,0.962672,0.948983,1,0,0,0,0.999998,0.964789,0.739611
0,0,0,1,0.933803,0.880144,0,0,0,0.99999,0.962883,0.738669
0,0,0,1,0.974133,0.491524,0,0,0,0.947866,0.917451,0.766468
0,0,0,1,0.945349,1,0,0,0,0.996984,0.972467,0.80837
0,0,0,1,0.973333,0.195416,0,0,0,0.999489,0.924552,0.681515
0,0,0,1,0.97234,0.202205,0,0,0,1,0.9455,0.688468
0,0,0,0.992609,0.908555,1,0,0,0,0.998035,0.949389,0.746509
0,0,0,1,0.935104,1,0,0,0,0.833053,0.803174,0.594787
0,0,0,1,0.938298,1,0,0,0,0.999981,0.927757,0.681409
0,0,0,1,0.934006,0.834599,0,0,0,1,0.968141,0.727298
0,0,0,0.981433,0.958042,1,0,0,0,1,0.960137,0.738669
0,0,0,0,0,0,0,0,0,0.998481,0.952042,0.737725
0,0,0,1,0.938938,1,0,0,0,1,0.949669,0.721253
0,0,0,1,0.943343,1,0,0,0,0.99999,0.962321,0.739234
0,0,0,1,0.982374,0.245571,0,0,0,0.99098,0.951504,0.760651
0,0,0,0,0,0,0,0,0,0.999993,0.935465,0.690663
0,0,0,1,0.943626,1,0,0,0,0.999999,0.96525,0.745213
0,0,0,1,0.934654,0.78858,0,0,0,0.999998,0.963575,0.712832
0,0,0,1,0.936229,0.748155,0,0,0,0.942612,0.89607,0.717309
0,0,0,1,0.978672,0.19476,0,0,0,0.999997,0.947575,0.710628
0,0,0,1,0.957605,1,0,0,0,0.999996,0.934035,0.684475
0,0,0,1,0.925326,1,0,0,0,0.999999,0.942718,0.685844
0,0,0,1,0.946834,0.337053,0,0,0,0.927232,0.891055,0.697918
0,0,0,1,0.933692,0.928534,0,0,0,0.999977,0.952042,0.713032
0,0,0,0,0,0,0,0,0,1,0.969556,0.723016
0,0,0,1,0.95582,0.229998,0,0,0,0.999946,0.90878,0.684791
0,0,0,1,0.939502,1,0,0,0,0.908293,0.883034,0.703448
0,0,0,0.991391,0.914193,1,0,0,0,1,0.972985,0.727201
0,0,0,1,0.948151,0.310728,0,0,0,1,0.974239,0.726814
0,0,0,1,0.981535,0.201602,0,0,0,0.999994,0.960137,0.745769
0,0,0,0,0,0,0,0,0,0.946001,0.91626,0.729231
0,0,0,1,0.94226,1,0,0,0,1,0.953794,0.697197
0,0,0,1,0.927774,1,0,0,0,0.999826,0.951774,0.714528
0,0,0,1,0.958697,0.216765,0,0,0,0.999741,0.902438,0.677261
0,0,0,0,0,0,0,0,0,0.999999,0.949389,0.698638
0,0,0,0,0,0,0,0,0,1,0.97319,0.742422
0,0,0,1,0.949013,1,0,0,0,0.853303,0.811825,0.571647
0,0,0,1,0.94952,1,0,0,0,1,0.971833,0.739799
0,0,0,0.995655,0.922081,1,0,0,0,1,0.965316,0.73848
0,0,0,1,0.977766,0.487968,0,0,0,0.999992,0.93511,0.694613
0,0,0,0.988787,0.913374,1,0,0,0,0.986623,0.897516,0.668123
0,0,0,1,0.965798,0.227466,0,0,0,0.9978,0.976935,0.801781
0,0,0,1,0.982149,0.211644,0,0,0,1,0.956227,0.716913
0,0,0,0,0,0,0,0,0,0.829354,0.782496,0.625438
0,0,0,1,0.946657,1,0,0,0,0.869049,0.839208,0.640636
0,0,0,0.955374,0.985922,0.695158,0,0,0,0.999991,0.960952,0.740362
0,0,0,0.962664,0.948981,1,0,0,0,0.999998,0.951684,0.718002
0,0,0,1,0.95167,1,0,0,0,0.883034,0.828106,0.660063
0,0,0,1,0.948949,1,0,0,0,0.999987,0.965641,0.736021
0,0,0,1,0.972352,0.202245,0,0,0,1,0.963231,0.714628
0,0,0,1,0.955006,1,0,0,0,0.957991,0.929951,0.764364
0,0,0,0,0,0,0,0,0,0.949012,0.931711,0.746509
0,0,0,0.9949,0.909214,1,0,0,0,1,0.951051,0.698021
0,0,0,1,0.931054,1,0,0,0,1,0.974773,0.740174
0,0,0,1,0.944106,1,0,0,0,0.911495,0.868938,0.624179
0,0,0,1,0.933295,0.574707,0,0,0,0.990366,0.894789,0.677901
0,0,0,1,0.953935,1,0,0,0,1,0.971293,0.733547
0,0,0,0.993779,0.92002,1,0,0,0,0.861887,0.833053,0.624179
0,0,0,1,0.93524,0.743983,0,0,0,0.999999,0.958615,0.722625
0,0,0,0,0,0,0,0,0,0.970465,0.932453,0.73431
0,0,0,1,0.981328,0.346347,0,0,0,0.999989,0.964321,0.72487
0,0,0,1,0.961257,0.263289,0,0,0,0.860721,0.832645,0.637257
0,0,0,1,0.998118,0.369659,0,0,0,0.945096,0.904987,0.685739
0,0,0,1,0.973526,0.195998,0,0,0,0.814053,0.774583,0.591251
0,0,0,1,0.93567,1,0,0,0,0.999976,0.92617,0.710226
0,0,0,1,0.939498,0.61577,0,0,0,0.999969,0.952309,0.710929
0,0,0,1,0.981515,0.294847,0,0,0,0.999943,0.945701,0.71721
0,0,0,1,0.933459,0.981202,0,0,0,1,0.959078,0.699049
0,0,0,1,0.945206,1,0,0,0,0.978302,0.956715,0.797714
0,0,0,1,0.938533,0.659487,0,0,0,1,0.945601,0.688573
0,0,0,1,0.941578,1,0,0,0,1,0.967533,0.73659
0,0,0,1,0.953272,1,0,0,0,0.99999,0.962179,0.714927
0,0,0,0,0,0,0,0,0,0.877477,0.849597,0.652463
0,0,0,1,0.95943,1,0,0,0,1,0.973745,0.732592
0,0,0,1,0.998119,0.369336,0,0,0,0.709422,0.668988,0.483496
0,0,0,1,0.980393,0.409183,0,0,0,1,0.976714,0.724188
0,0,0,1,0.941736,0.536322,0,0,0,0.999812,0.932207,0.690246
0,0,0,1,0.946079,0.396842,0,0,0,0.999536,0.910227,0.671686
0,0,0,1,0.933333,0.57497,0,0,0,1,0.947575,0.712532
0,0,0,0,0,0,0,0,0,0.950411,0.92164,0.738292
0,0,0,1,0.946948,0.499854,0,0,0,1,0.980053,0.71123
0,0,0,0.993212,0.950187,0.853876,0,0,0,0.999933,0.954393,0.739799
0,0,0,0.980784,0.945162,1,0,0,0,0.999996,0.933915,0.708313
0,0,0,1,0.957349,1,0,0,0,0.999999,0.934873,0.681197
0,0,0,1,0.945975,0.396479,0,0,0,1,0.974773,0.751648
0,0,0,1,0.95251,0.263172,0,0,0,0.999992,0.970743,0.707304
0,0,0,1,0.979321,0.382472,0,0,0,1,0.969556,0.743354
0,0,0,0.969089,0.931204,1,0,0,0,0.999953,0.926304,0.692746
0,0,0,1,0.930282,1,0,0,0,0.999409,0.993996,0.892187
0,0,0,0.967574,0.936227,1,0,0,0,0.999999,0.947672,0.705582
0,0,0,1,0.945224,1,0,0,0,0.994698,0.972046,0.824885
0,0,0,0,0,0,0,0,0,0.999996,0.950134,0.731826
0,0,0,1,0.95336,1,0,0,0,1,0.953449,0.694199
0,0,0,1,0.981333,0.346927,0,0,0,0.999977,0.932083,0.69035
0,0,0,1,0.934934,0.53525,0,0,0,0.99987,0.959459,0.726037
0.0318659,0.00581691,0,0.962919,0.962452,0.931912,0,0,0,0.999999,0.960063,0.7324
0,0,0,1,0.975584,0.201692,0,0,0,0.884439,0.854521,0.66236
0,0,0,1,0.984077,0.253751,0,0,0,1,0.949201,0.732592
0,0,0,1,0.948883,1,0,0,0,1,0.97458,0.72331
0,0,0,1,0.934098,1,0,0,0,1,0.968679,0.737347
0,0,0,1,0.956936,1,0,0,0,0.999993,0.970521,0.701815
0,0,0,1,0.935035,0.53582,0,0,0,0.999998,0.961098,0.720958
0,0,0,1,0.944475,0.429656,0,0,0,0.95877,0.886813,0.680029
0,0,0,1,0.974221,0.489312,0,0,0,1,0.934753,0.710528
0,0,0,1,0.984022,0.25307,0,0,0,1,0.958693,0.70477
0,0,0,1,0.956426,0.227018,0,0,0,1,0.959535,0.729905
0,0,0,1,0.951874,1,0,0,0,0.992683,0.97506,0.818737
0,0,0,0.993275,0.908748,1,0,0,0,1,0.953013,0.718002
0,0,0,1,0.947796,0.365498,0,0,0,1,0.975484,0.726717
0,0,0,1,0.949434,1,0,0,0,0.870267,0.842863,0.648021
0,0,0,1,0.948263,0.311045,0,0,0,0.999992,0.939913,0.702326
0,0,0,0.992948,0.917133,1,0,0,0,0.999991,0.947186,0.731251
0,0,0,1,0.998439,0.211045,0,0,0,0.939803,0.90764,0.753467
0,0,0,1,0.935436,1,0,0,0,0.938688,0.890294,0.727782
0,0,0,1,0.926525,0.699217,0,0,0,0.999976,0.962462,0.730386
0,0,0,1,0.967755,0.639519,0,0,0,0.96225,0.945601,0.780662
0,0,0,1,0.934279,1,0,0,0,0.999807,0.957038,0.711732
0,0,0,1,0.937483,1,0,0,0,0.959535,0.93744,0.764892
0,0,0,1,0.949116,0.336529,0,0,0,0.999997,0.964722,0.738103
0,0,0,0.979669,0.944956,1,0,0,0,0.97539,0.903465,0.681197
0,0,0,1,0.940695,0.575781,0,0,0,0.999999,0.976714,0.76207
0,0,0,1,0.948571,0.310234,0,0,0,0.999558,0.956877,0.738858
0,0,0,0,0,0,0,0,0,0.938688,0.913677,0.727685
0,0,0,1,0.971047,0.204492,0,0,0,0.999999,0.931711,0.70304
0,0,0,1,0.933448,0.98212,0,0,0,0.970409,0.944791,0.784154
0,0,0,1,0.951981,0.265183,0,0,0,0.999464,0.958615,0.725454
0,0,0,0.982883,0.924816,1,0,0,0,1,0.950041,0.6973
0,0,0,0.991764,0.914309,1,0,0,0,0.883437,0.848219,0.647241
0,0,0,1,0.936246,0.498905,0,0,0,0.999056,0.965964,0.753104
0,0,0,1,0.952667,1,0,0,0,0.999995,0.959535,0.695855
0,0,0,1,0.947405,0.364961,0,0,0,0.999898,0.943348,0.721253
0,0,0,0,0,0,0,0,0,0.888759,0.863392,0.670285
0,0,0,1,0.982355,0.245373,0,0,0,0.999993,0.92523,0.678859
0,0,0,1,0.943988,1,0,0,0,0.999922,0.965053,0.749087
0,0,0,0,0,0,0,0,0,0.894237,0.865906,0.709925
0,0,0,1,0.947002,1,0,0,0,0.99997,0.949482,0.695752
0,0,0,1,0.96148,0.707825,0,0,0,1,0.974337,0.725843
0,0,0,0,0,0,0,0,0,0.908293,0.842086,0.625781
0,0,0,0.96645,0.935778,1,0,0,0,1,0.955319,0.71889
0,0,0,1,0.939585,1,0,0,0,1,0.956796,0.727298
0,0,0,1,0.948284,0.311103,0,0,0,1,0.950411,0.698329
0,0,0,0,0,0,0,0,0,0.999993,0.949201,0.718792
0,0,0,1,0.946524,1,0,0,0,1,0.972415,0.744842
0,0,0,1,0.947944,0.464033,0,0,0,1,0.985828,0.757436
0,0,0,0.972919,0.91362,1,0,0,0,0.993307,0.932207,0.739234
0,0,0,1,0.969225,0.588169,0,0,0,0.997843,0.928668,0.721841
0,0,0,1,0.933677,1,0,0,0,1,0.970465,0.726814
0,0,0,1,0.982362,0.245444,0,0,0,1,0.973544,0.724578
0,0,0,1,0.944226,1,0,0,0,0.996676,0.958382,0.784319
0,0,0,0.987426,0.971203,0.638642,0,0,0,0.974532,0.948728,0.73659
0,0,0,1,0.975587,0.201703,0,0,0,1,0.975155,0.715523
0,0,0,1,0.931936,1,0,0,0,0.977154,0.955569,0.779825
0,0,0,1,0.935237,0.743927,0,0,0,0.999999,0.93835,0.682785
0,0,0,1,0.938428,0.6584,0,0,0,0.999995,0.9549,0.739422
0,0,0,1,0.933653,1,0,0,0,1,0.976265,0.725065
0,0,0,1,0.934292,1,0,0,0,0.915658,0.876105,0.665845
0,0,0,0,0,0,0,0,0,0.941868,0.916857,0.740174
0,0,0,0.973369,0.91377,1,0,0,0,0.999992,0.957596,0.746693
0,0,0,0.983549,0.971507,0.840005,0,0,0,1,0.968856,0.719482
0,0,0,1,0.911859,1,0,0,0,1,0.972099,0.725065
0,0,0,1,0.968241,0.21243,0,0,0,0.999265,0.926703,0.706798
0,0,0,1,0.937766,0.463165,0,0,0,1,0.980506,0.73412
0,0,0,1,0.92774,0.657277,0,0,0,0.999975,0.973894,0.755457
0,0,0,1,0.949776,1,0,0,0,0.999969,0.960287,0.738103
0,0,0,1,0.955222,1,0,0,0,0.999979,0.957675,0.68056
0,0,0,1,0.953512,1,0,0,0,0.999995,0.936634,0.680879
0,0,0,1,0.939357,1,0,0,0,0.876529,0.846831,0.63477
0,0,0,1,0.933269,0.884178,0,0,0,0.999993,0.93835,0.698432
0,0,0,0,0,0,0,0,0,0.991153,0.961822,0.762424
0,0,0,1,0.947497,0.365257,0,0,0,0.999994,0.971779,0.730963
0,0,0,0,0,0,0,0,0,0.795658,0.764892,0.587352
0,0,0,0,0,0,0,0,0,0.999998,0.952309,0.729905
0,0,0,1,0.951444,1,0,0,0,0.999956,0.923316,0.67694
0,0,0,1,0.946621,1,0,0,0,1,0.970013,0.742608
0,0,0,1,0.97683,0.194677,0,0,0,0.955651,0.930332,0.753829
0,0,0,1,0.953404,1,0,0,0,0.999529,0.943348,0.712132
0,0,0,1,0.955613,1,0,0,0,0.954223,0.925769,0.759047
0,0,0,1,0.933691,0.928813,0,0,0,1,0.973393,0.722429
0,0,0,0.978484,0.934812,1,0,0,0,0.900355,0.875893,0.691185
0,0,0,1,0.935762,1,0,0,0,1,0.973645,0.750736
0,0,0,1,0.926521,0.699177,0,0,0,1,0.975577,0.743727
0,0,0,1,0.955827,0.230014,0,0,0,0.999755,0.9462,0.707203
0,0,0,1,0.933643,0.930717,0,0,0,0.999996,0.956472,0.735071
0,0,0,1,0.97334,0.195436,0,0,0,0.918772,0.846197,0.627267
0,0,0,1,0.935193,0.536718,0,0,0,0.999999,0.977197,0.75183
0,0,0,1,0.934013,0.835331,0,0,0,0.999988,0.959913,0.741674
0,0,0,0.999819,0.936907,1,0,0,0,1,0.942612,0.687
0,0,0,0,0,0,0,0,0,0.999912,0.917303,0.671471
0,0,0,1,0.958762,0.216941,0,0,0,1,0.971402,0.745584
0,0,0,1,0.937799,0.463308,0,0,0,0.999999,0.941331,0.701815
0,0,0,0.988765,0.997095,0.440567,0,0,0,1,0.973544,0.748536
0,0,0,1,0.932383,0.934361,0,0,0,0.999997,0.925095,0.680029
0,0,0,1,0.935696,0.699308,0,0,0,0.978508,0.956877,0.797557
0,0,0,1,0.9789,0.203805,0,0,0,1,0.973494,0.739046
0,0,0,0.989077,0.936244,1,0,0,0,0.999981,0.917154,0.676834
0,0,0,0.989069,0.997101,0.440385,0,0,0,0.999985,0.961461,0.724188
0,0,0,0.990116,0.936402,1,0,0,0,0.953708,0.926437,0.773559
0,0,0,1,0.933268,0.882687,0,0,0,0.999999,0.936749,0.710327
0,0,0,1,0.937717,1,0,0,0,0.991221,0.899475,0.669421
0,0,0,1,0.943358,1,0,0,0,0.999999,0.933066,0.678327
0,0,0,1,0.975298,0.192119,0,0,0,1,0.96051,0.719876
0,0,0,0,0,0,0,0,0,1,0.967163,0.743168
0,0,0,1,0.931868,1,0,0,0,0.999973,0.925769,0.679072
0.00913122,0.00290544,0,0,0,0,0,0,0,0.785473,0.739422,0.500204
0,0,0,1,0.951838,0.264817,0,0,0,0.998125,0.966914,0.791176
0,0,0,0.991255,0.930158,1,0,0,0,0.995245,0.897336,0.669637
0,0,0,1,0.937918,0.463828,0,0,0,0.970183,0.946597,0.774242
0,0,0,1,0.946381,0.397325,0,0,0,0.999959,0.932944,0.696681
0,0,0,1,0.968419,0.212881,0,0,0,0.999999,0.9666,0.725454
0,0,0,1,0.963619,0.243002,0,0,0,0.919931,0.895157,0.703142
0,0,0,1,0.9353,1,0,0,0,0.99929,0.962883,0.73678
0,0,0,1,0.933604,0.977352,0,0,0,0.999993,0.949482,0.721253
0,0,0,1,0.933294,0.574699,0,0,0,1,0.962321,0.73848
0,0,0,0,0,0,0,0,0,0.791982,0.753104,0.562837
0,0,0,0.972861,0.9136,1,0,0,0,1,0.965316,0.728652
0,0,0,1,0.937521,0.462478,0,0,0,1,0.977154,0.726037
0,0,0,1,0.94443,0.365794,0,0,0,0.999929,0.962321,0.723993
0,0,0,1,0.962824,0.20254,0,0,0,0.999942,0.922482,0.67662
5.3644e-06,0,0,0,0,0,0,0,0,0.912124,0.885829,0.706899
0,0,0,1,0.969163,0.589196,0,0,0,0.896433,0.856453,0.679817
0,0,0,1,0.932383,0.934116,0,0,0,0.878419,0.851089,0.661158
0,0,0,1,0.941367,1,0,0,0,0.997941,0.949669,0.739234
0,0,0,1,0.939869,1,0,0,0,0.999998,0.963022,0.742982
0,0,0,1,0.944609,0.430173,0,0,0,0.999995,0.957912,0.728555
0,0,0,1,0.926802,1,0,0,0,0.995226,0.978385,0.814791
0,0,0,1,0.944754,1,0,0,0,0.99891,0.943243,0.708414
0,0,0,1,0.952638,1,0,0,0,0.999853,0.903465,0.679391
0,0,0,1,0.945663,1,0,0,0,1,0.972152,0.739234
0.0260477,0.00293028,0,1,0.961463,0.708045,0,0,0,0.999978,0.942295,0.711531
0,0,0,1,0.934675,0.789104,0,0,0,0.999678,0.971456,0.754734
0,0,0,1,0.956369,0.230383,0,0,0,0.999881,0.942188,0.694613
0,0,0,1,0.952641,0.263502,0,0,0,0.9987,0.950503,0.744656
0,0,0,0,0,0,0,0,0,0.999253,0.945701,0.718199
0,0,0,0,0,0,0,0,0,0.901921,0.869715,0.669961
0,0,0,0.993827,0.912666,1,0,0,0,0.90599,0.847842,0.663778
0,0,0,1,0.958653,0.216648,0,0,0,0.841826,0.810629,0.595316
0.0401382,0.00775115,0,0,0,0,0,0,0,0.999996,0.956877,0.72526
0,0,0,1,0.946759,0.336836,0,0,0,0.974532,0.932699,0.73431
0,0,0,1,0.978658,0.194707,0,0,0,1,0.950869,0.726329
0,0,0,1,0.950709,0.309176,0,0,0,0.902266,0.873431,0.698946
0,0,0,1,0.980123,0.198531,0,0,0,0.999999,0.928409,0.701406
0,0,0,1,0.942783,0.464984,0,0,0,0.999999,0.966156,0.738292
0,0,0,1,0.937723,0.462978,0,0,0,1,0.946101,0.689933
0,0,0,0.969758,0.975234,0.772937,0,0,0,0.921499,0.895523,0.711631
0,0,0,1,0.944909,1,0,0,0,0.999998,0.95222,0.714329
0,0,0,1,0.933026,1,0,0,0,0.927363,0.887009,0.731251
0,0,0,0,0,0,0,0,0,0.975623,0.948442,0.742422
0,0,0,1,0.951638,1,0,0,0,1,0.977154,0.723798
0,0,0,1,0.942095,1,0,0,0,1,0.97649,0.7478
0,0,0,1,0.951692,0.264441,0,0,0,1,0.962108,0.720073
0,0,0,1,0.958818,0.285546,0,0,0,0.999997,0.92657,0.679285
0,0,0,1,0.944885,1,0,0,0,1,0.95877,0.717804
0,0,0,0.966675,0.928668,1,0,0,0,0.988492,0.959687,0.752559
0,0,0,0,0,0,0,0,0,0.776792,0.745398,0.539135
0,0,0,0,0,0,0,0,0,0.88642,0.853791,0.696991
0,0,0,1,0.947918,0.463915,0,0,0,0.944791,0.922482,0.740362
0,0,0,1,0.984657,0.294067,0,0,0,0.99999,0.966537,0.705988
0,0,0,1,0.933347,0.575056,0,0,0,1,0.971129,0.721253
0,0,0,1,0.936152,0.656128,0,0,0,0.80271,0.764892,0.575349
0,0,0,1,0.928738,0.614343,0,0,0,0.978343,0.953966,0.807916
0,0,0,0,0,0,0,0,0,0.857768,0.824885,0.60288
0,0,0,0.989234,0.997104,0.440286,0,0,0,0.948058,0.9271,0.75183
0,0,0,0,0,0,0,0,0,0.985718,0.956553,0.799442
0,0,0,1,0.93369,1,0,0,0,1,0.965185,0.744471
0,0,0,0,0,0,0,0,0,0.891622,0.862236,0.649356
0,0,0,0.979135,0.944857,1,0,0,0,1,0.959383,0.706697
0,0,0,1,0.977712,0.489156,0,0,0,0.999982,0.937211,0.694821
0,0,0,0.977502,0.914255,1,0,0,0,0.809577,0.780328,0.583441
0,0,0,1,0.933808,0.878886,0,0,0,1,0.982356,0.753829
0,0,0,1,0.973385,0.195574,0,0,0,0.99997,0.960878,0.716119
0.710444,0.292873,0,0,0,0,0,0,0,0.978385,0.936518,0.759939
0,0,0,1,0.964485,1,0,0,0,1,0.96175,0.749454
0,0,0,0.987845,0.913074,1,0,0,0,0.999999,0.978753,0.754734
0,0,0,1,0.946972,1,0,0,0,0.999998,0.958304,0.70253
0,0,0,1,0.950699,0.30915,0,0,0,1,0.971347,0.727201
0,0,0,1,0.982294,0.212547,0,0,0,0.999594,0.91383,0.678753
0,0,0,1,0.919899,1,0,0,0,1,0.969266,0.728072
0,0,0,1,0.933269,0.882771,0,0,0,0.874828,0.839603,0.639173
0,0,0,1,0.944228,1,0,0,0,1,0.948251,0.695441
0,0,0,1,0.944411,0.429409,0,0,0,1,0.968738,0.705886
0,0,0,0,0,0,0,0,0,0.878523,0.853425,0.660939
0,0,0,1,0.924183,0.787736,0,0,0,1,0.975716,0.722821
0,0,0,0.977977,0.934698,1,0,0,0,1,0.982288,0.74055
0,0,0,1,0.952636,1,0,0,0,1,0.955236,0.742608
0,0,0,1,0.933818,0.878219,0,0,0,0.999964,0.970799,0.736401
0,0,0,1,0.933271,0.885541,0,0,0,0.990254,0.900179,0.665084
0,0,0,0,0,0,0,0,0,0.916857,0.880489,0.694303
0,0,0,1,0.955479,1,0,0,0,0.999898,0.943348,0.726911
0,0,0,1,0.942392,1,0,0,0,0.999998,0.938124,0.683102
0,0,0,1,0.953313,1,0,0,0,1,0.976891,0.73848
0,0,0,1,0.94072,0.575962,0,0,0,1,0.958615,0.704973
0,0,0,0,0,0,0,0,0,0.999999,0.950134,0.70202
0,0,0,1,0.933814,1,0,0,0,0.999898,0.95096,0.713132
0,0,0,1,0.998514,0.231728,0,0,0,0.999977,0.959687,0.72952
0,0,0,1,0.947459,0.365136,0,0,0,0.99999,0.959611,0.728652
0,0,0,1,0.953694,0.246382,0,0,0,1,0.967656,0.70912
0,0,0,1,0.942684,0.498324,0,0,0,1,0.972985,0.732974
0,0,0,1,0.949898,1,0,0,0,0.999997,0.9699,0.733929
0,0,0,1,0.944331,0.429564,0,0,0,0.997792,0.920218,0.696784
0,0,0,1,0.935298,0.745065,0,0,0,0.999952,0.91118,0.670608
0,0,0,0,0,0,0,0,0,0.999995,0.95275,0.690768
0,0,0,1,0.998466,0.231279,0,0,0,0.99657,0.898411,0.669529
0,0,0,1,0.933272,0.885564,0,0,0,1,0.966347,0.735262
0,0,0,1,0.949418,0.336409,0,0,0,1,0.973088,0.721547
0,0,0,1,0.971239,0.205035,0,0,0,1,0.979116,0.747984
0,0,0,0,0,0,0,0,0,0.999994,0.968321,0.72526
0,0,0,0,0,0,0,0,0,0.941654,0.91848,0.741861
2.59873e-05,0,0,0,0,0,0,0,0,0.999998,0.957198,0.740925
0,0,0,0.955335,0.985919,0.695197,0,0,0,1,0.970465,0.743354
0,0,0,1,0.927936,1,0,0,0,0.999996,0.933794,0.684159
0,0,0,0.966486,0.935789,1,0,0,0,0.713631,0.675122,0.504913
0,0,0,0,0,0,0,0,0,0.946695,0.922482,0.759047
0,0,0,0,0,0,0,0,0,1,0.978672,0.752922
0,0,0,1,0.946374,0.397301,0,0,0,1,0.97859,0.730674
0,0,0,1,0.98133,0.346557,0,0,0,0.992364,0.985718,0.872782
0,0,0,1,0.935172,0.536598,0,0,0,0.999998,0.932576,0.679285
0,0,0,1,0.941632,0.535704,0,0,0,1,0.970576,0.721547
8.58303e-06,0,0,1,0.981311,0.344615,0,0,0,0.999961,0.920218,0.670393
0,0,0,1,0.936424,1,0,0,0,0.961965,0.937897,0.763484
0,0,0,1,0.93427,1,0,0,0,1,0.953013,0.70253
0,0,0,0,0,0,0,0,0,0.985158,0.962462,0.813609
0,0,0,0.990798,0.93004,1,0,0,0,0.999998,0.965446,0.71889
0,0,0,1,0.95837,0.769674,0,0,0,0.999692,0.949949,0.714429
0,0,0,1,0.949538,1,0,0,0,1,0.968974,0.719778
0,0,0,1,0.943099,1,0,0,0,0.99484,0.949856,0.772015
0,0,0,1,0.93327,0.882881,0,0,0,0.905823,0.86916,0.700383
0,0,0,1,0.938851,0.428723,0,0,0,0.952926,0.933552,0.796451
0,0,0,0,0,0,0,0,0,1,0.963092,0.737158
0,0,0,0.99152,0.916675,1,0,0,0,0.999939,0.953101,0.711531
0,0,0,1,0.945228,1,0,0,0,0.999937,0.920361,0.676192
0,0,0,0,0,0,0,0,0,0.693992,0.652795,0.468487
0,0,0,0.977414,0.934571,1,0,0,0,1,0.959837,0.739986
0,0,0,1,0.939773,0.618108,0,0,0,0.99341,0.953708,0.726911
0,0,0,1,0.94695,0.499867,0,0,0,0.999996,0.94079,0.703142
0,0,0,1,0.93407,0.838313,0,0,0,1,0.950134,0.697094
0,0,0,1,0.946071,1,0,0,0,0.999999,0.959001,0.736969
0,0,0,1,0.938198,1,0,0,0,0.817137,0.775435,0.547585
0,0,0,1,0.953313,1,0,0,0,1,0.9633,0.708011
0,0,0,1,0.945358,1,0,0,0,0.999993,0.930711,0.678753
0,0,0,1,0.945219,1,0,0,0,0.999991,0.955981,0.707708
0,0,0,1,0.938032,0.463964,0,0,0,1,0.968321,0.744285
0,0,0,1,1,0.266425,0,0,0,0.998573,0.971456,0.792143
0,0,0,0,0,0,0,0,0,0.935465,0.912124,0.744471
0,0,0,1,0.953374,1,0,0,0,0.999997,0.965512,0.742422
0,0,0,1,0.94473,1,0,0,0,0.928539,0.899475,0.703855
0,0,0,1,0.933332,0.574955,0,0,0,0.999996,0.972257,0.737914
0,0,0,0,0,0,0,0,0,0.999975,0.934035,0.691602
0,0,0,1,0.942754,0.464862,0,0,0,1,0.967225,0.728555
0,0,0,1,0.985049,0.210574,0,0,0,1,0.977284,0.737536
0,0,0,1,0.948683,0.310541,0,0,0,0.964921,0.945601,0.740925
0,0,0,1,0.925539,1,0,0,0,0.997327,0.978385,0.810479
0,0,0,1,0.945045,1,0,0,0,0.90549,0.874077,0.684053
0,0,0,1,1,0.312307,0,0,0,1,0.947478,0.695441
0,0,0,1,0.935166,0.742568,0,0,0,1,0.979823,0.748168
0,0,0,0,0,0,0,0,0,0.909747,0.883034,0.690037
0,0,0,1,0.939877,1,0,0,0,0.943243,0.900705,0.691602
0,0,0,1,0.949729,1,0,0,0,0.999998,0.968797,0.747984
0,0,0,1,0.976947,0.185466,0,0,0,0.993686,0.901921,0.673621
0,0,0,1,0.954761,1,0,0,0,1,0.96944,0.72952
0,0,0,1,0.981331,0.34669,0,0,0,0.999304,0.96796,0.757256
0,0,0,0.98184,0.9581,1,0,0,0,1,0.944382,0.687945
0,0,0,1,0.934003,0.834487,0,0,0,1,0.959988,0.729905
0,0,0,1,0.955141,1,0,0,0,1,0.972675,0.728169
0,0,0,1,0.946005,1,0,0,0,0.999999,0.943764,0.715523
0,0,0,0,0,0,0,0,0,0.999991,0.940681,0.702326
0,0,0,1,0.9461,1,0,0,0,0.997868,0.977414,0.803328
0.00170872,0.000371268,0,1,0.96386,1,0,0,0,0.864996,0.83508,0.645567
0,0,0,1,0.935716,1,0,0,0,1,0.956796,0.7413
0,0,0,0,0,0,0,0,0,0.999395,0.955734,0.720958
0,0,0,1,0.984212,0.255409,0,0,0,0.999999,0.961171,0.705785
0,0,0,0,0,0,0,0,0,0.9229,0.892375,0.711431
0,0,0,1,0.943452,1,0,0,0,0.999995,0.957118,0.746139
0,0,0,0,0,0,0,0,0,0.957118,0.930205,0.754192
0,0,0,1,0.936778,0.498763,0,0,0,1,0.970576,0.723895
0,0,0,1,0.941814,0.536787,0,0,0,0.903465,0.855972,0.698844
0,0,0,0,0,0,0,0,0,0.999633,0.933066,0.71103
0,0,0,0,0,0,0,0,0,0.80038,0.753829,0.526769
0,0,0,1,0.937454,0.703941,0,0,0,0.999997,0.960878,0.736021
0,0,0,1,0.970862,0.200171,0,0,0,0.99985,0.942823,0.726232
0,0,0,1,0.933264,0.882331,0,0,0,0.999965,0.954393,0.729231
0,0,0,0.992614,0.917026,1,0,0,0,0.951953,0.923316,0.772359
0,0,0,1,0.97692,0.195026,0,0,0,0.999875,0.950134,0.706798
0,0,0,1,0.923934,1,0,0,0,1,0.97024,0.736211
0,0,0,0.988046,0.913138,1,0,0,0,0.999981,0.965053,0.718693
0,0,0,0.980927,0.98426,0.642134,0,0,0,0.939359,0.911338,0.68342
0,0,0,1,0.9319,1,0,0,0,1,0.978135,0.748904
0,0,0,1,0.945197,1,0,0,0,0.999998,0.966347,0.73077
0,0,0,1,0.934,0.83436,0,0,0,1,0.966789,0.722723
0,0,0,1,0.934039,0.837256,0,0,0,1,0.947478,0.707405
0,0,0,0.988354,0.913237,1,0,0,0,0.997166,0.978467,0.823328
0,0,0,1,0.939346,1,0,0,0,0.999994,0.951953,0.746139
0,0,0,0,0,0,0,0,0,1,0.960287,0.732209
3.57628e-07,0,0,1,0.938929,1,0,0,0,0.936981,0.907804,0.735071
0.0282911,0.00368951,0,1,0.978572,0.194361,0,0,0,0.915053,0.887595,0.704364
0,0,0,1,0.919201,1,0,0,0,0.970964,0.941223,0.728555
0,0,0,1,0.971059,0.204525,0,0,0,0.999992,0.927626,0.67822
0,0,0,1,0.944944,1,0,0,0,0.999996,0.940681,0.700997
0,0,0,1,0.951681,1,0,0,0,0.999932,0.954308,0.719285
0,0,0,1,0.943454,1,0,0,0,0.999943,0.966028,0.719186
0,0,0,0,0,0,0,0,0,0.999462,0.924005,0.683525
0,0,0,1,0.945923,1,0,0,0,0.97506,0.953794,0.795499
0,0,0,0.965111,0.934117,1,0,0,0,0.999743,0.95388,0.736021
0,0,0,1,0.980267,0.199196,0,0,0,0.972831,0.951233,0.789071
0,0,0,0,0,0,0,0,0,0.892187,0.849347,0.667798
5.6742e-05,3.69548e-06,0,1,0.934611,0.787267,0,0,0,0.999989,0.92373,0.67405
0,0,0,1,0.956424,0.230528,0,0,0,0.99999,0.933188,0.677687
0,0,0,0.991976,0.919612,1,0,0,0,0.999999,0.968201,0.739422
0,0,0,1,0.948792,1,0,0,0,0.999989,0.950595,0.741487
0,0,0,0.991618,0.982509,0.695988,0,0,0,0.999919,0.977066,0.776114
0,0,0,1,0.945019,1,0,0,0,0.954563,0.924688,0.741112
0,0,0,1,0.937439,1,0,0,0,0.999994,0.938011,0.700178
0,0,0,1,0.947231,0.365185,0,0,0,0.987424,0.90053,0.674158
0,0,0,0.991679,0.950016,0.855763,0,0,0,1,0.980876,0.739799
0,0,0,1,0.967588,0.216067,0,0,0,1,0.947866,0.704872
0,0,0,1,0.939486,1,0,0,0,0.999952,0.954223,0.730097
4.29153e-06,0,0,0,0,0,0,0,0,1,0.969671,0.734691
0,0,0,1,0.958108,1,0,0,0,0.999952,0.9455,0.723505
0,0,0,0,0,0,0,0,0,0.877687,0.843638,0.64646
0,0,0,1,0.936622,1,0,0,0,0.948155,0.909265,0.699768
0,0,0,1,0.975562,0.201606,0,0,0,0.890485,0.826011,0.639961
0,0,0,1,0.934773,0.792006,0,0,0,1,0.959611,0.732783
0,0,0,1,0.935212,0.743486,0,0,0,1,0.981418,0.741112
0,0,0,1,0.949593,1,0,0,0,1,0.964456,0.718002
0,0,0,1,0.951653,1,0,0,0,1,0.954393,0.721253
0,0,0,1,0.91914,1,0,0,0,0.990292,0.925769,0.726329
0,0,0,1,0.985276,0.225638,0,0,0,1,0.973993,0.73431
0,0,0,0.982507,0.984356,0.640725,0,0,0,1,0.978343,0.726037
0,0,0,1,0.981311,0.344557,0,0,0,1,0.950595,0.714728
0,0,0,1,0.945707,0.396154,0,0,0,0.999996,0.957038,0.738669
0,0,0,1,0.985812,0.266718,0,0,0,0.999999,0.956957,0.723798
0,0,0,1,0.909709,1,0,0,0,1,0.978302,0.733165
0,0,0,0,0,0,0,0,0,0.762601,0.719975,0.52546
0,0,0,1,0.942712,0.498462,0,0,0,0.993855,0.958847,0.759225
0,0,0,1,0.985303,0.22587,0,0,0,0.999999,0.953101,0.722918
0,0,0,1,0.942222,1,0,0,0,0.941761,0.911967,0.746324
0,0,0,1,0.955209,1,0,0,0,0.999999,0.954308,0.720368
0,0,0,0,0,0,0,0,0,0.977926,0.912124,0.733929
0,0,0,1,0.974186,0.490196,0,0,0,0.999818,0.942401,0.724773
0,0,0,0,0,0,0,0,0,0.999869,0.915053,0.674158
0,0,0,1,0.933467,0.575862,0,0,0,0.97622,0.954984,0.779825
0,0,0,1,0.975605,0.193144,0,0,0,0.849347,0.816406,0.627951
0,0,0,1,0.980208,0.198921,0,0,0,0.919787,0.874614,0.634543
1.22635,0.727637,0.141908,0,0,0,0,0,0,0.69987,0.673514,0.536556
0,0,0,1,0.933571,1,0,0,0,0.999999,0.94079,0.68437
0,0,0,1,0.946276,1,0,0,0,0.999183,0.923316,0.68215
0,0,0,0,0,0,0,0,0,0.980803,0.964855,0.770119
0,0,0,0.990614,0.913951,1,0,0,0,0.999977,0.961534,0.713931
0,0,0,0.977751,0.934647,1,0,0,0,1,0.97649,0.759939
0,0,0,1,0.939663,0.617178,0,0,0,0.999998,0.959078,0.741861
0,0,0,1,0.933615,1,0,0,0,1,0.972099,0.732592
0,0,0,1,0.939666,0.617205,0,0,0,0.999999,0.949576,0.713432
0,0,0,0.975741,0.934963,1,0,0,0,0.999918,0.931338,0.692642
0,0,0,0,0,0,0,0,0,0.999999,0.965964,0.742422
0,0,0,1,0.980626,0.206692,0,0,0,1,0.945197,0.70416
0,0,0,0.980425,0.935246,1,0,0,0,0.999999,0.962462,0.715225
0,0,0,1,0.927706,0.65693,0,0,0,0.965512,0.894605,0.699768
0,0,0,1,0.966465,0.225135,0,0,0,1,0.976401,0.758332
0,0,0,1,0.94176,1,0,0,0,0.999856,0.915205,0.671255
0,0,0,1,0.940826,1,0,0,0,0.946101,0.922203,0.763836
0,0,0,0,0,0,0,0,0,1,0.944893,0.690663
0,0,0,1,0.945242,1,0,0,0,1,0.98222,0.723798
0,0,0,1,0.926949,1,0,0,0,0.999863,0.926037,0.682997
0,0,0,1,0.939841,1,0,0,0,0.945601,0.914749,0.763131
0,0,0,1,0.933253,0.574426,0,0,0,0.906653,0.866019,0.7237
3.57628e-07,0,0,1,0.935542,1,0,0,0,0.999941,0.930205,0.682574
0,0,0,0.954663,0.985867,0.695869,0,0,0,0.999996,0.958382,0.73412
0,0,0,1,0.980224,0.198997,0,0,0,1,0.966663,0.737347
0,0,0,1,0.919887,1,0,0,0,1,0.946101,0.691289
0,0,0,1,0.93783,0.463445,0,0,0,0.960137,0.917303,0.717606
0,0,0,1,0.949383,1,0,0,0,0.99999,0.954563,0.739234
0,0,0,0.988923,0.923189,1,0,0,0,1,0.948728,0.697403
0,0,0,1,0.957062,1,0,0,0,0.999989,0.939582,0.700485
0,0,0,1,0.944053,1,0,0,0,1,0.94366,0.697403
0,0,0,0.992908,0.919824,1,0,0,0,1,0.972204,0.730963
0,0,0,1,0.945814,0.39653,0,0,0,0.999986,0.957833,0.732018
0,0,0,1,0.935815,0.700964,0,0,0,0.999783,0.912124,0.672332
0,0,0,0.978438,0.928246,1,0,0,0,0.981203,0.963231,0.801315
0,0,0,1,0.953173,1,0,0,0,0.978713,0.952309,0.758511
0,0,0,0.993506,0.919958,1,0,0,0,1,0.973443,0.746509
0,0,0,1,0.958515,1,0,0,0,1,0.976084,0.722723
0,0,0,1,0.933811,1,0,0,0,0.999999,0.93233,0.68437
0,0,0,0,0,0,0,0,0,0.890485,0.861072,0.688364
0,0,0,1,0.949558,1,0,0,0,1,0.971019,0.743168
0,0,0,1,0.951578,1,0,0,0,1,0.947088,0.693888
0,0,0,1,0.909794,1,0,0,0,1,0.964522,0.731251
0,0,0,1,0.998114,0.370634,0,0,0,1,0.974337,0.707405
0,0,0,0.996106,0.922226,1,0,0,0,1,0.972882,0.738292
0,0,0,0,0,0,0,0,0,0.936749,0.892187,0.695028
0,0,0,0,0,0,0,0,0,0.904819,0.868493,0.680879
0,0,0,1,0.956887,1,0,0,0,1,0.984635,0.75037
0,0,0,1,0.934761,0.791757,0,0,0,1,0.97801,0.733356
0,0,0,1,0.940818,0.576638,0,0,0,1,0.982757,0.734691
0,0,0,0.990398,0.913883,1,0,0,0,1,0.953275,0.709422
0,0,0,0.989736,0.997114,0.439987,0,0,0,1,0.966789,0.734881
0,0,0,1,0.933499,0.980521,0,0,0,0.903294,0.854763,0.666171
0,0,0,1,0.969093,0.590344,0,0,0,0.997933,0.954052,0.741487
0,0,0,0,0,0,0,0,0,0.959535,0.928797,0.739986
0,0,0,1,0.934005,1,0,0,0,0.999997,0.971618,0.752377
0,0,0,0.991605,0.950008,0.855855,0,0,0,0.997949,0.949201,0.728265
0,0,0,1,0.952603,0.263405,0,0,0,1,0.950411,0.714528
0,0,0,1,0.932811,1,0,0,0,0.999973,0.928539,0.68784
0,0,0,1,0.973439,0.195735,0,0,0,1,0.950869,0.696784
0,0,0,1,0.934002,0.834911,0,0,0,1,0.969324,0.741487
0,0,0,1,0.919776,1,0,0,0,1,0.963092,0.734691
0,0,0,0.992751,0.91707,1,0,0,0,0.999359,0.944485,0.711631
0,0,0,1,0.94221,1,0,0,0,1,0.963712,0.73029
0,0,0,0,0,0,0,0,0,0.891999,0.845305,0.685739
0,0,0,1,0.956545,0.227313,0,0,0,1,0.951142,0.698638
0.0303477,0.0041754,0,1,0.940647,0.575445,0,0,0,0.896251,0.866019,0.682362
0,0,0,1,0.952026,1,0,0,0,0.999999,0.931338,0.68679
0,0,0,0,0,0,0,0,0,0.999947,0.920074,0.676727
0,0,0,0.961565,0.934248,1,0,0,0,1,0.949949,0.690663
1.51395e-05,1.43051e-06,0,0,0,0,0,0,0,0.892937,0.870597,0.693369
0,0,0,1,0.933557,0.978529,0,0,0,1,0.968321,0.703448
0,0,0,1,0.945815,1,0,0,0,0.997065,0.974773,0.794225
0,0,0,1,0.938849,1,0,0,0,0.99999,0.938576,0.695028
0,0,0,1,0.933448,1,0,0,0,0.99993,0.956309,0.744099
0,0,0,0.986486,0.912392,1,0,0,0,1,0.961171,0.739422
0,0,0,1,0.915812,1,0,0,0,0.999445,0.937783,0.700588
0,0,0,1,0.984121,0.254283,0,0,0,0.999985,0.923316,0.675122
0,0,0,1,0.998391,0.210719,0,0,0,0.99488,0.925095,0.697918
0,0,0,1,0.936625,1,0,0,0,0.998595,0.956634,0.747063
0,0,0,0.994138,0.912747,1,0,0,0,0.990329,0.898053,0.663778
0,0,0,1,0.94231,1,0,0,0,0.999999,0.945197,0.693473
0,0,0,1,0.935315,0.745475,0,0,0,1,0.928409,0.686685
0,0,0,1,0.941837,0.536923,0,0,0,0.999995,0.969728,0.727104
0,0,0,1,0.947245,0.365229,0,0,0,0.944485,0.907967,0.695235
0,0,0,1,0.935413,1,0,0,0,1,0.949949,0.7011
0,0,0,1,0.946285,1,0,0,0,1,0.978343,0.756717
0,0,0,1,0.947944,0.46403,0,0,0,0.969149,0.938011,0.747984
0,0,0,1,0.949043,1,0,0,0,0.99091,0.895705,0.68458
0,0,0,0,0,0,0,0,0,0.946892,0.91804,0.732209
0,0,0,0,0,0,0,0,0,0.861305,0.795022,0.641984
0,0,0,1,0.922841,1,0,0,0,0.998665,0.90878,0.669745
0,0,0,1,0.927865,1,0,0,0,0.999951,0.95877,0.741487
0,0,0,0.999612,0.961219,0.711207,0,0,0,0.99395,0.928279,0.737536
0,0,0,1,0.971107,0.204664,0,0,0,1,0.964052,0.737725
0,0,0,1,0.939489,1,0,0,0,1,0.952926,0.719384
0,0,0,1,0.947638,1,0,0,0,0.998408,0.969785,0.79166
0,0,0,1,1,0.266715,0,0,0,0.999997,0.957755,0.722037
0,0,0,1,0.936744,0.498596,0,0,0,0.999999,0.959913,0.735831
0.000500077,6.56822e-05,0,1,0.933446,0.982297,0,0,0,1,0.939582,0.683631
0,0,0,0.971183,0.912193,1,0,0,0,0.999911,0.938011,0.701611
0,0,0,1,0.949447,0.336495,0,0,0,0.884239,0.838283,0.653127
0,0,0,1,0.949879,1,0,0,0,1,0.966537,0.741487
0,0,0,0.96838,0.936424,1,0,0,0,1,0.97859,0.750736
0,0,0,0,0,0,0,0,0,1,0.946001,0.69451
0,0,0,1,0.993581,0.442004,0,0,0,1,0.951863,0.722037
0,0,0,0.963677,0.933668,1,0,0,0,1,0.972467,0.743168
0,0,0,1,0.975464,0.192674,0,0,0,1,0.981489,0.720467
0,0,0,1,0.939343,1,0,0,0,1,0.938913,0.683525
0,0,0,1,0.979163,0.216631,0,0,0,0.997419,0.901053,0.674158
0,0,0,1,0.948816,1,0,0,0,0.999999,0.970964,0.708515
0,0,0,1,0.949809,1,0,0,0,0.999996,0.964119,0.743168
0,0,0,1,0.944787,1,0,0,0,0.875681,0.846958,0.639398
0,0,0,1,0.953267,1,0,0,0,0.999981,0.93233,0.68742
0,0,0,1,0.915548,1,0,0,0,0.999999,0.958304,0.709724
0,0,0,1,0.93746,0.462206,0,0,0,1,0.964722,0.743541
0,0,0,1,0.976819,0.194636,0,0,0,1,0.962883,0.737536
0,0,0,1,0.973555,0.196084,0,0,0,0.913984,0.894052,0.712032
0,0,0,1,0.944519,0.429825,0,0,0,1,0.942188,0.685634
0,0,0,1,0.969052,0.591018,0,0,0,0.980243,0.953013,0.784484
0,0,0,1,0.933813,0.879511,0,0,0,0.999639,0.954478,0.737158
0,0,0,1,0.934064,0.838112,0,0,0,0.999999,0.951684,0.724188
0,0,0,1,0.98039,0.409347,0,0,0,1,0.940353,0.687
0,0,0,1,0.939748,0.617905,0,0,0,1,0.975155,0.729905
0,0,0,1,0.946526,0.337313,0,0,0,0.967595,0.921922,0.716516
0,0,0,1,0.981534,0.201595,0,0,0,0.999967,0.916559,0.674158
0,0,0,1,0.97414,0.491335,0,0,0,0.999545,0.949856,0.713631
0,0,0,1,0.937689,0.365319,0,0,0,1,0.968974,0.731251
0,0,0,0.999655,0.961223,0.711163,0,0,0,0.943556,0.891999,0.691393
0,0,0,1,0.931517,0.9846,0,0,0,0.999995,0.97319,0.730386
0,0,0,1,0.963287,0.242203,0,0,0,0.994066,0.970296,0.820326
0,0,0,0.976538,0.91958,1,0,0,0,1,0.947478,0.700588
0,0,0,0.99284,0.950145,0.854332,0,0,0,0.998996,0.946399,0.742422
0,0,0,1,0.939762,1,0,0,0,1,0.974288,0.744471
0,0,0,1,0.945242,1,0,0,0,1,0.959307,0.727201
0,0,0,1,0.997831,0.312433,0,0,0,1,0.942612,0.686895
0,0,0,1,0.934718,1,0,0,0,0.999999,0.930332,0.676834
0,0,0,1,0.935788,0.700565,0,0,0,0.999974,0.930205,0.685739
0,0,0,1,0.94465,0.430332,0,0,0,0.968201,0.941115,0.757615
0,0,0,1,0.969068,0.590756,0,0,0,1,0.980581,0.747432
0,0,0,1,0.971182,0.201007,0,0,0,0.999996,0.960361,0.718989
0,0,0,0.972279,0.911644,1,0,0,0,1,0.97458,0.719876
0,0,0,1,0.944817,1,0,0,0,1,0.959988,0.721547
0,0,0,1,0.949427,1,0,0,0,0.999999,0.961171,0.733929
0,0,0,0.992047,0.919628,1,0,0,0,1,0.931213,0.68763
0,0,0,1,0.953978,1,0,0,0,0.9996,0.959459,0.735452
0,0,0,1,0.93362,1,0,0,0,0.959687,0.938913,0.7696
0,0,0,1,0.972278,0.202003,0,0,0,0.999984,0.928149,0.680348
0,0,0,1,0.943112,1,0,0,0,1,0.975946,0.720073
0,0,0,0.967629,0.93624,1,0,0,0,0.998579,0.957675,0.768733
0.0183527,0.00192219,0,1,0.940828,0.576709,0,0,0,0.724773,0.68742,0.505077
0,0,0,1,0.95263,0.263472,0,0,0,1,0.970296,0.742422
0.236102,0.125702,0.0216864,1,0.957551,1,0,0,0,1,0.963712,0.722037
0.0942456,0.0144313,0,1,0.998524,0.231809,0,0,0,0.852445,0.815967,0.637257
0,0,0,1,0.94445,0.42956,0,0,0,0.999953,0.967101,0.733356
0,0,0,1,0.969063,0.590839,0,0,0,0.999571,0.955981,0.730963
0,0,0,1,0.976801,0.194566,0,0,0,1,0.979036,0.76769
0,0,0,1,0.937783,1,0,0,0,0.999985,0.930332,0.682574
0,0,0,1,0.941347,1,0,0,0,1,0.955319,0.72662
0,0,0,1,0.94875,0.310724,0,0,0,0.99991,0.934873,0.706292
0,0,0,1,0.935229,0.7438,0,0,0,1,0.953188,0.704058
0,0,0,0,0,0,0,0,0,0.940024,0.914749,0.737158
0,0,0,1,0.946039,1,0,0,0,0.999594,0.918772,0.671471
0,0,0,0.970039,0.97526,0.772627,0,0,0,0.915507,0.883839,0.667364
0,0,0,1,0.90958,1,0,0,0,1,0.94699,0.697712
0,0,0,1,0.941638,0.535742,0,0,0,0.999996,0.9463,0.711832
0,0,0,1,0.958242,1,0,0,0,1,0.956391,0.727007
0,0,0,1,0.980087,0.198363,0,0,0,1,0.974386,0.749271
0,0,0,0.966912,0.92874,1,0,0,0,0.999979,0.91848,0.674479
0,0,0,0,0,0,0,0,0,0.945801,0.912124,0.723114
0,0,0,1,0.949563,1,0,0,0,1,0.963575,0.7324
0,0,0,1,0.951693,0.264444,0,0,0,0.999999,0.956634,0.737536
0,0,0,1,0.922743,1,0,0,0,0.999979,0.941547,0.707101
0,0,0,1,0.945903,1,0,0,0,0.999866,0.95096,0.709623
0,0,0,1,0.938737,0.428276,0,0,0,0.99162,0.952662,0.785638
0,0,0,0,0,0,0,0,0,0.948917,0.916559,0.73077
0,0,0,1,0.949611,1,0,0,0,1,0.964855,0.721841
0,0,0,1,0.951861,0.264875,0,0,0,0.999749,0.918918,0.68616
0,0,0,0.981963,0.924513,1,0,0,0,0.960805,0.940572,0.75274
0,0,0,0.987464,0.912689,1,0,0,0,0.999974,0.961316,0.711531
0,0,0,1,0.938861,0.428764,0,0,0,1,0.969208,0.704465
0,0,0,1,0.932837,1,0,0,0,0.999798,0.945601,0.727492
0,0,0,1,0.933719,0.927013,0,0,0,0.999984,0.933309,0.677154
0,0,0,0.968114,0.975082,0.77476,0,0,0,0.999996,0.939025,0.703753
0,0,0,1,0.933451,0.981914,0,0,0,0.999998,0.940898,0.706798
0,0,0,0.99179,0.916762,1,0,0,0,0.999999,0.936168,0.69181
0,0,0,0.96686,0.936051,1,0,0,0,0.843251,0.81257,0.600833
0,0,0,1,0.934416,1,0,0,0,0.987326,0.949106,0.773559
0,0,0,1,0.982162,0.211721,0,0,0,0.999999,0.960731,0.732783
0,0,0,1,0.955693,1,0,0,0,1,0.956309,0.69451
0,0,0,0,0,0,0,0,0,0.78842,0.744842,0.562297
0,0,0,1,0.945014,1,0,0,0,0.99993,0.948728,0.745028
0,0,0,1,0.936186,1,0,0,0,0.999988,0.955569,0.707203
0,0,0,1,0.931717,0.616582,0,0,0,0.999943,0.929824,0.691602
0,0,0,1,0.933712,1,0,0,0,1,0.945901,0.688364
0,0,0,1,0.984227,0.255583,0,0,0,0.999807,0.910704,0.672654
0,0,0,0,0,0,0,0,0,0.999965,0.9455,0.703346
0,0,0,1,0.935203,0.743238,0,0,0,0.999995,0.959078,0.711631
0,0,0,1,0.919623,1,0,0,0,1,0.965641,0.742982
0,0,0,0,0,0,0,0,0,1,0.964855,0.730482
0,0,0,0,0,0,0,0,0,0.999997,0.941975,0.704668
0,0,0,1,0.981554,0.295703,0,0,0,0.995719,0.905657,0.677474
0,0,0,0.993656,0.908858,1,0,0,0,1,0.974917,0.714628
0,0,0,0,0,0,0,0,0,0.872239,0.844665,0.654784
0,0,0,1,0.984144,0.254577,0,0,0,0.999815,0.953362,0.704973
0,0,0,1,0.948024,1,0,0,0,1,0.950041,0.694406
0,0,0,1,0.934035,0.836668,0,0,0,1,0.963643,0.720172
0,0,0,1,0.948995,1,0,0,0,1,0.966474,0.738292
0,0,0,1,0.951648,1,0,0,0,1,0.960657,0.73659
0,0,0,1,0.934777,0.792097,0,0,0,1,0.943764,0.717606
0,0,0,1,0.931837,1,0,0,0,1,0.975202,0.7478
0,0,0,1,0.937399,1,0,0,0,1,0.984575,0.738858
0,0,0,1,0.984054,0.253461,0,0,0,0.999971,0.927495,0.681303
0,0,0,1,0.943803,1,0,0,0,0.999997,0.936285,0.6973
0.745775,0.398111,0.150882,1,0.93946,0.615428,0,0,0,0.937783,0.914901,0.758332
0,0,0,1,0.922764,1,0,0,0,0.959001,0.919498,0.717903
0,0,0,1,0.951536,1,0,0,0,1,0.975012,0.723895
0,0,0,1,0.938487,0.659034,0,0,0,1,0.973037,0.728169
0,0,0,1,0.934435,1,0,0,0,0.999996,0.970127,0.739422
0,0,0,1,0.964629,1,0,0,0,1,0.966726,0.730097
0,0,0,1,0.943062,1,0,0,0,1,0.975855,0.74872
0,0,0,1,0.981316,0.345126,0,0,0,0.999998,0.952397,0.715623
0,0,0,0.968523,0.929229,1,0,0,0,1,0.981524,0.724188
0,0,0,0.993096,0.919866,1,0,0,0,0.958847,0.89534,0.687945
0,0,0,0.965751,0.93555,1,0,0,0,0.891055,0.85753,0.668772
0,0,0,1,0.943494,1,0,0,0,0.884439,0.858481,0.663233
0,0,0,1,0.973467,0.190741,0,0,0,0.974141,0.904482,0.682468
0,0,0,1,0.939601,1,0,0,0,0.999993,0.935582,0.679391
0,0,0,1,0.980684,0.207005,0,0,0,1,0.941654,0.689724
0,0,0,1,0.969251,0.587745,0,0,0,0.999987,0.943138,0.695441
0,0,0,1,0.964828,1,0,0,0,0.999998,0.933066,0.67854
0,0,0,1,0.933386,1,0,0,0,0.999995,0.956063,0.742795
0,0,0,0,0,0,0,0,0,0.923454,0.891999,0.729134
0,0,0,1,0.938858,0.42875,0,0,0,0.999713,0.940024,0.707203
0,0,0,0,0,0,0,0,0,0.90053,0.871912,0.677261
0,0,0,1,0.935158,0.536521,0,0,0,0.999998,0.947672,0.731059
0,0,0,1,0.933628,1,0,0,0,1,0.97458,0.721547
0,0,0,1,0.937957,1,0,0,0,1,0.977241,0.728169
0,0,0,0,0,0,0,0,0,0.998445,0.928018,0.7011
0,0,0,1,0.933808,0.878862,0,0,0,1,0.96856,0.736021
0,0,0,1,0.980387,0.409492,0,0,0,0.999998,0.969208,0.744842
0,0,0,0,0,0,0,0,0,0.913984,0.888372,0.707405
0,0,0,1,0.958509,0.216258,0,0,0,0.993069,0.901227,0.676406
0,0,0,1,0.925412,0.74351,0,0,0,0.999976,0.961534,0.737347
0,0,0,0.986873,0.971168,0.639138,0,0,0,1,0.970296,0.735452
0,0,0,0.976694,0.923059,1,0,0,0,0.957991,0.931587,0.774413
0,0,0,1,0.942319,1,0,0,0,0.944485,0.924005,0.742048
0,0,0,1,0.971101,0.200797,0,0,0,0.999432,0.966092,0.736211
0,0,0,1,0.927124,1,0,0,0,0.853058,0.824462,0.618147
0,0,0,0.993339,0.91992,1,0,0,0,0.999999,0.933188,0.679923
0,0,0,1,0.949499,1,0,0,0,1,0.972882,0.739234
0,0,0,1,0.933565,1,0,0,0,1,0.963506,0.735831
0,0,0,1,0.959459,1,0,0,0,0.995514,0.924142,0.685739
0,0,0,0.995367,0.913064,1,0,0,0,0.999999,0.962673,0.712032
0,0,0,0,0,0,0,0,0,0.871803,0.81538,0.627837
0,0,0,1,0.955628,1,0,0,0,0.964589,0.941331,0.76856
0,0,0,1,0.933271,0.884264,0,0,0,1,0.973844,0.722135
0,0,0,1,0.955267,1,0,0,0,0.999997,0.950869,0.723212
0,0,0,0,0,0,0,0,0,0.841044,0.811228,0.612368
0,0,0,0,0,0,0,0,0,0.987568,0.950041,0.736969
0,0,0,1,0.936134,0.655949,0,0,0,0.999995,0.939471,0.699049
0,0,0,1,0.937819,1,0,0,0,1,0.957833,0.698741
0,0,0,1,0.975605,0.193145,0,0,0,0.866585,0.826852,0.620277
0,0,0,1,0.951122,1,0,0,0,0.952486,0.930584,0.757436
0,0,0,1,0.934891,0.535,0,0,0,1,0.965053,0.740925
0,0,0,0.987067,0.997063,0.441588,0,0,0,0.999998,0.933673,0.679923
0,0,0,1,0.963645,0.243064,0,0,0,1,0.958693,0.741112
0,0,0,0,0,0,0,0,0,0.97007,0.946399,0.753648
0,0,0,1,0.955801,0.229948,0,0,0,0.999221,0.953362,0.747063
0,0,0,0,0,0,0,0,0,0.941547,0.919787,0.750187
0,0,0,1,0.933619,1,0,0,0,0.999998,0.934395,0.679285
0,0,0,1,0.945904,1,0,0,0,1,0.959231,0.730386
0,0,0,1,0.95413,0.244098,0,0,0,0.881615,0.853425,0.643777
0,0,0,1,0.959223,1,0,0,0,0.999695,0.942507,0.706697
0,0,0,1,0.951039,0.286409,0,0,0,1,0.979116,0.751648
0,0,0,1,0.937435,0.462092,0,0,0,0.998745,0.942188,0.727685
0,0,0,0.992614,0.908439,1,0,0,0,0.999997,0.941115,0.699254
0,0,0,0,0,0,0,0,0,0.943556,0.895157,0.683525
0,0,0,1,0.93344,0.575676,0,0,0,0.999998,0.939359,0.687315
0,0,0,1,0.944465,0.429617,0,0,0,0.999986,0.923592,0.672224
0,0,0,1,0.963435,0.243083,0,0,0,1,0.951594,0.691602
0,0,0,1,0.945956,1,0,0,0,0.999999,0.934155,0.679391
0,0,0,1,0.998464,0.231259,0,0,0,1,0.948537,0.693161
0,0,0,1,0.971149,0.204782,0,0,0,0.999997,0.949482,0.709623
0,0,0,1,0.935171,0.742662,0,0,0,0.999963,0.911967,0.683102
0,0,0,1,0.93855,0.65969,0,0,0,0.999834,0.956145,0.713931
0,0,0,1,0.964516,1,0,0,0,1,0.966789,0.7413
0,0,0,0.995112,0.909274,1,0,0,0,0.999998,0.932821,0.679498
0,0,0,1,0.939363,1,0,0,0,0.998364,0.959687,0.775775
0,0,0,1,0.934016,0.83546,0,0,0,1,0.969671,0.741112
0,0,0,1,0.945275,0.927741,0,0,0,0.999985,0.926304,0.679179
0,0,0,1,0.948455,1,0,0,0,0.958615,0.928797,0.776284
0,0,0,1,0.948257,0.311027,0,0,0,0.954563,0.897695,0.676299
0,0,0,1,0.924049,1,0,0,0,0.939582,0.914901,0.737347
0,0,0,1,0.939267,1,0,0,0,0.999999,0.938913,0.694199
0,0,0,1,0.951387,1,0,0,0,1,0.931836,0.682574
0,0,0,1,0.941126,1,0,0,0,0.999844,0.922343,0.687735
0,0,0,1,0.984682,0.294745,0,0,0,1,0.9666,0.711631
0,0,0,1,0.934714,0.790463,0,0,0,1,0.957038,0.704668
0.0571468,0.0122915,0,0,0,0,0,0,0,0.857171,0.819316,0.590366
0,0,0,1,0.945472,0.925619,0,0,0,0.999626,0.914596,0.690872
0,0,0,1,0.993578,0.442128,0,0,0,0.962321,0.931463,0.759761
0,0,0,1,0.933267,0.883966,0,0,0,0.973944,0.949576,0.792304
0,0,0,0,0,0,0,0,0,1,0.938913,0.685423
0,0,0,0.991172,0.936562,1,0,0,0,0.958304,0.931213,0.777975
0,0,0,0.967675,0.930811,1,0,0,0,0.999239,0.913522,0.694303
0,0,0,1,0.994328,0.201775,0,0,0,0.982624,0.963712,0.777131
0,0,0,0,0,0,0,0,0,0.941975,0.918334,0.757974
0,0,0,1,0.951715,0.264499,0,0,0,1,0.982151,0.733356
0,0,0,0,0,0,0,0,0,0.865906,0.785473,0.583203
0,0,0,1,0.929765,1,0,0,0,0.999992,0.958924,0.726232
0,0,0,0.977367,0.923205,1,0,0,0,0.90764,0.881819,0.687735
0,0,0,1,0.919754,1,0,0,0,1,0.954052,0.73077
0,0,0,1,0.941529,1,0,0,0,0.956715,0.928018,0.744656
0,0,0,1,0.963974,0.201424,0,0,0,1,0.974773,0.715325
0,0,0,0,0,0,0,0,0,0.895523,0.86681,0.660282
0,0,0,1,0.937887,0.463693,0,0,0,0.936518,0.894605,0.722135
0,0,0,0,0,0,0,0,0,1,0.979433,0.749454
0,0,0,1,0.968626,0.213406,0,0,0,1,0.951594,0.690976
0,0,0,1,0.940902,0.577218,0,0,0,1,0.969728,0.739611
0,0,0,1,0.931061,1,0,0,0,1,0.973993,0.744842
0,0,0,1,0.93619,0.498623,0,0,0,0.99162,0.908942,0.693161
0,0,0,1,0.93466,0.78874,0,0,0,0.963161,0.944382,0.780328
0,0,0,1,0.976903,0.185336,0,0,0,1,0.959837,0.700895
0,0,0,1,0.934281,1,0,0,0,0.999661,0.943764,0.692746
0,0,0,1,0.950762,1,0,0,0,0.999644,0.950503,0.712232
0,0,0,1,0.951754,0.264601,0,0,0,0.951414,0.931711,0.722625
0,0,0,1,0.975416,0.192515,0,0,0,0.926437,0.893123,0.695545
7.15256e-07,0,0,1,0.932621,1,0,0,0,0.999972,0.967717,0.724091
0,0,0,1,0.978449,0.207065,0,0,0,1,0.931463,0.697918
0,0,0,1,0.946713,0.336702,0,0,0,0.970521,0.904987,0.683947
0,0,0,1,0.936024,1,0,0,0,0.999974,0.962036,0.747432
0,0,0,0.992006,0.930399,1,0,0,0,1,0.952131,0.731826
0,0,0,1,0.941716,0.536204,0,0,0,1,0.961171,0.739046
0,0,0,0,0,0,0,0,0,0.947381,0.890865,0.725649
0,0,0,1,0.957318,1,0,0,0,0.999999,0.977197,0.743727
0,0,0,1,0.945998,0.39656,0,0,0,0.999983,0.961389,0.696578
0.276733,0.140182,0.0121859,0,0,0,0,0,0,1,0.969498,0.737536
0,0,0,1,0.935205,0.743369,0,0,0,0.975623,0.957517,0.793746
0,0,0,0,0,0,0,0,0,0.992481,0.970409,0.816113
0,0,0,0,0,0,0,0,0,0.999997,0.972934,0.73659
0,0,0,1,0.974185,0.490229,0,0,0,0.999963,0.927232,0.68595
0,0,0,1,0.984216,0.255447,0,0,0,0.999963,0.943556,0.705075
0,0,0,1,0.94621,0.397294,0,0,0,0.999994,0.96175,0.739799
0,0,0,1,0.949783,1,0,0,0,0.992597,0.955651,0.754553
0,0,0,1,0.951737,0.264556,0,0,0,0.934753,0.901575,0.708717
0,0,0,1,0.944854,1,0,0,0,1,0.971992,0.720762
0,0,0,1,0.94858,0.310257,0,0,0,0.999978,0.958693,0.732209
0.0609428,0.0205452,0.000318715,0,0,0,0,0,0,0.85269,0.821188,0.658198
0,0,0,0.983557,0.98442,0.639795,0,0,0,0.999999,0.97801,0.722233
0,0,0,1,0.937328,1,0,0,0,0.999885,0.937555,0.695648
0,0,0,1,0.910671,1,0,0,0,0.885235,0.810479,0.631822
0,0,0,1,0.979158,0.2166,0,0,0,0.999823,0.955817,0.738292
0,0,0,1,0.947442,0.36508,0,0,0,0.999998,0.968201,0.731251
0,0,0,0,0,0,0,0,0,0.99985,0.953966,0.722429
0,0,0,0,0,0,0,0,0,0.898411,0.85931,0.669313
0,0,0,1,0.933469,0.575875,0,0,0,0.908293,0.863852,0.683102
0,0,0,1,0.977035,0.204595,0,0,0,1,0.976038,0.724188
0,0,0,1,0.998415,0.210887,0,0,0,0.964321,0.934634,0.767864
0,0,0,1,0.93467,0.788989,0,0,0,0.977841,0.951863,0.757974
0,0,0,0,0,0,0,0,0,0.913984,0.876211,0.678966
0,0,0,0.9923,0.908342,1,0,0,0,1,0.972519,0.72086
0,0,0,1,0.981315,0.344944,0,0,0,0.99999,0.924688,0.671794
0,0,0,0.976749,0.923071,1,0,0,0,0.999803,0.964119,0.738292
0,0,0,1,0.971169,0.200975,0,0,0,0.999997,0.936981,0.680879
0,0,0,1,0.950724,1,0,0,0,0.995208,0.901053,0.669529
0,0,0,1,0.953214,1,0,0,0,0.99981,0.918772,0.676834
0,0,0,0,0,0,0,0,0,0.923316,0.894789,0.707
0,0,0,1,0.941745,0.536381,0,0,0,0.999992,0.9455,0.713232
0,0,0,1,0.933259,0.886005,0,0,0,0.886224,0.814053,0.611672
0,0,0,0.973275,0.913739,1,0,0,0,0.99968,0.951594,0.730963
0,0,0,1,0.959784,0.208946,0,0,0,0.999984,0.962462,0.713032
0,0,0,0.992992,0.908666,1,0,0,0,0.999995,0.927626,0.675444
0,0,0,0,0,0,0,0,0,0.999981,0.933188,0.688887
0,0,0,1,0.934489,1,0,0,0,1,0.979668,0.724968
0,0,0,1,0.975621,0.193197,0,0,0,1,0.933431,0.683842
0,0,0,1,0.950756,0.309304,0,0,0,1,0.976669,0.748352
0,0,0,0,0,0,0,0,0,0.798501,0.762424,0.5592
0,0,0,1,0.982565,0.226104,0,0,0,1,0.954478,0.715424
0,0,0,0,0,0,0,0,0,1,0.974869,0.745398
0,0,0,1,0.954987,1,0,0,0,1,0.976847,0.710226
0,0,0,0.967848,0.975057,0.77506,0,0,0,1,0.975855,0.742795
0,0,0,0,0,0,0,0,0,1,0.98366,0.753467
0,0,0,0,0,0,0,0,0,0.999997,0.955651,0.739046
0,0,0,1,0.975565,0.201618,0,0,0,0.993902,0.975809,0.826852
0,0,0,1,0.931382,1,0,0,0,1,0.96944,0.745398
0,0,0,1,0.958294,1,0,0,0,0.999998,0.958847,0.735831
0,0,0,1,0.949293,1,0,0,0,1,0.969498,0.721253
0,0,0,1,0.94181,0.536763,0,0,0,0.999984,0.916857,0.693992
0,0,0,1,0.934905,1,0,0,0,0.999999,0.955817,0.700588
0,0,0,1,0.984127,0.25436,0,0,0,0.99661,0.922622,0.699254
0,0,0,0,0,0,0,0,0,0.882428,0.853547,0.658088
0,0,0,0.973125,0.913689,1,0,0,0,1,0.941547,0.685844
0,0,0,0,0,0,0,0,0,0.999923,0.927757,0.681091
0,0,0,0,0,0,0,0,0,0.941331,0.919208,0.749821
0,0,0,1,0.980397,0.408984,0,0,0,1,0.970576,0.747063
0,0,0,0,0,0,0,0,0,0.934634,0.894973,0.701815
0,0,0,1,0.980409,0.408396,0,0,0,0.978549,0.918626,0.697094
0,0,0,0,0,0,0,0,0,0.999999,0.935228,0.680879
0,0,0,0,0,0,0,0,0,0.993385,0.969032,0.780328
0,0,0,1,0.937535,0.462539,0,0,0,1,0.950595,0.699152
0,0,0,1,0.980216,0.279987,0,0,0,1,0.983909,0.75183
0,0,0,1,0.957873,0.309929,0,0,0,0.999998,0.937897,0.686895
0,0,0,1,0.943071,1,0,0,0,0.999807,0.911495,0.672439
0,0,0,1,0.945348,1,0,0,0,1,0.9462,0.689201
0,0,0,1,0.98509,0.210842,0,0,0,1,0.954478,0.735452
0,0,0,1,0.910619,1,0,0,0,1,0.960063,0.736401
0,0,0,0,0,0,0,0,0,0.947088,0.907967,0.732209
0,0,0,0.97277,0.913569,1,0,0,0,0.999998,0.958538,0.704465
0,0,0,1,0.93326,0.881969,0,0,0,0.999915,0.964722,0.722821
0,0,0,1,0.933697,0.927467,0,0,0,0.936168,0.904313,0.720958
0,0,0,1,0.945138,1,0,0,0,0.999951,0.958538,0.726037
0,0,0,1,0.956709,1,0,0,0,0.999998,0.959762,0.716516
0,0,0,1,0.982311,0.212648,0,0,0,0.999974,0.929312,0.675658
0,0,0,1,0.985246,0.225391,0,0,0,0.946001,0.917154,0.737725
0,0,0,1,0.982581,0.226224,0,0,0,0.998835,0.903123,0.667798
0,0,0,1,0.968476,0.213026,0,0,0,1,0.970799,0.726134
0,0,0,1,0.933818,0.879952,0,0,0,0.985328,0.912124,0.679817
0,0,0,1,0.937451,0.703905,0,0,0,0.999999,0.961606,0.713332
0,0,0,1,0.919986,1,0,0,0,1,0.96378,0.739611
0,0,0,0.966754,0.930553,1,0,0,0,0.969671,0.95096,0.790045
0,0,0,1,0.933461,0.98106,0,0,0,0.930205,0.884039,0.723016
0,0,0,1,0.945849,1,0,0,0,1,0.971939,0.726717
0,0,0,1,0.931319,1,0,0,0,0.999996,0.941331,0.70253
0,0,0,0.976672,0.923055,1,0,0,0,0.999972,0.952309,0.700895
0,0,0,1,0.947553,0.365435,0,0,0,0.908293,0.842734,0.676406
0,0,0,0.981751,0.924443,1,0,0,0,1,0.970352,0.744842
0,0,0,1,0.963793,1,0,0,0,1,0.930458,0.70069
0,0,0,1,0.93795,1,0,0,0,1,0.955981,0.717507
0,0,0,1,0.947001,1,0,0,0,0.996876,0.908618,0.678007
0,0,0,1,0.941304,1,0,0,0,0.999925,0.973088,0.757077
0,0,0,0,0,0,0,0,0,0.999999,0.964119,0.719876
0,0,0,0.968083,0.929096,1,0,0,0,1,0.97553,0.71103
0,0,0,1,0.950241,1,0,0,0,0.999999,0.949669,0.712432
0,0,0,1,0.9807,0.207091,0,0,0,0.998716,0.949856,0.746509
0,0,0,1,0.941437,1,0,0,0,1,0.945399,0.700075
0,0,0,0.974881,0.948845,0.924231,0,0,0,0.999912,0.918187,0.672009
0,0,0,1,0.964788,1,0,0,0,0.980618,0.940134,0.737725
0,0,0,1,0.981533,0.295242,0,0,0,0.99997,0.931213,0.688573
0,0,0,1,0.947587,1,0,0,0,0.928668,0.896795,0.739422
0,0,0,0,0,0,0,0,0,1,0.962321,0.716715
0,0,0,1,0.980723,0.207213,0,0,0,0.928797,0.884239,0.708918
0,0,0,0.979682,0.984183,0.643255,0,0,0,0.958148,0.929055,0.777975
0,0,0,0.970711,0.975322,0.77189,0,0,0,0.879768,0.853058,0.657209
0,0,0,1,0.981576,0.296184,0,0,0,1,0.943556,0.687525
0,0,0,0.955183,0.985907,0.695349,0,0,0,0.95388,0.918626,0.719285
0,0,0,0.964371,0.962643,0.929909,0,0,0,0.999991,0.963231,0.742982
0,0,0,1,0.910423,1,0,0,0,0.999999,0.968915,0.732209
0,0,0,1,0.934743,0.791347,0,0,0,1,0.974435,0.744285
0,0,0,1,0.937744,0.365498,0,0,0,1,0.960584,0.747063
0,0,0,1,0.941638,0.535745,0,0,0,0.999845,0.912592,0.672547
0,0,0,1,0.980382,0.409723,0,0,0,0.99968,0.960657,0.734501
0,0,0,1,0.980125,0.198538,0,0,0,0.999991,0.921358,0.688364
0,0,0,0.98954,0.913613,1,0,0,0,0.999999,0.950411,0.697506
0,0,0,1,0.98405,0.253406,0,0,0,0.997997,0.977066,0.801315
0,0,0,0.968349,0.975103,0.774499,0,0,0,0.999997,0.970465,0.708515
0,0,0,0.973326,0.913756,1,0,0,0,0.999998,0.965185,0.739799
0,0,0,1,0.938485,0.659005,0,0,0,0.999793,0.918918,0.683631
0,0,0,1,0.95441,0.244796,0,0,0,0.999991,0.964187,0.726426
0,0,0,0,0,0,0,0,0,0.999999,0.944689,0.699973
0,0,0,1,0.933496,0.980835,0,0,0,1,0.971238,0.723895
0,0,0,0.989778,0.918319,1,0,0,0,0.999992,0.93744,0.701713
0,0,0,0.978983,0.934925,1,0,0,0,0.981979,0.96225,0.807461
0,0,0,1,0.955227,1,0,0,0,0.951323,0.92373,0.744842
0,0,0,1,0.941305,1,0,0,0,0.999995,0.962462,0.739799
0,0,0,1,0.933389,1,0,0,0,1,0.961893,0.728072
0,0,0,1,0.963207,1,0,0,0,0.930458,0.885631,0.691393
0,0,0,1,0.93969,0.617414,0,0,0,1,0.97631,0.724968
0,0,0,1,0.939526,1,0,0,0,0.999999,0.965576,0.724675
0,0,0,1,0.938501,0.659174,0,0,0,0.999999,0.948632,0.711832
6.42517e-05,0,0,0.994547,0.909113,1,0,0,0,0.971992,0.935935,0.749821
0,0,0,1,0.959927,0.28456,0,0,0,0.999726,0.933915,0.707101
0,0,0,1,0.958742,1,0,0,0,1,0.971725,0.746324
0,0,0,0,0,0,0,0,0,0.999409,0.920361,0.676513
0,0,0,0.969334,0.931271,1,0,0,0,1,0.947866,0.703957
0,0,0,1,0.944942,1,0,0,0,0.999995,0.958069,0.71123
0,0,0,1,0.933726,1,0,0,0,1,0.97859,0.728941
0,0,0,1,0.949363,1,0,0,0,0.868604,0.841174,0.636353
0,0,0,1,0.953484,1,0,0,0,1,0.973993,0.729712
0,0,0,1,0.935722,1,0,0,0,1,0.942718,0.690559
0,0,0,0.967421,0.936189,1,0,0,0,0.995866,0.975249,0.797714
0,0,0,0,0,0,0,0,0,0.925769,0.903635,0.724188
0,0,0,0,0,0,0,0,0,0.869049,0.827828,0.608769
0,0,0,1,0.953711,0.246425,0,0,0,0.795817,0.766818,0.587056
0,0,0,1,0.937703,0.462888,0,0,0,0.999999,0.968081,0.717705
0,0,0,1,0.958224,1,0,0,0,0.99995,0.950869,0.712932
0,0,0,1,0.93568,0.699038,0,0,0,1,0.976038,0.729134
0,0,0,1,0.971169,0.204837,0,0,0,1,0.976935,0.739234
0,0,0,1,0.975527,0.192887,0,0,0,1,0.984032,0.75183
0,0,0,1,0.928157,1,0,0,0,0.962462,0.944587,0.778144
0,0,0,1,0.931828,1,0,0,0,0.853791,0.820613,0.618608
0,0,0,1,0.944225,1,0,0,0,1,0.970127,0.727879
0,0,0,1,0.982659,0.226831,0,0,0,0.940243,0.901401,0.691393
0,0,0,0,0,0,0,0,0,0.927495,0.904651,0.718496
0,0,0,0.983436,0.971496,0.840137,0,0,0,0.999938,0.955236,0.727201
0,0,0,1,0.975325,0.19221,0,0,0,1,0.968974,0.744471
9.56013e-05,1.78814e-06,0,0.992106,0.912216,1,0,0,0,0.999997,0.928279,0.677901
2.0623e-05,0,0,1,0.951883,0.264931,0,0,0,0.999991,0.975012,0.729616
0,0,0,1,0.980182,0.279413,0,0,0,0.894605,0.813461,0.606149
0,0,0,0.979743,0.984187,0.6432,0,0,0,0.999999,0.949669,0.692122
0,0,0,1,0.979326,0.382068,0,0,0,1,0.972152,0.724286
0,0,0,1,0.993573,0.442349,0,0,0,1,0.9462,0.699562
0,0,0,1,0.937867,1,0,0,0,0.988447,0.886617,0.662141
0,0,0,1,0.94274,0.464801,0,0,0,0.949576,0.920932,0.7696
0,0,0,1,0.967486,1,0,0,0,0.970013,0.94366,0.794225
0,0,0,1,0.925368,0.742761,0,0,0,1,0.95222,0.732783
0,0,0,1,0.951521,1,0,0,0,0.998992,0.968321,0.758332
0,0,0,1,0.933466,0.575853,0,0,0,0.9455,0.909747,0.73412
0,0,0,0.974881,0.948846,0.92423,0,0,0,0.999697,0.948917,0.72594
0,0,0,1,0.955483,1,0,0,0,0.999999,0.967225,0.741674
0,0,0,1,0.937917,1,0,0,0,0.999997,0.963022,0.740737
0,0,0,0.983323,0.984406,0.640002,0,0,0,1,0.981418,0.75274
0,0,0,1,0.93661,0.49795,0,0,0,0.999989,0.950041,0.731442
0,0,0,0,0,0,0,0,0,0.900355,0.848094,0.654343
0,0,0,1,0.909093,1,0,0,0,1,0.975343,0.74872
0,0,0,0,0,0,0,0,0,0.999447,0.912436,0.679285
0,0,0,0,0,0,0,0,0,0.999984,0.950869,0.721743
0,0,0,1,0.946524,1,0,0,0,0.998487,0.972046,0.779322
0,0,0,0,0,0,0,0,0,0.923454,0.893681,0.686265
0,0,0,0,0,0,0,0,0,0.983847,0.964789,0.791015
0,0,0,1,0.948018,0.46404,0,0,0,0.950686,0.915205,0.758153
0,0,0,1,0.968602,0.213347,0,0,0,0.999995,0.942507,0.704262
0,0,0,1,0.933695,0.927884,0,0,0,1,0.979668,0.737914
0,0,0,1,0.941597,1,0,0,0,1,0.97458,0.747984
5.96045e-06,4.76837e-07,0,0,0,0,0,0,0,0.785638,0.75037,0.554229
0,0,0,1,0.978496,0.207305,0,0,0,0.999973,0.921922,0.670932
0,0,0,1,0.934751,0.791534,0,0,0,0.997065,0.970799,0.764012
0,0,0,1,0.92206,0.879319,0,0,0,0.999425,0.949856,0.739611
0,0,0,0,0,0,0,0,0,0.999692,0.946498,0.702122
0,0,0,1,0.94361,1,0,0,0,1,0.957358,0.73659
0,0,0,1,0.984128,0.254378,0,0,0,0.81582,0.777975,0.587174
0,0,0,0.992588,0.90843,1,0,0,0,1,0.986572,0.769427
0,0,0,1,0.933514,0.979436,0,0,0,0.999999,0.962036,0.699254
0,0,0,1,0.925436,1,0,0,0,1,0.953101,0.707304
0,0,0,1,0.985809,0.266665,0,0,0,0.999997,0.964656,0.738858
0,0,0,0,0,0,0,0,0,1,0.966726,0.745769
0,0,0,1,0.9457,0.396125,0,0,0,1,0.939248,0.692538
0,0,0,1,0.951563,1,0,0,0,1,0.981595,0.765769
0,0,0,1,0.931379,1,0,0,0,1,0.96796,0.713631
0,0,0,0,0,0,0,0,0,0.998499,0.933309,0.693161
0,0,0,1,0.935586,1,0,0,0,0.925095,0.869936,0.706697
0,0,0,0.979393,0.957749,1,0,0,0,1,0.972571,0.739046
0,0,0,1,0.951481,1,0,0,0,0.999999,0.953966,0.730674
0,0,0,0,0,0,0,0,0,0.995635,0.949576,0.748904
0,0,0,1,0.939715,0.617622,0,0,0,0.959078,0.926037,0.744285
0,0,0,1,0.950831,0.285875,0,0,0,0.999969,0.918918,0.691914
0,0,0,1,0.951348,1,0,0,0,0.999998,0.951774,0.745769
0,0,0,1,0.997829,0.312353,0,0,0,0.999991,0.93511,0.696681
0,0,0,1,0.963896,0.24146,0,0,0,0.950503,0.923316,0.76908
0,0,0,0,0,0,0,0,0,0.999996,0.927495,0.694717
0,0,0,1,0.951249,1,0,0,0,0.970576,0.94699,0.784649
0,0,0,1,0.962908,0.202817,0,0,0,0.998081,0.965641,0.783326
0,0,0,1,0.934004,0.834509,0,0,0,0.999998,0.947962,0.705785
0,0,0,1,0.931138,1,0,0,0,0.941761,0.911653,0.760117
0,0,0,1,0.939458,1,0,0,0,0.999864,0.953449,0.706494
0,0,0,0.961577,0.934252,1,0,0,0,0.999904,0.938801,0.69285
0,0,0,1,0.980182,0.279406,0,0,0,1,0.975623,0.718199
0,0,0,0,0,0,0,0,0,0.86511,0.785144,0.586523
0,0,0,0.989415,0.913573,1,0,0,0,0.999825,0.953535,0.726232
0,0,0,0,0,0,0,0,0,1,0.967101,0.746139
0,0,0,1,0.982513,0.225695,0,0,0,0.999997,0.947672,0.721253
0,0,0,0.982642,0.924737,1,0,0,0,0.999987,0.936865,0.69987
0,0,0,1,0.982544,0.225933,0,0,0,0.999977,0.98858,0.830181
0,0,0,0,0,0,0,0,0,0.893681,0.859664,0.663669
0,0,0,0.990163,0.913809,1,0,0,0,0.983085,0.900879,0.670393
0,0,0,0,0,0,0,0,0,0.921216,0.882022,0.689619
0,0,0,1,0.956438,0.227048,0,0,0,1,0.94366,0.691081
0,0,0,0.991617,0.982509,0.695991,0,0,0,0.969957,0.925365,0.732592
0,0,0,1,0.947743,1,0,0,0,0.999999,0.979472,0.763131
0,0,0,1,0.973956,0.453049,0,0,0,0.997859,0.966914,0.785144
0,0,0,1,0.978628,0.194583,0,0,0,0.959611,0.928926,0.711531
0,0,0,1,0.934653,0.78856,0,0,0,1,0.981347,0.728845
0,0,0,0.990977,0.916499,1,0,0,0,0.999224,0.914596,0.683208
0,0,0,1,0.935233,1,0,0,0,0.99999,0.957596,0.73431
0,0,0,1,0.951524,1,0,0,0,1,0.941547,0.684053
0,0,0,1,0.959223,1,0,0,0,1,0.952838,0.701509
0,0,0,1,0.926556,0.699577,0,0,0,0.858719,0.830869,0.63477
0,0,0,1,0.948512,0.310069,0,0,0,1,0.960212,0.744471
0,0,0,0,0,0,0,0,0,1,0.957278,0.719186
0,0,0,1,0.970962,0.200433,0,0,0,0.999795,0.937211,0.700485
0,0,0,1,0.948577,1,0,0,0,0.998066,0.942401,0.714429
1.19209e-07,0,0,0,0,0,0,0,0,1,0.978955,0.753467
0,0,0,1,0.927616,1,0,0,0,1,0.974386,0.747616
0,0,0,0.962594,0.948969,1,0,0,0,1,0.975762,0.73077
0,0,0,1,0.934602,0.786823,0,0,0,1,0.944177,0.689515
0,0,0,1,0.931879,1,0,0,0,1,0.974483,0.721743
0,0,0,0,0,0,0,0,0,0.91228,0.878731,0.688573
0,0,0,1,0.935348,0.746123,0,0,0,1,0.949482,0.698946
0,0,0,1,0.938329,1,0,0,0,0.999999,0.942612,0.701815
0,0,0,0.999648,0.961222,0.711171,0,0,0,1,0.957517,0.743541
0,0,0,0,0,0,0,0,0,0.999999,0.934753,0.679391
0,0,0,1,0.925489,1,0,0,0,0.999958,0.944382,0.73431
0,0,0,1,0.934472,1,0,0,0,1,0.953794,0.698021
0,0,0,1,0.94742,0.36501,0,0,0,1,0.963984,0.713432
0,0,0,1,0.944188,1,0,0,0,0.984456,0.955236,0.778481
0,0,0,1,0.937201,1,0,0,0,1,0.960731,0.727975
0,0,0,1,0.92503,1,0,0,0,0.963369,0.932453,0.735262
0,0,0,1,0.946398,0.336935,0,0,0,0.999592,0.931338,0.70416
0,0,0,1,0.939605,1,0,0,0,0.956227,0.926835,0.773216
0,0,0,0,0,0,0,0,0,1,0.958148,0.732783
0,0,0,1,0.94605,0.396741,0,0,0,0.999998,0.965446,0.740174
0,0,0,1,0.919753,1,0,0,0,1,0.964187,0.72027
0,0,0,1,0.934711,0.790401,0,0,0,0.961965,0.934873,0.754373
0,0,0,1,0.951354,1,0,0,0,0.999994,0.964656,0.749821
0,0,0,0,0,0,0,0,0,0.997379,0.966283,0.777638
0,0,0,1,0.944731,1,0,0,0,0.999997,0.965706,0.716615
0,0,0,1,0.947689,0.365867,0,0,0,0.999987,0.953535,0.739234
0,0,0,1,0.951549,1,0,0,0,0.873647,0.843638,0.636127
0,0,0,0,0,0,0,0,0,0.976401,0.953188,0.791499
0,0,0,1,0.933631,0.975812,0,0,0,0.999907,0.984032,0.799442
0,0,0,0.967713,0.936261,1,0,0,0,1,0.978343,0.734691
0,0,0,0.977357,0.923203,1,0,0,0,0.999998,0.956634,0.703753
0,0,0,0,0,0,0,0,0,0.885631,0.857887,0.652463
0,0,0,1,0.982346,0.245282,0,0,0,1,0.961316,0.738858
0,0,0,1,0.984162,0.254792,0,0,0,0.995226,0.9799,0.828106
0,0,0,1,0.970868,0.200187,0,0,0,0.999994,0.925769,0.676299
0,0,0,1,0.931692,0.616374,0,0,0,1,0.979195,0.743541
0,0,0,0,0,0,0,0,0,0.870267,0.832917,0.660391
0,0,0,1,0.948628,0.31039,0,0,0,0.959762,0.942929,0.757077
0,0,0,0,0,0,0,0,0,0.944177,0.907312,0.726426
0,0,0,1,0.955302,1,0,0,0,0.999999,0.967595,0.7413
0,0,0,1,0.966463,0.225129,0,0,0,0.999276,0.918626,0.690455
0,0,0,1,0.941756,1,0,0,0,0.999386,0.977841,0.789883
0,0,0,1,0.954474,0.244953,0,0,0,0.999985,0.963712,0.728748
0,0,0,1,0.940788,0.576438,0,0,0,0.999751,0.90549,0.679498
0,0,0,1,0.950241,0.286001,0,0,0,0.99925,0.91118,0.680666
0,0,0,1,0.951647,1,0,0,0,0.996462,0.979116,0.81626
0,0,0,1,0.937746,0.463078,0,0,0,0.999999,0.955981,0.717705
0,0,0,0,0,0,0,0,0,0.872456,0.837354,0.646795
0,0,0,0.981014,0.957982,1,0,0,0,0.999815,0.926835,0.680772
0,0,0,0.979291,0.934993,1,0,0,0,1,0.943867,0.68637
0,0,0,1,0.961039,0.262755,0,0,0,0.999999,0.971725,0.728845
0,0,0,0.989488,0.936307,1,0,0,0,1,0.975437,0.72331
0,0,0,1,0.945818,1,0,0,0,0.999997,0.930458,0.678327
0,0,0,1,0.934073,1,0,0,0,1,0.976802,0.749087
0,0,0,0,0,0,0,0,0,0.998956,0.951414,0.739799
0,0,0,0,0,0,0,0,0,0.945801,0.917598,0.737725
0,0,0,1,0.948792,1,0,0,0,0.99999,0.974917,0.749271
0,0,0,0.992816,0.917091,1,0,0,0,0.940353,0.915507,0.759939
0,0,0,0,0,0,0,0,0,0.902438,0.877896,0.692122
0,0,0,1,0.954807,1,0,0,0,0.967349,0.939692,0.736969
0,0,0,0,0,0,0,0,0,0.787931,0.737536,0.531848
0,0,0,1,0.984119,0.25426,0,0,0,0.999996,0.954984,0.733738
0,0,0,0,0,0,0,0,0,0.652352,0.59884,0.421492
0,0,0,1,0.951312,1,0,0,0,0.999995,0.970854,0.742422
0,0,0,0.993864,0.908917,1,0,0,0,0.999975,0.928926,0.684264
0,0,0,1,0.984675,0.294564,0,0,0,0.999999,0.966851,0.725454
0,0,0,1,0.98399,0.201785,0,0,0,0.999997,0.96641,0.744656
0,0,0,1,0.933607,0.977171,0,0,0,0.999997,0.93233,0.682256
0,0,0,1,0.92549,1,0,0,0,0.882428,0.821903,0.642657
0,0,0,1,0.979983,0.197884,0,0,0,0.995372,0.93233,0.699357
0,0,0,1,0.941967,1,0,0,0,0.999826,0.959231,0.739611
0,0,0,1,0.97223,0.201842,0,0,0,0.950319,0.92079,0.753285
0,0,0,1,0.950889,0.309665,0,0,0,0.928279,0.900705,0.712132
0,0,0,0,0,0,0,0,0,0.999821,0.917893,0.682679
0,0,0,0,0,0,0,0,0,0.79053,0.764188,0.58676
0,0,0,1,0.933461,0.981002,0,0,0,0.999998,0.959001,0.73678
0,0,0,1,0.934746,0.791408,0,0,0,1,0.9699,0.733547
0,0,0,1,0.94764,0.365712,0,0,0,1,0.975012,0.713931
0,0,0,1,0.938692,0.428101,0,0,0,0.99999,0.962813,0.737536
0,0,0,0.978482,0.928257,1,0,0,0,0.999995,0.968321,0.730866
0,0,0,1,0.980619,0.206655,0,0,0,0.957833,0.91383,0.698741
0,0,0,1,0.94565,0.395948,0,0,0,1,0.9775,0.725551
0,0,0,1,0.93428,1,0,0,0,1,0.967595,0.739611
0,0,0,1,0.9467,0.336663,0,0,0,1,0.961171,0.711331
0,0,0,1,0.939678,0.395226,0,0,0,0.896976,0.865565,0.672654
0,0,0,0,0,0,0,0,0,0.967533,0.942929,0.759404
0,0,0,1,0.950774,1,0,0,0,1,0.973037,0.763484
0,0,0,1,0.934061,0.83849,0,0,0,1,0.949106,0.696991
0,0,0,1,0.997824,0.312189,0,0,0,0.999994,0.96225,0.746693
0,0,0,1,0.97102,0.200585,0,0,0,1,0.963916,0.727395
0,0,0,1,0.941346,1,0,0,0,1,0.97631,0.7478
0,0,0,1,0.970994,0.204343,0,0,0,0.885631,0.853913,0.653016
0,0,0,1,0.946176,1,0,0,0,1,0.962953,0.73412
0,0,0,0.949221,0.974896,0.838794,0,0,0,1,0.971129,0.725746
0,0,0,0.979716,0.944964,1,0,0,0,0.998996,0.909907,0.680985
0,0,0,0,0,0,0,0,0,1,0.968441,0.737536
0,0,0,1,0.980366,0.410563,0,0,0,0.939248,0.90549,0.714628
0,0,0,1,0.941856,0.537036,0,0,0,0.999996,0.935935,0.698329
0,0,0,0.990572,0.929938,1,0,0,0,1,0.97826,0.741861
0,0,0,1,0.951313,1,0,0,0,1,0.948346,0.695338
0,0,0,1,0.935263,0.744489,0,0,0,0.999778,0.913984,0.676727
0,0,0,1,0.990248,0.53151,0,0,0,0.997973,0.992304,0.891434
0,0,0,1,0.922061,0.879402,0,0,0,0.999998,0.952131,0.72331
0,0,0,1,0.948103,0.310591,0,0,0,0.994225,0.951051,0.728555
0,0,0,1,0.940638,1,0,0,0,1,0.972675,0.745584
0,0,0,1,0.973431,0.195712,0,0,0,0.999997,0.958615,0.718002
0,0,0,1,0.974126,0.491721,0,0,0,0.999998,0.961316,0.704872
0,0,0,1,0.979316,0.382863,0,0,0,0.999997,0.939471,0.685529
0,0,0,1,0.958387,0.769461,0,0,0,0.999999,0.939359,0.71721
0,0,0,1,0.980142,0.198619,0,0,0,0.985043,0.900355,0.670069
0,0,0,1,0.949493,1,0,0,0,1,0.971019,0.730866
0,0,0,1,0.937897,1,0,0,0,1,0.962462,0.714927
0,0,0,1,0.938951,1,0,0,0,0.999997,0.956553,0.695235
0,0,0,1,0.946524,1,0,0,0,0.999971,0.931836,0.695441
0,0,0,0,0,0,0,0,0,0.954223,0.934395,0.773216
0,0,0,1,0.947699,0.365896,0,0,0,0.95275,0.929696,0.728845
0,0,0,1,0.934025,0.836282,0,0,0,0.999992,0.959837,0.738858
0,0,0,1,0.975517,0.192851,0,0,0,0.999996,0.962953,0.741674
0,0,0,0,0,0,0,0,0,0.875255,0.836154,0.617224
0,0,0,1,0.937804,1,0,0,0,0.999997,0.92079,0.693992
0,0,0,0,0,0,0,0,0,0.866019,0.78316,0.599778
0,0,0,0.99371,0.950242,0.853268,0,0,0,0.971402,0.945096,0.796767
1.3113e-06,0,0,0,0,0,0,0,0,0.78842,0.760651,0.580709
0,0,0,1,0.945928,1,0,0,0,0.998774,0.903294,0.672439
0,0,0,1,0.925385,0.743015,0,0,0,1,0.959459,0.734881
0,0,0,1,0.935123,1,0,0,0,1,0.944791,0.690455
0,0,0,1,0.933311,0.574814,0,0,0,1,0.965381,0.742795
0,0,0,1,0.951012,0.28634,0,0,0,0.99996,0.920361,0.671686
0.0580135,0.0132143,0,1,0.933274,0.885704,0,0,0,0.88642,0.846197,0.630116
0,0,0,1,0.974673,0.191129,0,0,0,0.999995,0.957437,0.735071
0,0,0,1,0.944296,0.365367,0,0,0,0.999987,0.968321,0.744842
0,0,0,1,0.933454,0.575765,0,0,0,1,0.948728,0.696475
0,0,0,1,0.95134,1,0,0,0,0.999989,0.937783,0.693473
0,0,0,1,0.941683,0.536007,0,0,0,0.999996,0.928926,0.674479
0,0,0,0.977525,0.934596,1,0,0,0,0.999932,0.927232,0.702326
1.19209e-07,0,0,0,0,0,0,0,0,0.999991,0.953362,0.723895
0,0,0,1,0.93346,0.575804,0,0,0,0.929696,0.895888,0.700895
0,0,0,1,0.977527,0.530724,0,0,0,1,0.977328,0.722429
0,0,0,1,0.933261,0.882025,0,0,0,1,0.976356,0.747432
0,0,0,1,0.933726,1,0,0,0,0.999801,0.938011,0.720172
0,0,0,1,0.959897,0.209284,0,0,0,0.999432,0.960361,0.743354
0,0,0,1,0.937901,0.365115,0,0,0,0.999998,0.957991,0.740737
0,0,0,0.980184,0.984214,0.642802,0,0,0,1,0.973645,0.74055
0,0,0,1,0.937501,0.462388,0,0,0,0.99476,0.976446,0.798029
0,0,0,1,0.981571,0.296084,0,0,0,0.999923,0.953966,0.72594
0,0,0,1,0.944943,1,0,0,0,1,0.974677,0.73659
0,0,0,1,0.950198,1,0,0,0,1,0.979275,0.741674
0,0,0,0.988889,0.918032,1,0,0,0,0.890294,0.860604,0.678753
0,0,0,1,0.949284,0.429359,0,0,0,1,0.96741,0.727298
0,0,0,1,0.981525,0.201548,0,0,0,0.999999,0.94366,0.706494
0,0,0,1,0.949103,1,0,0,0,1,0.949012,0.695752
0,0,0,0,0,0,0,0,0,0.878419,0.845177,0.653901
0,0,0,0.991354,0.916622,1,0,0,0,0.999966,0.955899,0.747063
0,0,0,1,0.974194,0.489992,0,0,0,0.940572,0.9229,0.751283
0,0,0,1,0.945299,1,0,0,0,1,0.9659,0.741487
0,0,0,1,0.976924,0.204098,0,0,0,1,0.946892,0.705481
0,0,0,0,0,0,0,0,0,0.999994,0.948155,0.727685
0,0,0,1,0.985246,0.225383,0,0,0,0.860604,0.82347,0.61341
0,0,0,1,0.939604,0.616676,0,0,0,1,0.951233,0.720073
0,0,0,1,0.934033,1,0,0,0,0.967899,0.94079,0.783326
0,0,0,0,0,0,0,0,0,0.999596,0.927232,0.687105
0,0,0,1,0.935124,1,0,0,0,0.974917,0.951051,0.80147
0,0,0,0.98026,0.984218,0.642733,0,0,0,0.907312,0.885829,0.703753
0,0,0,1,0.953367,1,0,0,0,1,0.976356,0.752195
0,0,0,1,0.978708,0.194904,0,0,0,1,0.952926,0.704465
0,0,0,1,0.944553,1,0,0,0,0.999999,0.966914,0.741861
0,0,0,1,0.980066,0.326291,0,0,0,0.950411,0.910545,0.696681
0,0,0,1,0.941658,1,0,0,0,1,0.974435,0.745769
0,0,0,1,0.94638,0.397323,0,0,0,0.999977,0.908942,0.68458
0,0,0,0,0,0,0,0,0,0.839076,0.805326,0.610221
0,0,0,1,0.949964,1,0,0,0,1,0.947478,0.693888
0,0,0,1,0.933498,0.980652,0,0,0,1,0.940353,0.683947
0,0,0,1,0.925483,1,0,0,0,0.999443,0.896795,0.673192
0,0,0,1,0.956459,0.227101,0,0,0,0.999998,0.950227,0.710729
0,0,0,1,0.934402,1,0,0,0,0.854763,0.826712,0.636466
0,0,0,0.976078,0.919426,1,0,0,0,0.999996,0.936749,0.699049
0,0,0,1,0.963449,0.242593,0,0,0,0.999981,0.973844,0.761361
0,0,0,1,0.945398,1,0,0,0,0.999999,0.949012,0.722821
0,0,0,1,0.923914,1,0,0,0,0.992184,0.970909,0.788746
0,0,0,0,0,0,0,0,0,0.849097,0.818737,0.618723
0,0,0,1,0.951585,1,0,0,0,0.745213,0.704465,0.494442
0,0,0,0,0,0,0,0,0,0.988668,0.899475,0.668772
0,0,0,1,0.956823,1,0,0,0,1,0.977328,0.724383
0,0,0,0.964324,0.962637,0.929974,0,0,0,1,0.980949,0.730578
0,0,0,1,0.93282,1,0,0,0,0.999955,0.93233,0.693888
0,0,0,1,0.946188,0.336309,0,0,0,0.999981,0.957278,0.736401
0,0,0,1,0.922801,1,0,0,0,0.999993,0.964921,0.742422
0,0,0,1,0.952546,0.263262,0,0,0,1,0.97649,0.72331
0,0,0,1,0.976791,0.194528,0,0,0,0.998319,0.952662,0.761538
0,0,0,1,0.939619,1,0,0,0,1,0.953622,0.717705
0,0,0,1,0.997838,0.312669,0,0,0,1,0.957755,0.737725
0,0,0,1,0.955879,0.230153,0,0,0,0.999999,0.966851,0.713132
0,0,0,0.967048,0.935971,1,0,0,0,0.999941,0.977543,0.758153
0,0,0,1,0.949338,1,0,0,0,1,0.953794,0.705886
0,0,0,1,0.93462,0.787514,0,0,0,1,0.971939,0.749637
1.07288e-06,0,0,1,0.926902,1,0,0,0,0.99998,0.935817,0.689724
0,0,0,1,0.939845,1,0,0,0,0.999997,0.967472,0.729134
0,0,0,1,0.935129,1,0,0,0,0.999998,0.968679,0.744471
0,0,0,1,0.948994,1,0,0,0,0.999907,0.915809,0.671901
0,0,0,0,0,0,0,0,0,0.99999,0.935935,0.69285
0,0,0,1,0.939427,1,0,0,0,0.959762,0.918626,0.694095
0,0,0,1,0.939346,1,0,0,0,0.99539,0.899298,0.670285
0,0,0,1,0.93381,0.879136,0,0,0,1,0.973292,0.752559
0,0,0,1,0.947662,0.365783,0,0,0,0.999953,0.953449,0.709422
0,0,0,1,0.956686,1,0,0,0,0.999999,0.936865,0.697197
0,0,0,0,0,0,0,0,0,0.786787,0.758868,0.570331
0,0,0,0.992268,0.912259,1,0,0,0,1,0.972934,0.751648
0,0,0,1,0.922767,1,0,0,0,0.99964,0.93511,0.697609
0,0,0,1,0.937677,1,0,0,0,0.97801,0.955981,0.800692
0,0,0,1,0.965961,0.227872,0,0,0,0.999999,0.96622,0.739611
0,0,0,1,0.935215,0.743542,0,0,0,1,0.968797,0.724773
0,0,0,1,0.939403,1,0,0,0,0.999968,0.952662,0.70791
0,0,0,0,0,0,0,0,0,0.868938,0.783492,0.580055
0,0,0,1,0.945271,1,0,0,0,0.999837,0.928018,0.69233
0,0,0,1,0.922019,1,0,0,0,0.929055,0.884838,0.692434
0,0,0,0,0,0,0,0,0,0.999728,0.914444,0.682362
0,0,0,1,0.959872,0.20921,0,0,0,0.995549,0.899652,0.672654
0,0,0,1,0.945162,1,0,0,0,0.99999,0.935582,0.688364
0,0,0,1,0.952481,0.263099,0,0,0,0.999986,0.971184,0.742048
0,0,0,1,0.940741,0.576102,0,0,0,0.999961,0.955569,0.739611
0,0,0,1,0.933643,1,0,0,0,0.999999,0.936052,0.681939
0,0,0,0.993241,0.908738,1,0,0,0,1,0.976129,0.720762
0,0,0,0,0,0,0,0,0,0.905823,0.871365,0.678647
0,0,0,1,0.935248,0.744117,0,0,0,1,0.975437,0.724481
0,0,0,1,0.980195,0.279628,0,0,0,0.999993,0.930205,0.680985
0,0,0,1,0.927637,1,0,0,0,0.999899,0.957596,0.739234
0,0,0,1,0.969114,0.590005,0,0,0,0.999975,0.962603,0.722821
0,0,0,1,0.938305,1,0,0,0,0.99969,0.944485,0.709824
0,0,0,1,0.909467,1,0,0,0,0.940572,0.912436,0.757077
0,0,0,1,0.925055,1,0,0,0,0.950134,0.918772,0.766294
0,0,0,1,0.957562,1,0,0,0,1,0.970465,0.719876
0,0,0,1,0.947694,0.365882,0,0,0,1,0.969785,0.723114
0,0,0,1,0.951681,1,0,0,0,0.999941,0.978177,0.776792
0,0,0,1,0.953906,1,0,0,0,1,0.975577,0.727782
0,0,0,0,0,0,0,0,0,0.89275,0.867934,0.680454
0,0,0,1,0.938564,0.428117,0,0,0,1,0.96378,0.726134
0,0,0,0,0,0,0,0,0,0.956957,0.92164,0.727007
0,0,0,1,0.943663,1,0,0,0,0.948632,0.916409,0.699254
0,0,0,1,0.998116,0.370003,0,0,0,1,0.965316,0.725746
0,0,0,1,0.966465,0.225134,0,0,0,0.999983,0.951953,0.704668
0,0,0,1,0.951325,1,0,0,0,0.959913,0.942929,0.777131
0,0,0,1,0.954824,1,0,0,0,1,0.972204,0.749821
0.0105132,0.000500673,0,0,0,0,0,0,0,0.787278,0.756897,0.567277
0,0,0,0.990242,0.913834,1,0,0,0,0.956796,0.903975,0.685318
0,0,0,1,0.922778,1,0,0,0,1,0.963022,0.748168
0,0,0,0,0,0,0,0,0,0.999999,0.937326,0.684686
0,0,0,1,0.944603,0.430148,0,0,0,0.940898,0.90878,0.742608
0,0,0,1,0.94912,1,0,0,0,0.999999,0.956391,0.742608
0,0,0,1,0.951041,0.286413,0,0,0,0.979433,0.947769,0.785144
0,0,0,1,0.954698,1,0,0,0,0.886027,0.841956,0.655115
0,0,0,1,0.951788,0.264687,0,0,0,0.984094,0.949389,0.795499
0,0,0,0.96619,0.944729,1,0,0,0,0.999988,0.930711,0.682785
0,0,0,1,0.942768,0.464921,0,0,0,1,0.942612,0.68784
0,0,0,1,0.9304,1,0,0,0,1,0.945901,0.689828
0,0,0,0,0,0,0,0,0,0.941761,0.922062,0.738669
0,0,0,1,0.937367,1,0,0,0,1,0.974532,0.763836
8.34465e-07,0,0,0,0,0,0,0,0,0.999878,0.921499,0.677367
0,0,0,0,0,0,0,0,0,0.949106,0.928149,0.763484
0,0,0,1,0.933547,1,0,0,0,0.874185,0.83602,0.648244
0,0,0,0,0,0,0,0,0,0.783658,0.752195,0.584271
0,0,0,0,0,0,0,0,0,0.953101,0.900004,0.685844
0,0,0,1,0.935183,0.536664,0,0,0,0.976625,0.955981,0.809276
0,0,0,1,0.976934,0.204143,0,0,0,0.999644,0.931587,0.682574
0,0,0,1,0.990159,0.5333,0,0,0,1,0.968381,0.719088
0,0,0,1,0.950005,1,0,0,0,0.999981,0.951051,0.730578
0,0,0,1,0.950742,1,0,0,0,0.999997,0.957991,0.731442
0,0,0,1,0.934069,0.838301,0,0,0,1,0.968261,0.72086
0,0,0,1,0.942314,1,0,0,0,0.999998,0.965706,0.716814
0,0,0,1,0.969405,1,0,0,0,0.993735,0.958148,0.793106
0,0,0,1,0.956439,0.227052,0,0,0,0.999998,0.935465,0.681515
0,0,0,0,0,0,0,0,0,0.999993,0.939248,0.70069
0,0,0,1,0.971151,0.204786,0,0,0,0.999107,0.966028,0.749637
0.000490188,4.51793e-05,0,0,0,0,0,0,0,0.756897,0.72331,0.517205
0,0,0,1,0.950763,1,0,0,0,1,0.971618,0.729134
0,0,0,1,0.982509,0.225661,0,0,0,1,0.943867,0.694303
0,0,0,1,0.975634,0.193242,0,0,0,0.999901,0.945701,0.69987
0,0,0,1,0.930262,1,0,0,0,1,0.97151,0.737725
0,0,0,1,0.973486,0.195878,0,0,0,0.99162,0.974725,0.820182
0,0,0,1,0.934768,0.791904,0,0,0,0.998539,0.948155,0.730194
0,0,0,1,0.933433,1,0,0,0,0.999299,0.904482,0.672224
0,0,0,0,0,0,0,0,0,0.766119,0.726717,0.520161
0,0,0,1,0.945628,0.395868,0,0,0,0.999863,0.932207,0.688783
0,0,0,1,0.982245,0.212237,0,0,0,0.999999,0.941439,0.685002
0,0,0,1,0.982655,0.226798,0,0,0,1,0.96944,0.705684
0,0,0,1,0.980412,0.408289,0,0,0,0.999999,0.944382,0.709321
0,0,0,1,0.932423,1,0,0,0,1,0.973745,0.722135
0,0,0,1,0.972331,0.202175,0,0,0,0.972882,0.947769,0.799755
0,0,0,0,0,0,0,0,0,0.858481,0.818882,0.672547
0,0,0,1,0.954424,0.244831,0,0,0,1,0.95388,0.719186
6.19886e-06,3.57628e-07,0,1,0.933709,1,0,0,0,0.91228,0.876634,0.677901
0,0,0,1,0.949282,1,0,0,0,1,0.973088,0.720467
0,0,0,0.989439,0.913581,1,0,0,0,0.999709,0.921074,0.695855
0,0,0,1,0.935675,0.698972,0,0,0,1,0.975202,0.721154
0,0,0,1,0.968412,0.212866,0,0,0,1,0.979433,0.730194
0,0,0,1,0.980635,0.20674,0,0,0,1,0.974435,0.725454
0,0,0,1,0.935936,1,0,0,0,1,0.971456,0.725746
0,0,0,1,0.926514,0.69904,0,0,0,0.994719,0.96641,0.777131
0,0,0,1,0.93738,1,0,0,0,0.989511,0.9455,0.73848
0,0,0,1,0.905572,1,0,0,0,0.999999,0.947381,0.710327
0,0,0,1,0.963938,0.201289,0,0,0,1,0.975809,0.760828
0,0,0,1,0.931655,0.616087,0,0,0,0.999994,0.957755,0.733165
0,0,0,1,0.975489,0.201326,0,0,0,0.999412,0.943243,0.715821
0,0,0,1,0.939691,0.395274,0,0,0,1,0.96225,0.733547
0,0,0,0,0,0,0,0,0,0.910386,0.866698,0.69181
0,0,0,1,0.978508,0.20737,0,0,0,1,0.967533,0.739422
0,0,0,1,0.998417,0.210901,0,0,0,0.999994,0.974917,0.737347
0,0,0,1,0.935165,0.742555,0,0,0,1,0.970013,0.742422
0,0,0,1,0.933809,0.879096,0,0,0,1,0.974483,0.746693
0,0,0,1,0.934002,0.83491,0,0,0,1,0.956145,0.719679
0,0,0,1,0.997848,0.313029,0,0,0,0.999947,0.964187,0.73659
0,0,0,1,0.981314,0.344826,0,0,0,0.920932,0.895523,0.704872
4.64915e-06,0,0,1,0.942281,1,0,0,0,1,0.941975,0.687735
0,0,0,1,0.934607,0.78695,0,0,0,0.999994,0.935346,0.717408
0,0,0,1,0.934608,0.428837,0,0,0,0.999999,0.980091,0.761716
0,0,0,0.990963,0.916495,1,0,0,0,0.950778,0.923592,0.752377
0,0,0,1,0.919946,1,0,0,0,0.999835,0.929312,0.682785
0,0,0,0.992068,0.95006,0.855282,0,0,0,0.999949,0.921074,0.678753
0,0,0,1,0.94389,1,0,0,0,0.999986,0.924142,0.676192
0,0,0,0,0,0,0,0,0,1,0.957437,0.724481
0,0,0,1,0.957624,1,0,0,0,1,0.964589,0.733929
0,0,0,1,0.958336,0.770086,0,0,0,0.969091,0.942295,0.758332
0,0,0,1,0.933721,0.926762,0,0,0,0.828384,0.800224,0.606149
0,0,0,1,0.92418,0.78768,0,0,0,1,0.976625,0.75037
0,0,0,1,0.950164,0.285794,0,0,0,1,0.974141,0.748168
0,0,0,0.988084,0.913151,1,0,0,0,0.997042,0.918187,0.687315
0,0,0,1,0.942278,1,0,0,0,1,0.974532,0.732783
0,0,0,1,0.943161,1,0,0,0,0.646683,0.612368,0.490091
0,0,0,0,0,0,0,0,0,0.848972,0.818302,0.605274
0,0,0,1,0.984677,0.231848,0,0,0,0.930205,0.903294,0.712432
0,0,0,1,0.949879,1,0,0,0,1,0.956553,0.707607
0,0,0,1,0.933807,1,0,0,0,0.999999,0.952926,0.743727
0,0,0,0.993114,0.91987,1,0,0,0,0.999273,0.904313,0.674372
0,0,0,1,0.977777,0.487719,0,0,0,0.999997,0.964321,0.737914
0,0,0,1,0.949637,1,0,0,0,0.994594,0.904987,0.678007
0,0,0,1,0.953236,1,0,0,0,1,0.952838,0.692746
0,0,0,1,0.934098,1,0,0,0,0.999997,0.966789,0.727879
0,0,0,0.988937,0.918048,1,0,0,0,0.999894,0.951594,0.726037
0,0,0,0.977106,0.908585,1,0,0,0,0.957437,0.934395,0.759761
0,0,0,1,0.934042,0.837383,0,0,0,0.934634,0.911967,0.733929
0,0,0,0.967438,0.975019,0.775518,0,0,0,1,0.952131,0.719778
0,0,0,1,0.942747,0.464832,0,0,0,0.977457,0.957358,0.789883
0,0,0,1,0.945846,1,0,0,0,1,0.963369,0.710427
0,0,0,1,0.951571,1,0,0,0,0.8321,0.802556,0.602646
0,0,0,0.964364,0.993779,0.530257,0,0,0,1,0.957675,0.751648
0,0,0,1,0.980266,0.199187,0,0,0,0.952838,0.926703,0.749087
0,0,0,1,0.946032,1,0,0,0,0.999994,0.962391,0.738292
0,0,0,1,0.911915,1,0,0,0,0.948058,0.92373,0.755817
0,0,0,1,0.937442,1,0,0,0,1,0.960731,0.748352
0,0,0,1,0.934006,1,0,0,0,0.999926,0.971456,0.750736
0,0,0,0,0,0,0,0,0,0.999967,0.9229,0.672762
0,0,0,1,0.933506,0.979995,0,0,0,0.999989,0.952309,0.740925
0,0,0,0,0,0,0,0,0,0.798501,0.759404,0.546405
0,0,0,1,0.946214,1,0,0,0,0.999998,0.969032,0.746693
0,0,0,1,0.957886,0.220229,0,0,0,0.929824,0.901227,0.69233
0,0,0,1,0.961252,0.710785,0,0,0,1,0.970688,0.729616
0,0,0,1,0.937295,1,0,0,0,0.999995,0.937897,0.703448
0,0,0,1,0.970965,0.200443,0,0,0,0.993487,0.945096,0.740362
0,0,0,1,0.958753,1,0,0,0,0.939471,0.90549,0.714329
0,0,0,1,0.954491,0.244995,0,0,0,0.999864,0.909907,0.684686
5.2452e-06,2.38419e-07,0,1,0.931481,0.984704,0,0,0,0.999919,0.939913,0.699049
0,0,0,1,0.919376,1,0,0,0,1,0.951233,0.697506
0,0,0,0.990374,0.929874,1,0,0,0,0.999998,0.97458,0.745584
0,0,0,0,0,0,0,0,0,1,0.977414,0.752559
0,0,0,1,0.968584,0.2133,0,0,0,1,0.972467,0.744842
0,0,0,1,0.958744,1,0,0,0,1,0.980876,0.721351
0,0,0,1,0.93954,1,0,0,0,1,0.974337,0.757256
0,0,0,1,0.949331,1,0,0,0,0.999566,0.959383,0.736211
0,0,0,1,0.941848,1,0,0,0,0.942612,0.91848,0.732209
0,0,0,1,0.998118,0.369712,0,0,0,0.997933,0.966474,0.762424
0,0,0,0.98182,0.924466,1,0,0,0,0.915658,0.862699,0.68595
0,0,0,1,0.981337,0.347225,0,0,0,1,0.96051,0.738292
0,0,0,0,0,0,0,0,0,0.907312,0.882022,0.693058
0,0,0,0,0,0,0,0,0,0.900004,0.876951,0.69181
0,0,0,1,0.949634,1,0,0,0,0.999937,0.9255,0.685318
0,0,0,1,0.976955,0.204235,0,0,0,0.99991,0.967163,0.730194
0,0,0,0,0,0,0,0,0,0.999998,0.944177,0.703142
0,0,0,1,0.933361,0.575153,0,0,0,0.993735,0.97553,0.791982
0,0,0,1,0.933817,0.878057,0,0,0,0.999996,0.965835,0.707203
0,0,0,1,0.91569,1,0,0,0,0.99912,0.954732,0.735071
0,0,0,0,0,0,0,0,0,0.999988,0.927232,0.684475
0,0,0,0,0,0,0,0,0,0.871803,0.837487,0.640411
0,0,0,1,0.933555,0.978656,0,0,0,0.999381,0.951051,0.734691
0,0,0,1,0.924202,0.788122,0,0,0,1,0.961316,0.70202
0,0,0,1,0.938458,0.658702,0,0,0,1,0.961965,0.741112
0,0,0,1,0.956468,0.227121,0,0,0,0.999999,0.960137,0.719679
0,0,0,1,0.964436,1,0,0,0,0.999977,0.959913,0.740362
0,0,0,0.979498,0.93504,1,0,0,0,1,0.961534,0.721547
0,0,0,0,0,0,0,0,0,0.999996,0.953362,0.734881
0,0,0,1,0.933811,0.879222,0,0,0,0.993537,0.907312,0.693265
0,0,0,0.96472,0.993794,0.529994,0,0,0,0.999462,0.942507,0.737725
0,0,0,1,0.998378,0.21063,0,0,0,0.999997,0.937096,0.700383
0,0,0,1,0.922788,1,0,0,0,0.99993,0.958382,0.734501
0,0,0,1,0.969126,0.5898,0,0,0,0.999998,0.937897,0.683314
0,0,0,0,0,0,0,0,0,0.994636,0.944995,0.745213
0,0,0,0,0,0,0,0,0,0.990366,0.944177,0.699562
0,0,0,1,0.915645,1,0,0,0,1,0.953449,0.717507
0.000130406,0,0,0.977159,0.92316,1,0,0,0,0.999724,0.949106,0.715126
0,0,0,1,0.943614,1,0,0,0,0.956715,0.9271,0.779154
0,0,0,1,0.982605,0.226408,0,0,0,0.99996,0.951774,0.744285
0,0,0,1,0.948445,1,0,0,0,1,0.970183,0.752377
0,0,0,1,0.943658,1,0,0,0,1,0.975249,0.744471
0,0,0,0,0,0,0,0,0,0.999675,0.931711,0.688049
0,0,0,1,0.935363,0.746361,0,0,0,0.999993,0.95096,0.725746
0,0,0,1,0.985126,0.21108,0,0,0,0.981095,0.959535,0.805938
0,0,0,0.983791,0.971532,0.839716,0,0,0,0.999273,0.91228,0.669421
0,0,0,1,0.990268,0.531102,0,0,0,1,0.976535,0.746693
0,0,0,0,0,0,0,0,0,1,0.960952,0.749637
0,0,0,0,0,0,0,0,0,0.999993,0.96378,0.727104
0,0,0,0.98234,0.924637,1,0,0,0,0.860369,0.807461,0.616012
0,0,0,0.989893,0.918356,1,0,0,0,0.913368,0.888566,0.697918
0,0,0,1,0.932406,0.933609,0,0,0,0.927363,0.884639,0.715225
0,0,0,1,0.940783,1,0,0,0,0.999977,0.951684,0.741674
0,0,0,1,0.949672,1,0,0,0,0.999991,0.941223,0.700997
0,0,0,0,0,0,0,0,0,0.939582,0.917598,0.752013
0,0,0,1,0.924909,1,0,0,0,1,0.959307,0.735831
0,0,0,0,0,0,0,0,0,0.999186,0.952309,0.742982
0,0,0,0,0,0,0,0,0,0.810929,0.765067,0.544983
0,0,0,0.994188,0.90892,1,0,0,0,0.999986,0.963437,0.71413
0,0,0,1,0.933642,1,0,0,0,0.999991,0.955981,0.695958
0,0,0,1,0.949417,1,0,0,0,0.999999,0.940134,0.68595
0,0,0,1,0.981536,0.295319,0,0,0,1,0.947284,0.691914
0,0,0,1,0.971047,0.200655,0,0,0,0.99991,0.950595,0.730866
0,0,0,1,0.981564,0.295909,0,0,0,0.999999,0.961244,0.715225
0,0,0,1,0.9853,0.225843,0,0,0,1,0.961965,0.729038
0,0,0,0,0,0,0,0,0,1,0.955651,0.721841
0,0,0,1,0.947424,0.365023,0,0,0,0.951684,0.921499,0.738292
0,0,0,1,0.975378,0.192388,0,0,0,0.985552,0.891434,0.68215
0,0,0,1,0.933548,1,0,0,0,0.999969,0.954223,0.740174
0,0,0,1,0.952542,0.263252,0,0,0,1,0.951414,0.694821
0,0,0,0.968984,0.993437,0.576214,0,0,0,0.995601,0.968915,0.796925
0.00395504,0.000440024,0,1,0.938622,0.660436,0,0,0,0.793426,0.760828,0.577317
0,0,0,1,0.952522,0.263202,0,0,0,0.892375,0.866019,0.672547
0,0,0,0,0,0,0,0,0,0.968501,0.929824,0.757077
0,0,0,1,0.9505,0.286688,0,0,0,1,0.973944,0.718496
0,0,0,0.977588,0.914277,1,0,0,0,0.999941,0.949012,0.725746
0,0,0,1,0.954831,1,0,0,0,0.946892,0.924959,0.748904
0,0,0,1,0.949393,1,0,0,0,1,0.969498,0.726134
0,0,0,1,0.967586,0.216062,0,0,0,1,0.970296,0.751648
0,0,0,1,0.944539,0.429903,0,0,0,1,0.973088,0.744842
0,0,0,1,0.933255,0.883084,0,0,0,0.999777,0.917303,0.67971
0,0,0,0,0,0,0,0,0,0.914749,0.895888,0.698124
0,0,0,0,0,0,0,0,0,0.808219,0.770983,0.599661
0,0,0,1,0.935009,0.535674,0,0,0,0.999998,0.934634,0.690455
0,0,0,1,0.949103,0.310148,0,0,0,0.995263,0.959687,0.757974
0,0,0,1,0.980069,0.198282,0,0,0,1,0.972152,0.722821
0,0,0,1,0.936189,0.656556,0,0,0,1,0.960952,0.742608
0,0,0,0,0,0,0,0,0,0.914749,0.873215,0.677581
0,0,0,1,0.940878,0.57706,0,0,0,1,0.973037,0.731059
0,0,0,0.993109,0.919869,1,0,0,0,0.999994,0.942612,0.698432
0,0,0,1,0.950975,0.286245,0,0,0,0.999999,0.957038,0.735262
0,0,0,1,0.946715,1,0,0,0,0.999982,0.967039,0.722135
0,0,0,0,0,0,0,0,0,1,0.944382,0.688154
0,0,0,1,0.982653,0.226786,0,0,0,0.999994,0.962743,0.739986
0,0,0,1,0.937455,1,0,0,0,1,0.974725,0.749637
0,0,0,0.9826,0.971409,0.841135,0,0,0,1,0.972779,0.747247
0,0,0,1,0.944991,1,0,0,0,0.998774,0.96856,0.770292
0,0,0,0,0,0,0,0,0,1,0.950686,0.702836
0,0,0,1,0.975351,0.192298,0,0,0,0.897156,0.84607,0.635109
0,0,0,0,0,0,0,0,0,0.799912,0.758332,0.564999
0,0,0,1,0.937794,0.463287,0,0,0,1,0.975855,0.72027
0,0,0,1,0.962952,0.20296,0,0,0,0.928926,0.879768,0.691289
0,0,0,0,0,0,0,0,0,0.648244,0.616647,0.468031
0,0,0,1,0.933617,1,0,0,0,0.779154,0.739611,0.573858
0,0,0,1,0.971039,0.200634,0,0,0,0.999998,0.954052,0.742982
0,0,0,1,0.936216,0.498754,0,0,0,0.914444,0.88642,0.694095
0,0,0,1,0.933998,0.834246,0,0,0,0.999969,0.947088,0.727975
0,0,0,1,0.950251,0.286027,0,0,0,1,0.980431,0.716219
0,0,0,1,0.933855,1,0,0,0,0.973745,0.915205,0.735071
0,0,0,1,0.945947,1,0,0,0,0.999999,0.934753,0.681727
0,0,0,1,0.961296,0.710203,0,0,0,0.999998,0.958382,0.742795
0,0,0,1,0.965812,0.227503,0,0,0,0.999929,0.968381,0.747247
0,0,0,1,0.993571,0.442424,0,0,0,0.999918,0.933188,0.71403
0,0,0,1,0.941543,1,0,0,0,0.999983,0.938913,0.70202
0,0,0,1,0.955178,1,0,0,0,1,0.938913,0.699254
0,0,0,1,0.984139,0.254511,0,0,0,1,0.96856,0.736401
0,0,0,1,0.934753,0.791571,0,0,0,0.999967,0.944587,0.711331
0,0,0,1,0.951814,0.264753,0,0,0,0.999881,0.931711,0.700178
0,0,0,0,0,0,0,0,0,0.936749,0.902438,0.749821
0,0,0,1,0.928033,1,0,0,0,1,0.974773,0.751283
0,0,0,0.968,0.936331,1,0,0,0,1,0.946794,0.692954
0,0,0,1,0.939537,1,0,0,0,0.948251,0.923592,0.767167
0,0,0,0.989282,0.923258,1,0,0,0,0.99987,0.939248,0.721056
0,0,0,1,0.977702,0.489379,0,0,0,1,0.975012,0.715325
0,0,0,1,0.944398,0.429358,0,0,0,1,0.963369,0.728555
0,0,0,1,0.944562,0.429991,0,0,0,0.999985,0.953622,0.708414
0,0,0,0,0,0,0,0,0,0.906653,0.868381,0.698021
0,0,0,1,0.936174,0.656367,0,0,0,1,0.948058,0.734501
0,0,0,1,0.934031,0.836508,0,0,0,1,0.979076,0.740925
0,0,0,1,0.942632,0.498059,0,0,0,0.99979,0.952397,0.713631
0,0,0,1,0.980183,0.279433,0,0,0,0.922062,0.892563,0.68342
0,0,0,1,0.944946,1,0,0,0,0.832373,0.805173,0.619932
0,0,0,1,0.967479,1,0,0,0,0.919498,0.889721,0.687
0,0,0,1,0.958529,0.286488,0,0,0,0.999991,0.958693,0.718792
0,0,0,1,0.938414,0.658247,0,0,0,0.999945,0.979354,0.778818
0,0,0,1,0.938537,0.659564,0,0,0,1,0.968141,0.739611
0,0,0,0,0,0,0,0,0,0.999713,0.930332,0.689724
0,0,0,0,0,0,0,0,0,0.85269,0.810329,0.623033
0,0,0,1,0.933453,0.981665,0,0,0,0.99657,0.919931,0.693473
0,0,0,1,0.949506,1,0,0,0,1,0.976084,0.755997
0,0,0,1,0.949348,0.336208,0,0,0,1,0.9775,0.745584
0,0,0,1,0.933999,0.834782,0,0,0,1,0.958226,0.722821
0,0,0,1,0.938882,1,0,0,0,1,0.972257,0.746509
0,0,0,1,0.95405,1,0,0,0,0.999992,0.96796,0.727879
0,0,0,0,0,0,0,0,0,1,0.953188,0.701611
0,0,0,1,0.937948,1,0,0,0,0.903635,0.877477,0.655446
0,0,0,1,0.915921,1,0,0,0,0.998364,0.97631,0.796134
0,0,0,1,0.976908,0.185348,0,0,0,0.992683,0.933673,0.725649
0,0,0,0.967907,0.929042,1,0,0,0,0.838812,0.80837,0.611092
0,0,0,1,0.978673,0.194764,0,0,0,0.999999,0.954984,0.718693
0,0,0,1,0.927678,0.656669,0,0,0,1,0.97458,0.748536
0,0,0,0.995417,0.913077,1,0,0,0,0.996996,0.961316,0.781164
0,0,0,1,0.961492,0.707684,0,0,0,0.999923,0.953449,0.712332
0,0,0,1,0.978566,0.194339,0,0,0,0.999966,0.954223,0.73848
0,0,0,1,0.984023,0.25308,0,0,0,0.999853,0.950686,0.708313
0,0,0,1,0.948084,0.310538,0,0,0,1,0.967533,0.72487
0,0,0,0.975888,0.919362,1,0,0,0,0.999995,0.964722,0.734501
0,0,0,1,0.975655,0.201964,0,0,0,0.938801,0.898053,0.71123
0,0,0,1,0.946464,0.337129,0,0,0,1,0.961316,0.7478
0,0,0,0,0,0,0,0,0,1,0.933794,0.679604
0,0,0,1,0.937748,1,0,0,0,0.9948,0.964855,0.806853
0,0,0,1,0.97538,0.192393,0,0,0,1,0.964456,0.702122
0,0,0,1,0.9734,0.190558,0,0,0,1,0.972934,0.728265
0,0,0,1,0.997836,0.312587,0,0,0,0.983279,0.963984,0.798815
0,0,0,1,0.936243,0.396324,0,0,0,0.666062,0.636692,0.506935
0,0,0,1,0.941702,0.536125,0,0,0,0.999999,0.971992,0.720762
0,0,0,0.994708,0.909078,1,0,0,0,0.814496,0.787441,0.602062
0,0,0,1,0.95341,1,0,0,0,1,0.967533,0.729712
0,0,0,1,0.933713,1,0,0,0,0.965446,0.937211,0.751101
0,0,0,1,0.958501,0.216237,0,0,0,0.999992,0.961606,0.734691
0,0,0,1,0.938488,0.659036,0,0,0,0.962108,0.942401,0.763307
0,0,0,1,0.962878,0.202716,0,0,0,0.999831,0.921922,0.688992
0,0,0,1,0.928123,1,0,0,0,0.99997,0.957358,0.742422
0,0,0,1,0.966175,0.224686,0,0,0,0.883437,0.838812,0.681727
0,0,0,1,0.981522,0.295019,0,0,0,1,0.980394,0.759582
0,0,0,1,0.97537,0.192362,0,0,0,0.999941,0.943764,0.693888
0,0,0,1,0.969264,0.587539,0,0,0,1,0.963437,0.739799
0,0,0,1,0.955756,0.22983,0,0,0,1,0.95877,0.733929
0,0,0,1,0.977431,0.214081,0,0,0,0.981945,0.962603,0.776792
0,0,0,1,0.948014,0.464024,0,0,0,0.838018,0.807309,0.598019
0,0,0,1,0.979315,0.382925,0,0,0,0.998028,0.941761,0.742795
0,0,0,1,0.953695,0.246383,0,0,0,0.999983,0.949201,0.721253
0,0,0,1,0.935744,0.699986,0,0,0,1,0.977671,0.754734
0,0,0,1,0.998114,0.370739,0,0,0,0.999533,0.950134,0.718693
0,0,0,1,0.941272,1,0,0,0,1,0.939913,0.685423
0,0,0,1,0.938622,0.428349,0,0,0,0.999995,0.93511,0.698227
0,0,0,0,0,0,0,0,0,0.999999,0.940898,0.699665
0,0,0,0.965483,0.935463,1,0,0,0,0.943867,0.913058,0.690768
0,0,0,0,0,0,0,0,0,0.915809,0.867934,0.665737
0,0,0,1,0.993586,0.441829,0,0,0,0.984396,0.9659,0.765418
0,0,0,0,0,0,0,0,0,0.963022,0.935935,0.755276
0,0,0,1,0.952633,0.263481,0,0,0,0.999996,0.963643,0.732783
0,0,0,1,0.919675,1,0,0,0,0.999991,0.956553,0.709321
0,0,0,1,0.933691,0.928897,0,0,0,1,0.955486,0.721056
0,0,0,1,0.955828,0.230018,0,0,0,0.999998,0.928409,0.695131
0,0,0,1,0.949596,1,0,0,0,0.949389,0.92373,0.766992
0,0,0,1,0.946682,0.336612,0,0,0,0.996085,0.95275,0.730578
0,0,0,1,0.976856,0.203789,0,0,0,1,0.974288,0.747616
0,0,0,1,0.916493,1,0,0,0,0.999999,0.977841,0.774754
0,0,0,0,0,0,0,0,0,0.908618,0.863276,0.68342
0,0,0,1,0.93864,0.66062,0,0,0,1,0.950503,0.714528
0,0,0,1,0.936417,1,0,0,0,0.999961,0.935465,0.722429
0,0,0,1,0.948555,0.310189,0,0,0,1,0.929824,0.688468
0,0,0,1,0.973733,0.196618,0,0,0,1,0.973894,0.769946
0,0,0,1,0.933498,0.980605,0,0,0,0.999999,0.950686,0.725065
0,0,0,1,0.980182,0.198803,0,0,0,1,0.959687,0.734881
0,0,0,1,0.935281,0.744797,0,0,0,0.818447,0.783492,0.586641
0,0,0,1,0.93382,0.878478,0,0,0,0.999996,0.944791,0.706494
0,0,0,1,0.985068,0.210699,0,0,0,0.985718,0.967287,0.804406
0,0,0,1,0.947169,1,0,0,0,0.999868,0.947672,0.742795
0,0,0,1,0.95412,0.244074,0,0,0,0.999998,0.968201,0.737158
0,0,0,1,0.946342,0.336768,0,0,0,1,0.963231,0.715126
0,0,0,1,0.982172,0.211785,0,0,0,1,0.966976,0.75401
0,0,0,1,0.964667,1,0,0,0,1,0.967778,0.739422
0,0,0,0,0,0,0,0,0,0.879147,0.846451,0.66769
0,0,0,0.993919,0.92152,1,0,0,0,0.999977,0.915959,0.672869
0,0,0,1,0.933468,1,0,0,0,1,0.977799,0.728652
0,0,0,1,0.977075,0.204776,0,0,0,1,0.952397,0.701406
0,0,0,1,0.953321,1,0,0,0,1,0.976129,0.716814
0,0,0,0,0,0,0,0,0,0.93511,0.868938,0.67104
0,0,0,1,0.947907,0.365843,0,0,0,1,0.969324,0.73848
0,0,0,1,0.969171,0.589058,0,0,0,1,0.971184,0.732783
0,0,0,0,0,0,0,0,0,0.933188,0.897874,0.717606
0,0,0,1,0.985102,0.210924,0,0,0,0.999919,0.913213,0.674158
0,0,0,0,0,0,0,0,0,0.807309,0.765769,0.57075
0,0,0,1,0.938969,1,0,0,0,0.985718,0.931338,0.703549
0,0,0,1,0.945805,1,0,0,0,1,0.968321,0.74055
0,0,0,0.984618,0.984485,0.638863,0,0,0,0.973393,0.945901,0.76366
0,0,0,1,0.974112,0.492062,0,0,0,0.975716,0.921358,0.7324
0,0,0,1,0.980113,0.224296,0,0,0,1,0.976356,0.722918
0,0,0,1,0.937962,1,0,0,0,1,0.967101,0.743727
0,0,0,1,0.940818,0.576643,0,0,0,0.998408,0.928279,0.700178
0,0,0,1,0.994319,0.201725,0,0,0,1,0.939025,0.690037
0,0,0,1,0.919614,1,0,0,0,0.979315,0.900879,0.688887
0,0,0,1,0.93553,1,0,0,0,0.967533,0.933431,0.736021
0,0,0,0,0,0,0,0,0,0.999914,0.941115,0.719482
0,0,0,0.968325,0.936411,1,0,0,0,0.999997,0.929055,0.698741
0,0,0,1,0.939029,1,0,0,0,0.999999,0.960584,0.740925
0,0,0,0,0,0,0,0,0,1,0.971618,0.737536
0,0,0,1,0.969209,0.588432,0,0,0,0.999967,0.930711,0.68658
0,0,0,1,0.941372,1,0,0,0,0.950686,0.914901,0.719581
0,0,0,0,0,0,0,0,0,0.966092,0.9255,0.682891
0,0,0,1,0.937374,0.70289,0,0,0,0.999992,0.962036,0.738292
0,0,0,1,0.975298,0.192119,0,0,0,0.915507,0.871912,0.693161
0,0,0,0.975602,0.934939,1,0,0,0,0.999975,0.921358,0.689724
0,0,0,1,0.937291,1,0,0,0,0.834407,0.801625,0.610628
0,0,0,1,0.941287,1,0,0,0,0.999995,0.925769,0.705582
0,0,0,1,0.957287,1,0,0,0,0.999186,0.969556,0.775265
0,0,0,0.982063,0.9245,1,0,0,0,1,0.961461,0.737347
0,0,0,0.995266,0.921956,1,0,0,0,1,0.964789,0.739611
0,0,0,1,0.935696,0.699302,0,0,0,0.999983,0.923868,0.692122
0,0,0,1,0.909742,1,0,0,0,1,0.9462,0.688783
0,0,0,1,0.964857,1,0,0,0,1,0.968501,0.741487
0,0,0,0.98942,0.997108,0.440176,0,0,0,0.91611,0.843122,0.693161
0,0,0,1,0.934862,1,0,0,0,0.999976,0.960212,0.715921
0,0,0,0.994552,0.921725,1,0,0,0,0.999931,0.951233,0.70619
0,0,0,1,0.941389,1,0,0,0,0.999923,0.953101,0.710327
0,0,0,1,0.982633,0.226629,0,0,0,0.877896,0.81772,0.639849
0,0,0,0.988514,0.99709,0.440717,0,0,0,1,0.968738,0.704872
0,0,0,1,0.969908,0.543806,0,0,0,0.999998,0.939248,0.697712
0,0,0,0,0,0,0,0,0,0.862352,0.795022,0.602412
0,0,0,0.964321,0.93387,1,0,0,0,0.999851,0.97231,0.759582
0,0,0,1,0.941658,1,0,0,0,1,0.974773,0.725162
0,0,0,0.989788,0.918323,1,0,0,0,0.999994,0.95275,0.70028
0,0,0,1,0.935319,1,0,0,0,1,0.98156,0.749271
0,0,0,1,0.949059,0.336359,0,0,0,0.999987,0.939137,0.709925
0,0,0,1,0.980396,0.409062,0,0,0,0.999999,0.965381,0.7413
0,0,0,1,0.942767,0.464915,0,0,0,0.999985,0.92944,0.682045
0.000225519,0,0,1,0.973363,0.195506,0,0,0,1,0.976625,0.745954
0,0,0,1,1,0.267399,0,0,0,0.999987,0.962108,0.734881
0,0,0,1,0.944585,0.43008,0,0,0,1,0.973544,0.729038
0,0,0,1,0.945787,0.396435,0,0,0,0.997893,0.968501,0.792946
0,0,0,0,0,0,0,0,0,1,0.961678,0.724188
0,0,0,0.966934,0.936069,1,0,0,0,0.999878,0.956391,0.720467
0,0,0,1,0.926957,1,0,0,0,1,0.961965,0.71113
0,0,0,1,0.982238,0.212198,0,0,0,1,0.9463,0.706798
0,0,0,1,0.982629,0.226601,0,0,0,1,0.960731,0.720762
0,0,0,0,0,0,0,0,0,1,0.972519,0.725454
0,0,0,0,0,0,0,0,0,0.897336,0.869936,0.685318
0,0,0,1,0.933508,0.979857,0,0,0,0.999709,0.930711,0.693992
0,0,0,1,0.945309,0.927373,0,0,0,0.999968,0.961098,0.739799
0,0,0,1,0.941865,1,0,0,0,1,0.967163,0.740925
0,0,0,1,0.980384,0.40966,0,0,0,0.956227,0.930332,0.761716
0,0,0,1,0.936388,1,0,0,0,1,0.957278,0.73029
0,0,0,1,0.973585,0.196175,0,0,0,0.999998,0.949669,0.725746
0,0,0,1,0.969079,0.590574,0,0,0,0.999174,0.910386,0.672547
0,0,0,1,0.934341,1,0,0,0,0.957118,0.929824,0.759939
0,0,0,1,0.968402,0.212839,0,0,0,0.994423,0.988131,0.88642
0,0,0,1,0.936684,1,0,0,0,1,0.975343,0.759404
0,0,0,1,0.976942,0.410265,0,0,0,0.997508,0.969382,0.797241
0,0,0,0.970237,0.941007,1,0,0,0,0.999981,0.96378,0.732018
0,0,0,1,0.983258,0.279715,0,0,0,1,0.962743,0.705582
0,0,0,1,0.925383,0.742983,0,0,0,0.999999,0.965706,0.743541
0,0,0,1,0.95519,1,0,0,0,1,0.97553,0.725162
0,0,0,1,0.925388,0.743145,0,0,0,0.999926,0.906653,0.684686
0,0,0,0,0,0,0,0,0,0.903975,0.842604,0.650134
0,0,0,0,0,0,0,0,0,0.998035,0.964656,0.76454
0,0,0,1,0.933456,0.57578,0,0,0,0.957278,0.926968,0.710126
0,0,0,0,0,0,0,0,0,1,0.973241,0.743727
0,0,0,1,0.940583,0.574987,0,0,0,0.999998,0.963848,0.722037
0,0,0,1,0.97914,0.216492,0,0,0,0.999997,0.93196,0.685739
0,0,0,1,0.982339,0.212822,0,0,0,1,0.964389,0.720762
0,0,0,1,0.998449,0.231123,0,0,0,0.999998,0.960952,0.733738
0,0,0,0.991469,0.982499,0.696132,0,0,0,0.941439,0.913213,0.758511
0,0,0,1,0.935249,0.744143,0,0,0,1,0.976265,0.723895
0,0,0,1,0.924188,0.787831,0,0,0,0.974629,0.936865,0.726717
0,0,0,1,0.948727,1,0,0,0,0.999995,0.933673,0.685002
0,0,0,1,0.93516,0.74236,0,0,0,1,0.962743,0.738858
0,0,0,1,0.935296,1,0,0,0,0.999986,0.954647,0.727201
0,0,0,0.983981,0.971552,0.839491,0,0,0,0.999991,0.946498,0.706899
0,0,0,1,0.932897,1,0,0,0,0.820901,0.791176,0.59013
0,0,0,1,0.933613,0.976831,0,0,0,0.999491,0.954732,0.718199
0,0,0,0,0,0,0,0,0,0.999978,0.949106,0.724286
0,0,0,0,0,0,0,0,0,0.884439,0.85022,0.646237
0,0,0,0,0,0,0,0,0,0.999998,0.941547,0.696475
0,0,0,1,0.951666,0.264373,0,0,0,1,0.944893,0.693161
0,0,0,1,0.93326,0.883441,0,0,0,0.99954,0.912748,0.674158
0,0,0,1,0.948211,0.310899,0,0,0,0.838151,0.800536,0.584034
0,0,0,1,0.979989,0.197913,0,0,0,0.999208,0.964119,0.744099
0,0,0,1,0.973419,0.19061,0,0,0,0.999409,0.90878,0.671901
0,0,0,1,0.947482,0.36521,0,0,0,0.928018,0.870157,0.662578
0,0,0,1,0.944516,1,0,0,0,0.999977,0.968081,0.742982
0,0,0,1,0.933399,0.575406,0,0,0,0.924688,0.885434,0.693161
0,0,0,1,0.934291,1,0,0,0,1,0.965512,0.739986
0,0,0,0.967554,0.928936,1,0,0,0,0.999991,0.956063,0.703244
0,0,0,0,0,0,0,0,0,0.991187,0.900179,0.670824
0,0,0,1,0.949107,0.336499,0,0,0,1,0.965835,0.73431
0,0,0,1,0.950118,1,0,0,0,1,0.975623,0.719482
0,0,0,1,0.933262,0.883607,0,0,0,0.959837,0.932207,0.754915
0,0,0,1,0.944934,1,0,0,0,0.760295,0.718002,0.53783
0,0,0,1,0.998475,0.231359,0,0,0,0.891999,0.85741,0.662032
0,0,0,1,0.944793,1,0,0,0,1,0.963022,0.7413
0,0,0,1,0.94599,1,0,0,0,0.99098,0.936052,0.700997
0,0,0,0,0,0,0,0,0,0.924279,0.899121,0.713232
0,0,0,1,0.931707,0.616502,0,0,0,0.999997,0.936168,0.70028
0,0,0,1,0.939533,0.616064,0,0,0,0.999999,0.939248,0.684264
0,0,0,1,0.956744,1,0,0,0,0.899828,0.865793,0.679817
0,0,0,1,0.94604,1,0,0,0,1,0.966726,0.715424
0,0,0,1,0.972297,0.202066,0,0,0,0.999928,0.963506,0.721351
0,0,0,1,0.953399,1,0,0,0,1,0.982823,0.716417
0,0,0,1,0.954955,1,0,0,0,1,0.978177,0.74872
0,0,0,1,0.953197,1,0,0,0,1,0.973894,0.728652
0,0,0,0,0,0,0,0,0,0.89275,0.861538,0.658857
0,0,0,1,0.935334,0.745783,0,0,0,0.999994,0.934634,0.686265
0,0,0,1,0.969164,0.209815,0,0,0,0.999974,0.950595,0.73077
0,0,0,1,0.981562,0.295864,0,0,0,0.999999,0.963643,0.740174
0,0,0,1,0.933386,1,0,0,0,0.967717,0.928539,0.747432
0,0,0,1,0.909841,1,0,0,0,0.999997,0.9633,0.726232
0,0,0,1,0.981582,0.201849,0,0,0,1,0.975343,0.722233
0,0,0,1,0.959931,0.284572,0,0,0,0.993537,0.973139,0.813609
0,0,0,1,0.938017,0.463902,0,0,0,0.97859,0.956796,0.779993
0,0,0,0,0,0,0,0,0,1,0.962108,0.724968
0,0,0,1,0.980635,0.206738,0,0,0,0.999972,0.973745,0.760828
0,0,0,0,0,0,0,0,0,0.770637,0.738103,0.567817
0,0,0,1,0.933667,0.929706,0,0,0,1,0.959762,0.718693
0,0,0,1,0.961374,0.7092,0,0,0,0.951323,0.920647,0.711832
0,0,0,1,0.942433,1,0,0,0,1,0.964254,0.726911
0,0,0,1,0.939358,1,0,0,0,0.999998,0.976802,0.726523
0,0,0,1,0.938247,1,0,0,0,0.999995,0.957912,0.708515
0,0,0,0.99001,0.913761,1,0,0,0,0.784979,0.751283,0.554953
0,0,0,1,0.944104,1,0,0,0,0.999995,0.934634,0.679923
0,0,0,1,0.952027,1,0,0,0,1,0.974141,0.72487
0,0,0,1,0.931894,1,0,0,0,0.993487,0.962391,0.785144
0,0,0,1,0.938617,0.660394,0,0,0,0.999977,0.931213,0.70202
0,0,0,1,0.946089,1,0,0,0,0.99984,0.913368,0.672117
0,0,0,1,0.938562,0.428106,0,0,0,1,0.975343,0.732592
0,0,0,1,0.956927,1,0,0,0,0.999998,0.937783,0.704364
0,0,0,1,0.937452,1,0,0,0,1,0.941547,0.70304
0,0,0,1,0.951338,1,0,0,0,1,0.95222,0.707203
0,0,0,1,0.952734,0.263733,0,0,0,0.875361,0.847463,0.636805
0,0,0,0,0,0,0,0,0,1,0.966028,0.721449
0,0,0,1,0.941816,0.536805,0,0,0,1,0.953275,0.700588
0,0,0,1,0.939502,1,0,0,0,0.999995,0.939359,0.699562
0,0,0,0.964333,0.933874,1,0,0,0,0.999307,0.967287,0.754553
0,0,0,1,0.976873,0.194842,0,0,0,0.999992,0.96641,0.707203
0,0,0,0.967878,0.936301,1,0,0,0,0.82755,0.800068,0.611382
0,0,0,1,0.982083,0.211225,0,0,0,0.998774,0.972882,0.792143
0,0,0,1,0.94911,1,0,0,0,1,0.970688,0.727492
0,0,0,1,0.933619,0.97647,0,0,0,0.950503,0.927232,0.717804
0,0,0,1,0.90567,1,0,0,0,0.921499,0.891055,0.689515
0,0,0,1,0.933693,0.928452,0,0,0,1,0.970465,0.723895
0,0,0,1,0.935193,0.743058,0,0,0,0.936168,0.895523,0.682679
0,0,0,1,0.928812,0.614934,0,0,0,0.86212,0.803019,0.652906
0,0,0,1,0.948562,0.310207,0,0,0,1,0.967039,0.718002
0,0,0,1,0.949946,1,0,0,0,1,0.951953,0.715523
0,0,0,1,0.931667,0.616178,0,0,0,0.999994,0.937211,0.696887
0,0,0,1,0.959861,0.209178,0,0,0,0.999999,0.967225,0.741674
0,0,0,1,0.984683,0.294775,0,0,0,0.999998,0.955651,0.736969
0,0,0,0,0,0,0,0,0,0.880797,0.845942,0.641759
0,0,0,0.964206,0.993773,0.530374,0,0,0,0.999711,0.947962,0.710729
0,0,0,0,0,0,0,0,0,0.961316,0.933431,0.759225
0,0,0,1,0.961151,0.263029,0,0,0,0.917303,0.882225,0.701202
0,0,0,0.991341,0.919467,1,0,0,0,0.995245,0.923178,0.684264
0,0,0,1,0.945132,1,0,0,0,0.987711,0.896614,0.671686
0,0,0,1,0.922777,1,0,0,0,1,0.977968,0.736211
0,0,0,1,0.94465,1,0,0,0,1,0.979472,0.715424
0,0,0,1,0.933616,0.976629,0,0,0,1,0.965576,0.729231
0,0,0,1,0.932382,0.933903,0,0,0,0.999999,0.955899,0.742235
0,0,0,0,0,0,0,0,0,1,0.968679,0.724481
0,0,0,0.989172,0.936259,1,0,0,0,1,0.974435,0.732018
0,0,0,1,0.971128,0.200865,0,0,0,0.999905,0.907804,0.681303
0,0,0,0.96793,0.929049,1,0,0,0,1,0.948537,0.697506
0,0,0,0,0,0,0,0,0,0.963916,0.921216,0.71413
0,0,0,1,0.930954,1,0,0,0,0.920932,0.850469,0.68679
0,0,0,1,0.95353,1,0,0,0,1,0.978672,0.752922
0,0,0,1,0.948991,1,0,0,0,0.861188,0.830869,0.615435
0,0,0,1,0.94767,0.365807,0,0,0,0.999995,0.962462,0.738858
0,0,0,1,0.910385,1,0,0,0,1,0.975992,0.760828
0,0,0,1,0.998115,0.370391,0,0,0,1,0.978996,0.745769
0,0,0,1,0.933329,1,0,0,0,0.948058,0.913522,0.710327
0,0,0,1,0.994303,0.201641,0,0,0,1,0.947672,0.707607
0,0,0,1,0.933691,0.92871,0,0,0,0.999999,0.950503,0.70028
0,0,0,1,0.94434,0.365509,0,0,0,0.998218,0.957517,0.759582
0,0,0,1,0.911895,1,0,0,0,0.999388,0.952662,0.740925
2.38419e-07,0,0,0,0,0,0,0,0,0.999766,0.930332,0.686685
0,0,0,1,0.941822,0.536835,0,0,0,1,0.969091,0.731059
0,0,0,0.967691,0.936255,1,0,0,0,0.999563,0.95846,0.717804
0,0,0,1,0.938985,1,0,0,0,1,0.964119,0.726523
0,0,0,1,0.974218,0.489372,0,0,0,0.999989,0.963848,0.74872
0,0,0,1,0.981316,0.345086,0,0,0,1,0.981666,0.764012
0,0,0,0,0,0,0,0,0,0.922622,0.868269,0.708414
0,0,0,0.965056,0.9341,1,0,0,0,1,0.958693,0.720368
0,0,0,1,0.935013,0.5357,0,0,0,0.999999,0.933673,0.704364
0,0,0,1,0.91399,1,0,0,0,1,0.947672,0.697094
0,0,0,1,0.934041,1,0,0,0,0.999898,0.964921,0.740362
0,0,0,1,0.936167,0.65629,0,0,0,0.854399,0.82347,0.613237
0,0,0,0,0,0,0,0,0,0.937211,0.90764,0.732974
0,0,0,1,0.932406,0.933724,0,0,0,0.923592,0.861538,0.651909
0,0,0,1,0.97695,0.204212,0,0,0,0.990216,0.961171,0.806091
0,0,0,1,0.938682,0.428062,0,0,0,0.997306,0.951142,0.718397
0,0,0,1,0.933549,0.979078,0,0,0,1,0.949576,0.713432
0,0,0,1,0.942377,1,0,0,0,0.969843,0.920932,0.708414
0,0,0,1,0.977786,0.487534,0,0,0,1,0.97007,0.745584
0,0,0,0.981897,0.945365,1,0,0,0,1,0.964456,0.725357
0,0,0,1,0.955888,0.230175,0,0,0,0.954984,0.913522,0.693888
0,0,0,0.989954,0.913743,1,0,0,0,0.999992,0.964119,0.714528
0,0,0,1,0.905659,1,0,0,0,1,0.954223,0.704058
0,0,0,1,0.984047,0.253385,0,0,0,0.910227,0.869493,0.724578
0,0,0,1,0.934298,1,0,0,0,1,0.943138,0.708717
0,0,0,1,0.977554,0.530198,0,0,0,0.993855,0.975946,0.815673
0,0,0,1,0.964745,1,0,0,0,1,0.971019,0.72331
0,0,0,0.989949,0.936377,1,0,0,0,1,0.97231,0.727007
0,0,0,0.977787,0.928078,1,0,0,0,0.985384,0.954137,0.757615
0,0,0,0.977526,0.945681,1,0,0,0,1,0.944689,0.689201
0,0,0,0.993486,0.908706,1,0,0,0,0.858719,0.80147,0.605799
0,0,0,0.979217,0.944872,1,0,0,0,0.99992,0.963092,0.731634
0,0,0,1,0.982562,0.226077,0,0,0,0.999623,0.925634,0.682468
0,0,0,1,0.933232,1,0,0,0,0.9949,0.898944,0.672654
0,0,0,1,0.931371,1,0,0,0,0.92523,0.890675,0.713831
0,0,0,1,0.97099,0.200506,0,0,0,0.999996,0.944689,0.697712
0,0,0,1,0.982562,0.226077,0,0,0,1,0.961025,0.744099
0,0,0,1,0.915742,1,0,0,0,0.999995,0.942612,0.703549
0,0,0,1,0.92405,1,0,0,0,1,0.959383,0.707405
0,0,0,1,0.947869,0.365725,0,0,0,1,0.971672,0.744842
0,0,0,0,0,0,0,0,0,0.965964,0.914444,0.691393
0,0,0,1,0.943554,1,0,0,0,1,0.946101,0.690768
0,0,0,1,0.978471,0.207178,0,0,0,0.99839,0.909425,0.667906
0,0,0,1,0.926797,1,0,0,0,0.999998,0.96862,0.746139
0,0,0,1,0.981335,0.347086,0,0,0,0.96378,0.946101,0.780328
0,0,0,1,0.984136,0.254481,0,0,0,0.999999,0.94428,0.709925
0,0,0,1,0.948438,1,0,0,0,0.99998,0.927363,0.676086
0,0,0,1,0.985057,0.21063,0,0,0,0.999969,0.943138,0.712132
0,0,0,1,0.944787,1,0,0,0,0.999993,0.932821,0.685739
0,0,0,1,0.955482,1,0,0,0,0.999751,0.951323,0.72086
0,0,0,1,0.92419,0.787875,0,0,0,0.928668,0.900004,0.700178
0,0,0,1,0.975431,0.201099,0,0,0,0.947088,0.929312,0.74055
0,0,0,1,0.933693,0.928374,0,0,0,0.950041,0.920504,0.75274
0,0,0,1,0.934484,1,0,0,0,0.999963,0.954137,0.710025
0,0,0,1,0.998531,0.231873,0,0,0,0.819026,0.787605,0.577257
0,0,0,1,0.973948,0.453289,0,0,0,1,0.972623,0.721547
0,0,0,0,0,0,0,0,0,0.879147,0.849222,0.641647
0,0,0,0,0,0,0,0,0,0.999654,0.917006,0.675015
0,0,0,1,0.93627,0.396417,0,0,0,1,0.970576,0.734501
0,0,0,0,0,0,0,0,0,0.861887,0.841565,0.641647
0,0,0,1,0.951931,0.265057,0,0,0,1,0.958693,0.7413
0,0,0,1,0.927691,1,0,0,0,0.999773,0.942082,0.70202
0,0,0,1,0.984022,0.253071,0,0,0,0.999939,0.963643,0.722821
0,0,0,0.981773,0.972732,0.586934,0,0,0,0.999923,0.964321,0.720467
0,0,0,1,0.955456,1,0,0,0,0.999981,0.954478,0.706899
0,0,0,0.988177,0.91318,1,0,0,0,0.99997,0.912748,0.676299
0,0,0,0.993758,0.908887,1,0,0,0,1,0.959988,0.702632
0,0,0,1,0.947838,1,0,0,0,0.999766,0.916708,0.68215
0,0,0,0.992215,0.90844,1,0,0,0,0.999974,0.92944,0.675122
0,0,0,1,0.97549,0.201328,0,0,0,1,0.96741,0.720467
0,0,0,1,0.933735,1,0,0,0,1,0.971347,0.744285
0,0,0,0.993798,0.908801,1,0,0,0,0.999962,0.972257,0.731251
0,0,0,0,0,0,0,0,0,0.937555,0.909907,0.716516
0,0,0,1,0.928722,0.614216,0,0,0,0.999995,0.963161,0.739986
0,0,0,1,0.935189,0.536691,0,0,0,0.941868,0.919931,0.746878
0,0,0,0.968019,0.936336,1,0,0,0,1,0.934634,0.69946
0,0,0,1,0.958032,1,0,0,0,1,0.972362,0.742422
0,0,0,1,0.930296,1,0,0,0,1,0.973594,0.727201
0,0,0,1,0.941627,1,0,0,0,0.806853,0.775265,0.564519
0,0,0,1,0.974175,0.490469,0,0,0,0.999998,0.972934,0.735831
0,0,0,1,0.998463,0.23125,0,0,0,0.999957,0.963712,0.742982
0,0,0,0.97733,0.908649,1,0,0,0,0.997981,0.901053,0.669313
0,0,0,0,0,0,0,0,0,0.936749,0.909907,0.719975
0,0,0,1,0.998114,0.370574,0,0,0,0.995462,0.978996,0.820901
0,0,0,1,0.94085,0.576872,0,0,0,0.848847,0.819605,0.615435
0,0,0,1,0.975568,0.201631,0,0,0,0.961098,0.921499,0.737158
0,0,0,1,0.936173,0.498535,0,0,0,0.999997,0.936981,0.680985
0,0,0,1,0.941737,0.536332,0,0,0,0.853425,0.822902,0.613121
0,0,0,1,0.954749,1,0,0,0,0.999996,0.951684,0.742422
0.0330046,0.00526044,0,0,0,0,0,0,0,0.864425,0.829077,0.650911
0,0,0,1,0.954558,1,0,0,0,1,0.944177,0.688468
0,0,0,0.971152,0.975363,0.771407,0,0,0,0.978219,0.954478,0.782496
0,0,0,1,0.937198,1,0,0,0,0.999989,0.966976,0.743727
0,0,0,1,0.922762,0.832276,0,0,0,1,0.949669,0.725454
0,0,0,1,0.931482,0.984716,0,0,0,0.999998,0.968081,0.745213
0,0,0,1,0.905763,1,0,0,0,0.972779,0.951414,0.791015
0,0,0,1,0.949931,1,0,0,0,0.999995,0.964987,0.740737
0,0,0,1,0.964657,1,0,0,0,1,0.97631,0.710327
0,0,0,1,0.981611,0.202002,0,0,0,0.999996,0.95222,0.730866
0,0,0,1,0.938997,1,0,0,0,0.881615,0.85022,0.649023
0,0,0,1,0.934962,0.53541,0,0,0,1,0.973342,0.717507
2.78946e-05,0,0,0,0,0,0,0,0,0.766818,0.724383,0.554893
0,0,0,1,0.943375,1,0,0,0,0.999999,0.961822,0.711531
0,0,0,1,0.946811,0.336986,0,0,0,0.999866,0.953708,0.732592
0,0,0,0,0,0,0,0,0,0.999999,0.934515,0.680242
0,0,0,1,0.96377,1,0,0,0,0.951504,0.881615,0.63409
0,0,0,1,0.947428,0.36504,0,0,0,0.999968,0.939137,0.696268
0,0,0,0.982443,0.924672,1,0,0,0,0.997817,0.962462,0.787931
0,0,0,1,0.928169,1,0,0,0,1,0.963575,0.742608
0,0,0,1,0.976719,0.203168,0,0,0,0.93511,0.907804,0.750187
0,0,0,1,0.934668,0.788936,0,0,0,0.999818,0.966537,0.745398
0,0,0,1,0.945248,1,0,0,0,0.999964,0.957596,0.736969
0,0,0,1,0.933606,0.977192,0,0,0,1,0.96802,0.743354
0,0,0,1,0.948901,1,0,0,0,0.987711,0.956391,0.796925
0,0,0,1,0.936174,1,0,0,0,0.999992,0.933552,0.683631
0,0,0,0,0,0,0,0,0,0.838812,0.806243,0.592549
0,0,0,1,0.971045,0.204487,0,0,0,1,0.941868,0.69946
0,0,0,1,0.968313,0.212611,0,0,0,0.940463,0.908942,0.705684
0,0,0,0.993352,0.950202,0.853704,0,0,0,0.999993,0.934515,0.698946
0.000340523,0,0,1,0.97118,0.201001,0,0,0,1,0.973645,0.7413
0,0,0,1,0.950795,0.309412,0,0,0,1,0.977926,0.761716
0,0,0,1,0.93461,0.787263,0,0,0,0.999989,0.960878,0.715325
0,0,0,1,0.936185,0.498598,0,0,0,0.989347,0.898053,0.6705
0,0,0,0.98167,0.945324,1,0,0,0,0.982823,0.932207,0.713531
0,0,0,0.99251,0.93056,1,0,0,0,0.957596,0.930584,0.778649
0,0,0,1,0.934654,0.788588,0,0,0,0.781997,0.739422,0.535736
0,0,0,1,0.935319,1,0,0,0,1,0.969091,0.721939
0,0,0,0.978942,0.934915,1,0,0,0,0.999724,0.945601,0.707607
0,0,0,1,0.93805,1,0,0,0,0.953362,0.927757,0.768733
0,0,0,1,0.964483,1,0,0,0,1,0.937669,0.681727
0,0,0,1,0.958132,1,0,0,0,1,0.966789,0.724968
0,0,0,0.977233,0.908622,1,0,0,0,0.999771,0.961606,0.721743
0,0,0,1,0.935256,0.744363,0,0,0,0.999843,0.966028,0.737725
0,0,0,1,0.935216,0.743563,0,0,0,0.997166,0.978302,0.823044
0,0,0,0.981134,0.984272,0.641948,0,0,0,1,0.96796,0.74055
0,0,0,1,0.955133,1,0,0,0,0.999606,0.903635,0.677154
0,0,0,1,0.92278,1,0,0,0,1,0.962321,0.743913
0,0,0,1,0.964911,1,0,0,0,0.999998,0.943138,0.715821
0,0,0,1,0.941097,1,0,0,0,0.9633,0.927232,0.713631
0,0,0,0,0,0,0,0,0,0.99981,0.948917,0.740925
0,0,0,1,0.973726,0.196599,0,0,0,0.999872,0.930584,0.717012
0,0,0,1,0.968556,0.213229,0,0,0,0.999997,0.967533,0.743168
0,0,0,1,0.934416,1,0,0,0,0.999667,0.951504,0.741861
0.00177678,0.000253884,0,1,0.932406,0.933446,0,0,0,1,0.961244,0.728459
0,0,0,1,0.953145,1,0,0,0,1,0.960287,0.743541
0,0,0,1,0.924987,1,0,0,0,0.999986,0.955651,0.743168
0,0,0,0.994316,0.912793,1,0,0,0,1,0.949201,0.716318
0,0,0,1,0.927626,0.65615,0,0,0,0.999946,0.93835,0.699768
0,0,0,1,0.937492,1,0,0,0,0.843509,0.813757,0.615088
0,0,0,1,0.917656,1,0,0,0,0.939248,0.916857,0.732974
0,0,0,1,0.948138,0.310691,0,0,0,1,0.980091,0.745398
0,0,0,1,0.959231,1,0,0,0,1,0.946101,0.690768
0,0,0,1,0.940837,0.576768,0,0,0,1,0.966914,0.714827
0,0,0,1,0.924869,1,0,0,0,1,0.973443,0.735262
0,0,0,1,0.949649,1,0,0,0,0.998721,0.904144,0.678327
0,0,0,1,0.979116,0.216345,0,0,0,0.999983,0.959383,0.735452
0,0,0,1,0.9613,0.710158,0,0,0,1,0.966726,0.74055
0,0,0,0,0,0,0,0,0,0.831417,0.796134,0.601886
0,0,0,0,0,0,0,0,0,0.832237,0.80147,0.616532
0,0,0,1,0.928702,0.614054,0,0,0,0.999983,0.949856,0.707809
0,0,0,0.967558,0.928937,1,0,0,0,1,0.963369,0.716417
0,0,0,0,0,0,0,0,0,0.811078,0.784154,0.601242
0,0,0,0.989682,0.913658,1,0,0,0,0.999999,0.964522,0.738103
0,0,0,1,0.950777,1,0,0,0,0.999909,0.913522,0.684159
0,0,0,1,0.926559,0.699613,0,0,0,0.999969,0.930836,0.68763
0,0,0,0,0,0,0,0,0,0.936518,0.888952,0.692018
0,0,0,1,0.937905,0.463771,0,0,0,1,0.9666,0.749821
0,0,0,1,0.94446,0.429597,0,0,0,0.99999,0.935346,0.693058
0,0,0,1,0.958706,0.21679,0,0,0,0.948346,0.92079,0.748536
0,0,0,1,0.95131,1,0,0,0,1,0.971672,0.737536
0,0,0,1,0.961415,0.708671,0,0,0,0.9549,0.925365,0.771672
0,0,0,1,0.963417,0.242515,0,0,0,0.99985,0.955569,0.709523
0,0,0,1,0.939595,0.616601,0,0,0,1,0.975623,0.740737
0.0518066,0.0204155,0,0,0,0,0,0,0,0.90878,0.879043,0.678753
0,0,0,1,0.983251,0.279579,0,0,0,0.961606,0.941868,0.772359
0,0,0,1,0.957273,1,0,0,0,1,0.9659,0.725162
0,0,0,1,0.95081,0.309452,0,0,0,0.947769,0.9255,0.749454
0,0,0,1,0.951283,1,0,0,0,1,0.952662,0.701917
0,0,0,0.976801,0.923082,1,0,0,0,0.999999,0.949012,0.701406
0,0,0,0.967848,0.929025,1,0,0,0,0.999309,0.965641,0.73431
0,0,0,0.996303,0.922289,1,0,0,0,1,0.971939,0.7324
0,0,0,1,0.931146,1,0,0,0,0.999999,0.953275,0.729231
0,0,0,1,0.935263,0.744482,0,0,0,1,0.950503,0.714429
0,0,0,1,0.949619,1,0,0,0,0.914291,0.891811,0.713931
0,0,0,0,0,0,0,0,0,0.943452,0.920218,0.759047
0,0,0,1,0.957603,1,0,0,0,1,0.950869,0.737158
0,0,0,0.992674,0.950127,0.854535,0,0,0,1,0.942507,0.686055
0,0,0,0,0,0,0,0,0,0.98156,0.942823,0.716615
0,0,0,1,0.964716,1,0,0,0,0.999227,0.964119,0.741861
0,0,0,0,0,0,0,0,0,0.999991,0.940024,0.699973
0,0,0,0,0,0,0,0,0,0.969785,0.951863,0.757436
0,0,0,1,0.93556,1,0,0,0,0.991938,0.970632,0.776962
0,0,0,1,0.938623,0.660453,0,0,0,1,0.975623,0.722233
0,0,0,0.962496,0.948952,1,0,0,0,1,0.978955,0.731634
0,0,0,1,0.9806,0.20655,0,0,0,0.999933,0.927232,0.682362
0,0,0,0.969736,0.975232,0.772961,0,0,0,0.996476,0.900179,0.668447
0,0,0,0,0,0,0,0,0,0.9455,0.917893,0.737914
0,0,0,1,0.94805,0.31044,0,0,0,1,0.961606,0.742422
0,0,0,1,0.98233,0.245107,0,0,0,0.93511,0.906653,0.725649
0,0,0,1,0.928782,0.614697,0,0,0,0.999837,0.958538,0.732209
0,0,0,1,0.97124,0.20504,0,0,0,1,0.983597,0.749637
0,0,0,1,0.981338,0.347296,0,0,0,0.948346,0.926037,0.750187
0,0,0,0.992148,0.916877,1,0,0,0,0.999995,0.964254,0.739046
0,0,0,0.99982,0.936907,1,0,0,0,0.99341,0.962321,0.759939
0,0,0,1,0.950232,0.285977,0,0,0,0.897156,0.846324,0.644561
0,0,0,1,0.9573,1,0,0,0,0.999994,0.938463,0.694821
0,0,0,1,0.959855,0.209159,0,0,0,1,0.942507,0.685634
0,0,0,1,0.933467,1,0,0,0,1,0.972934,0.735452
0,0,0,1,0.944918,1,0,0,0,0.989182,0.977714,0.857291
0.000210978,2.43184e-05,0,0,0,0,0,0,0,0.999995,0.925769,0.672224
0,0,0,1,0.969186,0.588814,0,0,0,0.933794,0.90764,0.739799
0,0,0,1,0.934011,1,0,0,0,0.888178,0.860486,0.661814
0,0,0,1,0.943439,1,0,0,0,1,0.943867,0.689201
0,0,0,1,0.945313,0.927329,0,0,0,0.999949,0.960878,0.726911
0,0,0,1,0.923933,1,0,0,0,1,0.965512,0.716417
0,0,0,0,0,0,0,0,0,0.927232,0.902438,0.70791
0,0,0,1,0.948985,1,0,0,0,1,0.961098,0.716913
0,0,0,0.982477,0.924683,1,0,0,0,0.999361,0.952574,0.737536
0,0,0,1,0.931926,1,0,0,0,0.999999,0.945197,0.71103
0,0,0,1,0.94956,1,0,0,0,0.990441,0.971019,0.808672
0,0,0,1,0.973545,0.196056,0,0,0,0.999986,0.962108,0.729905
0,0,0,1,0.969155,0.589317,0,0,0,0.999932,0.942295,0.723016
0,0,0,1,0.976988,0.204385,0,0,0,0.999977,0.951414,0.743354
0,0,0,1,0.937865,0.463599,0,0,0,0.997917,0.991322,0.88263
0,0,0,1,0.941112,1,0,0,0,0.999998,0.965576,0.7413
0,0,0,1,0.940809,1,0,0,0,1,0.949389,0.71123
0,0,0,0.99994,0.961245,0.710878,0,0,0,0.999965,0.956957,0.738858
0,0,0,0.963201,0.962489,0.931522,0,0,0,0.846324,0.816845,0.613352
0,0,0,1,0.927087,1,0,0,0,0.999533,0.994423,0.894052
0,0,0,0.98111,0.945221,1,0,0,0,0.938011,0.896433,0.712732
0,0,0,0.994271,0.950304,0.852583,0,0,0,1,0.960361,0.715126
0,0,0,0,0,0,0,0,0,0.870267,0.818156,0.631367
0,0,0,0.981936,0.924504,1,0,0,0,0.999999,0.967778,0.730482
0,0,0,1,0.919762,1,0,0,0,0.999999,0.955068,0.729038
0,0,0,1,0.932906,1,0,0,0,1,0.962179,0.716516
0,0,0,1,0.974622,0.190988,0,0,0,0.988447,0.911338,0.704567
0,0,0,1,0.950802,0.309431,0,0,0,1,0.939471,0.684791
0,0,0,0.990407,0.936446,1,0,0,0,0.999999,0.947962,0.71123
0,0,0,1,0.985143,0.211188,0,0,0,0.99985,0.942823,0.712432
0,0,0,1,0.94618,0.397191,0,0,0,0.999986,0.971402,0.726717
0,0,0,0.991283,0.930167,1,0,0,0,0.998245,0.959913,0.750918
0.00164671,0.000177725,0,0,0,0,0,0,0,0.799599,0.768212,0.602822
0,0,0,1,0.966476,0.225159,0,0,0,0.999997,0.939359,0.695235
0,0,0,1,0.977053,0.204678,0,0,0,0.999924,0.951953,0.707809
0,0,0,0.991876,0.916789,1,0,0,0,0.999998,0.963437,0.712032
0,0,0,1,0.935316,1,0,0,0,1,0.974677,0.716615
0,0,0,1,0.938564,0.659832,0,0,0,1,0.971618,0.732209
0,0,0,1,0.933503,0.980221,0,0,0,0.999995,0.953449,0.704465
0,0,0,1,0.919755,1,0,0,0,0.89607,0.861305,0.648132
0,0,0,0,0,0,0,0,0,0.92079,0.876317,0.707607
0,0,0,1,0.974151,0.491079,0,0,0,0.999937,0.961822,0.739046
0,0,0,1,0.939357,1,0,0,0,0.999987,0.956553,0.710327
0,0,0,1,0.998463,0.231249,0,0,0,1,0.979745,0.73659
0,0,0,1,0.937109,1,0,0,0,0.963506,0.937783,0.773901
0,0,0,0,0,0,0,0,0,0.99986,0.952574,0.740925
0,0,0,1,0.941539,1,0,0,0,0.960584,0.929312,0.737158
0,0,0,1,0.975434,0.201113,0,0,0,0.965576,0.903465,0.680666
0,0,0,1,0.981544,0.295491,0,0,0,1,0.950134,0.694717
0,0,0,0.980902,0.957966,1,0,0,0,1,0.97622,0.757794
0,0,0,1,0.968474,0.213022,0,0,0,0.999985,0.955068,0.728265
0,0,0,0,0,0,0,0,0,0.999834,0.9357,0.720958
0,0,0,0,0,0,0,0,0,1,0.938463,0.683525
0,0,0,1,0.933809,0.879044,0,0,0,0.966663,0.947381,0.784319
0,0,0,0,0,0,0,0,0,0.989389,0.953013,0.747063
0,0,0,0,0,0,0,0,0,0.993385,0.937555,0.709824
0.051081,0.00552935,0,0,0,0,0,0,0,0.83762,0.80147,0.608245
0,0,0,0.979877,0.957819,1,0,0,0,0.99976,0.945601,0.722037
0,0,0,1,0.990252,0.531426,0,0,0,0.850593,0.809728,0.588653
0,0,0,1,0.951768,0.264638,0,0,0,1,0.962603,0.742235
0,0,0,1,0.93884,0.428681,0,0,0,0.999994,0.930836,0.679923
0,0,0,1,0.982344,0.212856,0,0,0,0.917006,0.875787,0.632843
0,0,0,1,0.946511,0.337269,0,0,0,0.882022,0.855851,0.66061
0,0,0,0,0,0,0,0,0,0.960287,0.934753,0.792304
0,0,0,1,0.931013,1,0,0,0,1,0.971779,0.727298
0,0,0,0,0,0,0,0,0,0.999889,0.915809,0.675229
0.000322528,3.81469e-06,0,1,0.936226,0.396265,0,0,0,0.9463,0.920932,0.740737
0,0,0,1,0.930618,1,0,0,0,0.999992,0.957038,0.7413
0,0,0,1,0.962863,0.202668,0,0,0,1,0.961389,0.733547
0,0,0,1,0.982194,0.211919,0,0,0,1,0.946892,0.695131
0,0,0,0,0,0,0,0,0,0.90813,0.885037,0.704058
0,0,0,1,0.969065,0.590807,0,0,0,0.999998,0.935346,0.683947
0,0,0,1,0.973451,0.190697,0,0,0,1,0.97419,0.732783
0,0,0,1,0.933667,0.929597,0,0,0,0.999994,0.957198,0.746693
0,0,0,1,0.990282,0.530811,0,0,0,1,0.960212,0.726232
0,0,0,0.978691,0.934859,1,0,0,0,0.984456,0.964522,0.780662
0,0,0,1,0.941806,0.536743,0,0,0,1,0.975484,0.723016
0,0,0,1,0.946314,0.336685,0,0,0,1,0.964254,0.728169
0,0,0,1,0.964858,1,0,0,0,1,0.957437,0.735262
0,0,0,1,0.935748,0.700041,0,0,0,0.883236,0.854156,0.642432
0,0,0,1,0.958348,0.769948,0,0,0,1,0.962953,0.715523
0.941262,0.441794,0,1,0.981496,0.201396,0,0,0,0.854278,0.796609,0.650356
0,0,0,0,0,0,0,0,0,0.981275,0.959535,0.77373
0,0,0,1,0.948422,1,0,0,0,1,0.955899,0.716814
0,0,0,0.983995,0.971554,0.839474,0,0,0,0.921074,0.899652,0.715424
0,0,0,0,0,0,0,0,0,0.99968,0.944485,0.734881
0,0,0,1,0.981556,0.295747,0,0,0,0.999994,0.966789,0.717606
0,0,0,1,0.97707,0.204754,0,0,0,0.999897,0.952574,0.709724
0,0,0,1,0.938492,0.659077,0,0,0,0.994402,0.901575,0.672332
0,0,0,1,0.980673,0.206945,0,0,0,0.999371,0.99418,0.894605
0,0,0,1,0.957233,1,0,0,0,0.999996,0.928926,0.676086
0,0,0,1,0.945723,0.396209,0,0,0,0.99999,0.960361,0.737914
0,0,0,1,0.961274,0.263331,0,0,0,0.999997,0.972415,0.757436
0,0,0,0,0,0,0,0,0,1,0.9775,0.748536
0,0,0,1,0.961423,0.708567,0,0,0,1,0.961822,0.728845
0,0,0,1,0.975465,0.192679,0,0,0,0.846451,0.81257,0.617224
0,0,0,1,0.949624,1,0,0,0,0.935817,0.904482,0.718199
0,0,0,1,0.959787,0.208956,0,0,0,0.999998,0.933673,0.680985
0,0,0,0,0,0,0,0,0,0.929568,0.889529,0.694613
0,0,0,1,0.948965,0.336082,0,0,0,0.99978,0.91181,0.674372
0,0,0,1,0.937485,1,0,0,0,0.999991,0.961822,0.739234
0,0,0,1,0.944788,1,0,0,0,0.999955,0.962743,0.73412
0,0,0,0,0,0,0,0,0,0.925095,0.857052,0.673514
0,0,0,1,0.944481,0.365957,0,0,0,0.941975,0.91626,0.738669
0,0,0,0,0,0,0,0,0,0.999985,0.932821,0.688887
0,0,0,0.978494,0.92826,1,0,0,0,0.999962,0.957912,0.728748
0,0,0,1,0.982606,0.226421,0,0,0,1,0.96525,0.722527
0,0,0,1,0.941591,1,0,0,0,0.999925,0.918187,0.69181
0,0,0,1,0.939354,1,0,0,0,0.999979,0.923178,0.673514
0,0,0,1,0.931518,0.984499,0,0,0,0.999999,0.961678,0.732209
0,0,0,1,0.997852,0.31315,0,0,0,1,0.943971,0.68941
0,0,0,0.98126,0.972704,0.587354,0,0,0,1,0.976891,0.726814
0,0,0,1,0.936176,0.656387,0,0,0,1,0.955817,0.73848
0,0,0,0.995497,0.909384,1,0,0,0,0.999733,0.94699,0.709724
0.000696774,0.000134578,0,0,0,0,0,0,0,0.846197,0.807612,0.592431
0,0,0,0.999873,0.936923,1,0,0,0,0.914291,0.892563,0.707
0,0,0,1,0.945351,0.926915,0,0,0,0.999997,0.936981,0.68637
0,0,0,0.981534,0.958056,1,0,0,0,0.999996,0.940572,0.705278
0,0,0,1,0.951817,0.264762,0,0,0,0.99999,0.963712,0.716119
0,0,0,0,0,0,0,0,0,0.856573,0.829216,0.639961
0,0,0,0.979791,0.98419,0.643157,0,0,0,1,0.970909,0.731442
0,0,0,1,0.933253,0.574423,0,0,0,0.999974,0.944791,0.739986
0,0,0,1,0.937949,1,0,0,0,1,0.944791,0.705684
0,0,0,1,0.956459,0.2271,0,0,0,0.999991,0.961678,0.736211
0,0,0,1,0.951311,1,0,0,0,1,0.969266,0.728845
0,0,0,1,0.945424,0.92613,0,0,0,0.999974,0.952309,0.702938
0,0,0,0.991893,0.982528,0.695725,0,0,0,0.999997,0.937211,0.682891
0,0,0,1,0.982211,0.212028,0,0,0,0.999994,0.963161,0.739799
0,0,0,1,0.933615,1,0,0,0,0.999862,0.950503,0.701713
0,0,0,0,0,0,0,0,0,1,0.968081,0.724773
0,0,0,1,0.93621,0.747861,0,0,0,0.956309,0.930078,0.772874
0,0,0,1,0.973392,0.195594,0,0,0,0.878001,0.844409,0.666388
0,0,0,1,0.933058,1,0,0,0,1,0.955236,0.725357
0,0,0,1,0.958366,0.769723,0,0,0,0.993461,0.897695,0.666062
0,0,0,0.955296,0.985916,0.695236,0,0,0,1,0.944074,0.69035
1.19209e-07,0,0,1,0.909569,1,0,0,0,0.878105,0.829906,0.638159
0,0,0,1,0.990269,0.531087,0,0,0,0.992654,0.978135,0.830594
0,0,0,0.968858,0.93114,1,0,0,0,0.999998,0.935465,0.68056
0,0,0,1,0.933387,1,0,0,0,1,0.962743,0.747984
0,0,0,1,0.935581,1,0,0,0,0.999999,0.973443,0.740362
0,0,0,1,0.919757,1,0,0,0,0.999998,0.9633,0.722429
0,0,0,1,0.939358,1,0,0,0,0.999977,0.931338,0.684264
0,0,0,1,0.937484,1,0,0,0,0.839339,0.808067,0.594316
0,0,0,0.994569,0.921731,1,0,0,0,0.999988,0.955319,0.70619
0,0,0,0,0,0,0,0,0,0.998595,0.92373,0.684791
0,0,0,1,0.933338,0.575002,0,0,0,0.989511,0.972467,0.815967
0,0,0,1,0.941376,1,0,0,0,0.999999,0.971347,0.739422
0,0,0,1,0.924031,1,0,0,0,1,0.977799,0.743727
0,0,0,1,0.982379,0.245627,0,0,0,0.999998,0.944995,0.699357
0,0,0,1,0.951841,1,0,0,0,0.958538,0.920932,0.719581
0,0,0,1,0.934607,0.787183,0,0,0,1,0.977414,0.728555
0,0,0,1,0.955513,1,0,0,0,0.993855,0.957198,0.754192
0,0,0,0,0,0,0,0,0,0.999969,0.920504,0.674908
0,0,0,0.993601,0.908741,1,0,0,0,0.999768,0.910863,0.672547
0,0,0,1,0.935762,1,0,0,0,1,0.982557,0.729327
0,0,0,1,0.974661,0.191096,0,0,0,1,0.981167,0.761716
0,0,0,1,0.953478,1,0,0,0,0.999954,0.948728,0.701713
0,0,0,1,0.924972,1,0,0,0,0.99999,0.945901,0.719186
0,0,0,1,0.984666,0.294302,0,0,0,1,0.953101,0.701509
0,0,0,1,0.926539,0.699381,0,0,0,1,0.976935,0.719088
0,0,0,0.963274,0.962499,0.931421,0,0,0,0.87213,0.838018,0.636466
0,0,0,1,0.946191,0.39723,0,0,0,1,0.9666,0.727492
0,0,0,1,0.975384,0.192409,0,0,0,1,0.950778,0.718199
0,0,0,1,0.933439,1,0,0,0,1,0.959687,0.702224
0,0,0,1,0.976902,0.194958,0,0,0,0.999898,0.94699,0.744842
0,0,0,1,0.937392,1,0,0,0,0.999326,0.930711,0.693369
0,0,0,1,0.933616,1,0,0,0,1,0.962883,0.735262
0,0,0,0.989254,0.936271,1,0,0,0,1,0.955152,0.705176
0,0,0,1,0.998509,0.231671,0,0,0,1,0.974677,0.745398
0.00143806,2.69409e-05,0,0,0,0,0,0,0,0.645008,0.603523,0.442817
0,0,0,1,0.934276,1,0,0,0,0.999998,0.92657,0.693161
0,0,0,1,0.937768,1,0,0,0,1,0.973993,0.734501
0,0,0,0,0,0,0,0,0,0.999827,0.942188,0.734501
0,0,0,1,0.946787,0.336916,0,0,0,0.999989,0.921358,0.672869
0,0,0,0,0,0,0,0,0,1,0.961534,0.737347
0,0,0,1,0.957909,0.220297,0,0,0,0.999998,0.957038,0.742235
0,0,0,1,0.953171,1,0,0,0,0.999999,0.953188,0.743913
0,0,0,1,0.911076,1,0,0,0,0.987853,0.962179,0.812719
0,0,0,1,0.949317,1,0,0,0,0.999974,0.955651,0.735831
0,0,0,1,0.933818,0.879988,0,0,0,1,0.952574,0.705785
0,0,0,1,0.950202,1,0,0,0,0.999999,0.937669,0.682468
0,0,0,1,0.942678,0.498293,0,0,0,1,0.960657,0.737347
0,0,0,1,0.950795,0.309409,0,0,0,0.999996,0.96175,0.719285
0,0,0,0,0,0,0,0,0,0.999886,0.930584,0.704973
0,0,0,0,0,0,0,0,0,0.832509,0.805173,0.622689
0.00447724,0.000409043,0,0,0,0,0,0,0,0.999998,0.929824,0.677901
0,0,0,0,0,0,0,0,0,1,0.965446,0.740925
0,0,0,1,0.934444,1,0,0,0,1,0.95877,0.710226
0,0,0,1,0.955636,1,0,0,0,1,0.971833,0.729038
0,0,0,1,0.950733,1,0,0,0,0.999551,0.9633,0.727298
0,0,0,1,0.939549,1,0,0,0,0.999988,0.960805,0.726134
0,0,0,1,0.954522,1,0,0,0,0.924552,0.896251,0.691914
0,0,0,0,0,0,0,0,0,0.615839,0.583025,0.462321
0,0,0,1,0.946404,0.336952,0,0,0,0.910386,0.885037,0.704973
0,0,0,1,0.961518,0.707346,0,0,0,0.999992,0.944382,0.692954
0,0,0,0.989668,0.918284,1,0,0,0,1,0.980506,0.764364
0,0,0,1,0.955723,0.229745,0,0,0,1,0.971184,0.755457
0,0,0,1,0.935219,0.743613,0,0,0,0.999999,0.938913,0.696268
0,0,0,1,0.933667,0.929846,0,0,0,0.961025,0.937555,0.767864
0,0,0,0.994038,0.950278,0.852867,0,0,0,0.958847,0.917006,0.692538
0,0,0,1,0.923916,1,0,0,0,0.999889,0.911022,0.687945
0,0,0,0,0,0,0,0,0,0.877267,0.822759,0.620909
0,0,0,1,0.933668,0.92917,0,0,0,0.872239,0.837088,0.628635
0,0,0,0,0,0,0,0,0,0.837487,0.796925,0.621024
0,0,0,1,0.944073,1,0,0,0,0.928279,0.884439,0.721645
0,0,0,1,0.950561,1,0,0,0,1,0.947769,0.694095
0,0,0,1,0.938011,0.463873,0,0,0,0.999999,0.965771,0.726523
0,0,0,1,0.953514,1,0,0,0,0.868046,0.829906,0.619874
0,0,0,1,0.93578,1,0,0,0,1,0.978385,0.764716
0,0,0,1,0.968426,0.212901,0,0,0,0.999895,0.951233,0.730097
0,0,0,1,0.958528,0.216308,0,0,0,0.855127,0.825027,0.647352
0,0,0,1,0.981564,0.201757,0,0,0,0.951323,0.919063,0.733929
0,0,0,1,0.950047,1,0,0,0,0.999901,0.92164,0.691706
0,0,0,0.995409,0.913075,1,0,0,0,0.914444,0.892563,0.724578
0,0,0,0.979302,0.934996,1,0,0,0,0.999961,0.928797,0.682045
0,0,0,1,0.942697,0.498384,0,0,0,1,0.957596,0.73431
0,0,0,1,0.924856,1,0,0,0,0.951504,0.928926,0.766643
0,0,0,0,0,0,0,0,0,0.999918,0.91626,0.676513
0,0,0,1,0.943596,1,0,0,0,1,0.945701,0.694613
0,0,0,1,0.964347,1,0,0,0,1,0.976535,0.723602
0,0,0,1,0.933622,0.976309,0,0,0,0.994203,0.977671,0.810479
0,0,0,0,0,0,0,0,0,0.863622,0.825308,0.612194
0,0,0,0.979138,0.944857,1,0,0,0,1,0.946399,0.698021
0,0,0,1,0.946137,1,0,0,0,0.998147,0.972571,0.782164
0,0,0,1,0.935398,1,0,0,0,0.865679,0.819171,0.630002
0,0,0,0,0,0,0,0,0,0.764892,0.718496,0.525582
0,0,0,1,0.927728,0.657135,0,0,0,1,0.985158,0.749454
0,0,0,1,0.941916,0.537388,0,0,0,0.996517,0.901575,0.675551
0,0,0,1,0.94526,1,0,0,0,0.997695,0.97826,0.808067
0,0,0,1,0.919627,1,0,0,0,0.999999,0.943971,0.701509
0,0,0,1,0.976931,0.411076,0,0,0,0.999963,0.951684,0.701917
0,0,0,1,0.998417,0.210901,0,0,0,0.999979,0.944382,0.736211
0,0,0,0,0,0,0,0,0,0.910386,0.885434,0.702224
0,0,0,1,0.958756,0.216924,0,0,0,0.851706,0.828939,0.691706
0,0,0,1,0.979137,0.216474,0,0,0,1,0.971618,0.73678
0,0,0,1,0.923926,1,0,0,0,0.999998,0.950778,0.743168
0,0,0,1,0.990241,0.531639,0,0,0,0.999982,0.966663,0.726329
0,0,0,0,0,0,0,0,0,0.741674,0.708313,0.523755
0,0,0,1,0.943693,1,0,0,0,0.997379,0.903975,0.675336
0,0,0,0.966704,0.93586,1,0,0,0,1,0.965053,0.746509
0,0,0,1,0.964627,1,0,0,0,0.999998,0.963643,0.714628
0,0,0,1,0.948955,1,0,0,0,0.930332,0.884838,0.712332
0,0,0,0.969424,0.931295,1,0,0,0,1,0.971992,0.720958
0,0,0,0,0,0,0,0,0,0.813461,0.769427,0.586996
0,0,0,0.980821,0.984253,0.642229,0,0,0,0.999986,0.947088,0.680135
0,0,0,1,0.935592,1,0,0,0,0.999996,0.964321,0.740925
0,0,0,1,0.934031,1,0,0,0,0.999998,0.933794,0.679923
0,0,0,1,0.975352,0.192302,0,0,0,1,0.967533,0.742795
0,0,0,1,0.954333,0.244604,0,0,0,0.999996,0.937897,0.70304
0,0,0,1,0.93193,1,0,0,0,0.999998,0.93196,0.680029
0,0,0,1,0.935702,0.699386,0,0,0,1,0.976265,0.727589
0,0,0,1,0.935738,1,0,0,0,1,0.975901,0.728652
0,0,0,1,0.938479,0.658943,0,0,0,0.999998,0.967533,0.720565
0,0,0,1,0.9347,0.789907,0,0,0,0.976265,0.956553,0.798344
0,0,0,1,0.961386,0.70904,0,0,0,0.99998,0.963984,0.740362
0,0,0,1,0.946105,1,0,0,0,0.999969,0.927495,0.695028
0,0,0,1,0.949304,0.336083,0,0,0,0.997594,0.968201,0.790207
0,0,0,1,0.93787,1,0,0,0,0.940134,0.896614,0.739046
0,0,0,1,0.955263,1,0,0,0,0.930836,0.905657,0.715623
0,0,0,1,0.926661,1,0,0,0,0.999988,0.926437,0.67822
0,0,0,1,0.922772,1,0,0,0,0.841435,0.810629,0.600598
0,0,0,1,0.93385,1,0,0,0,0.941223,0.910545,0.755457
0,0,0,1,0.937429,1,0,0,0,0.999056,0.919208,0.695752
0,0,0,1,0.934043,1,0,0,0,1,0.944689,0.690246
0.00490569,0.000233861,0,1,0.967578,0.21604,0,0,0,0.826011,0.794066,0.62498
0,0,0,1,0.993591,0.441637,0,0,0,0.979861,0.897336,0.683736
0,0,0,1,0.915948,1,0,0,0,0.999161,0.965316,0.747616
0,0,0,1,0.982368,0.245515,0,0,0,0.999914,0.947769,0.735262
0,0,0,1,0.936381,1,0,0,0,0.997584,0.976891,0.803328
0,0,0,1,0.936205,0.656719,0,0,0,1,0.981382,0.763131
0,0,0,1,0.951535,1,0,0,0,1,0.975901,0.724968
0,0,0,0,0,0,0,0,0,0.952309,0.910863,0.697712
0,0,0,1,0.92294,1,0,0,0,1,0.948155,0.699562
0,0,0,1,0.936684,0.498306,0,0,0,0.999983,0.959762,0.732783
0,0,0,0.994114,0.912741,1,0,0,0,0.999926,0.956391,0.727395
0,0,0,1,0.92979,1,0,0,0,0.970743,0.945096,0.794863
0,0,0,1,0.935198,1,0,0,0,0.999999,0.974821,0.742422
0,0,0,1,0.97419,0.490099,0,0,0,0.999993,0.962673,0.74055
0,0,0,1,0.944966,1,0,0,0,1,0.974043,0.719581
0,0,0,1,0.948589,1,0,0,0,1,0.969149,0.705684
0.138711,0.0641862,0.00208006,1,0.951451,1,0,0,0,0.920647,0.849722,0.647018
0,0,0,1,0.938815,1,0,0,0,0.999977,0.932699,0.688364
0,0,0,1,0.975445,0.192611,0,0,0,1,0.96944,0.729809
0,0,0,0.994606,0.909047,1,0,0,0,0.83868,0.804866,0.58059
0,0,0,1,0.938313,1,0,0,0,0.999995,0.962743,0.734501
0,0,0,0.990145,0.918437,1,0,0,0,0.999991,0.925769,0.675551
0,0,0,1,0.966396,0.224971,0,0,0,0.71721,0.684053,0.52208
0,0,0,1,0.934743,0.791117,0,0,0,1,0.969843,0.73659
0,0,0,0.966675,0.94483,1,0,0,0,0.999896,0.925365,0.678647
0,0,0,0,0,0,0,0,0,1,0.966851,0.741674
0,0,0,1,0.911269,1,0,0,0,0.999927,0.919931,0.675658
0,0,0,1,0.911867,1,0,0,0,0.999964,0.958382,0.718594
0,0,0,1,0.984636,0.231492,0,0,0,0.999999,0.936168,0.681197
0,0,0,1,0.955591,1,0,0,0,1,0.950686,0.714728
0,0,0,1,0.968578,0.213284,0,0,0,0.933552,0.912124,0.740925
0,0,0,0.995659,0.913139,1,0,0,0,0.999904,0.964789,0.72526
0,0,0,1,0.957575,1,0,0,0,1,0.946001,0.68742
0,0,0,1,0.939482,1,0,0,0,0.927232,0.90599,0.729038
0,0,0,1,0.931081,1,0,0,0,1,0.972415,0.737914
0,0,0,0.991435,0.914207,1,0,0,0,0.999986,0.94428,0.706292
0,0,0,1,0.951333,1,0,0,0,1,0.959459,0.708213
0,0,0,1,0.948722,1,0,0,0,0.924688,0.901748,0.715722
0,0,0,1,0.978467,0.207159,0,0,0,0.999709,0.940134,0.682468
0,0,0,1,0.934937,0.535266,0,0,0,0.999972,0.92657,0.682468
0,0,0,1,0.943624,1,0,0,0,0.999996,0.964522,0.722037
0,0,0,1,0.964773,1,0,0,0,0.999846,0.915658,0.677047
0,0,0,0,0,0,0,0,0,0.946399,0.920361,0.737914
0,0,0,1,0.964659,1,0,0,0,0.999994,0.927888,0.673514
0,0,0,0,0,0,0,0,0,0.999898,0.919643,0.667473
0,0,0,0.987565,0.997072,0.441288,0,0,0,1,0.979036,0.744471
0,0,0,1,0.993579,0.442094,0,0,0,1,0.969324,0.733738
0,0,0,1,0.951676,1,0,0,0,0.993512,0.910067,0.680772
0,0,0,0.979705,0.957794,1,0,0,0,0.999997,0.964522,0.739986
0,0,0,1,0.952547,0.263265,0,0,0,0.999884,0.970127,0.747247
0,0,0,0.993259,0.919903,1,0,0,0,0.9978,0.902781,0.673084
0,0,0,1,0.964794,1,0,0,0,1,0.9455,0.703346
0,0,0,0,0,0,0,0,0,0.901401,0.867598,0.649801
0,0,0,1,0.98281,0.369404,0,0,0,0.999997,0.962673,0.739986
0,0,0,1,0.933311,0.574817,0,0,0,0.999999,0.934035,0.678859
0,0,0,1,0.949065,0.310045,0,0,0,0.999315,0.96225,0.735831
0,0,0,1,0.925406,0.743422,0,0,0,0.997695,0.95877,0.74872
0,0,0,0.991791,0.93033,1,0,0,0,1,0.975155,0.746693
0,0,0,1,0.97393,0.45383,0,0,0,1,0.951953,0.695028
0,0,0,0,0,0,0,0,0,0.902093,0.856932,0.693888
0,0,0,1,0.934421,1,0,0,0,1,0.976401,0.753104
0,0,0,1,0.940754,0.576193,0,0,0,0.999202,0.925095,0.704058
0,0,0,1,0.975432,0.201107,0,0,0,0.873215,0.828245,0.607489
0,0,0,1,0.943393,1,0,0,0,0.999999,0.943764,0.70912
0,0,0,0,0,0,0,0,0,0.938011,0.91626,0.757794
0,0,0,0.996443,0.922333,1,0,0,0,0.99981,0.959078,0.715722
0,0,0,0.987372,0.9712,0.638691,0,0,0,0.81772,0.789558,0.604983
0,0,0,1,0.945531,0.924979,0,0,0,1,0.948251,0.70202
0,0,0,1,0.943693,1,0,0,0,0.999999,0.96741,0.741112
0,0,0,1,0.947239,0.365211,0,0,0,0.999999,0.944689,0.692538
0,0,0,1,0.976942,0.204176,0,0,0,1,0.97419,0.762247
0,0,0,1,0.953474,1,0,0,0,0.998545,0.976356,0.82176
4.29153e-06,0,0,0,0,0,0,0,0,0.999999,0.937096,0.681091
0,0,0,1,0.957208,1,0,0,0,0.905155,0.86681,0.670393
0,0,0,1,0.933668,0.929599,0,0,0,0.973443,0.951051,0.778649
0,0,0,1,0.944682,0.430452,0,0,0,0.999826,0.961965,0.735452
0,0,0,1,0.973937,0.45362,0,0,0,0.999996,0.935817,0.68595
0,0,0,1,0.968551,0.213217,0,0,0,1,0.959988,0.730482
0,0,0,1,0.933454,0.981652,0,0,0,0.973139,0.948917,0.774071
0,0,0,1,0.964673,1,0,0,0,1,0.958847,0.700178
0,0,0,1,0.975456,0.201198,0,0,0,0.890103,0.864768,0.671363
0,0,0,1,0.963529,0.242786,0,0,0,0.999988,0.953188,0.729616
0,0,0,0.98282,0.924796,1,0,0,0,0.999997,0.940572,0.689306
0,0,0,1,0.964487,1,0,0,0,1,0.948632,0.697403
0,0,0,1,0.955661,1,0,0,0,1,0.960361,0.701304
0,0,0,1,0.935198,0.743148,0,0,0,0.981239,0.96175,0.806853
0,0,0,1,0.950406,0.286439,0,0,0,0.999995,0.941115,0.702836
0,0,0,1,0.945242,1,0,0,0,1,0.962321,0.739799
0,0,0,1,0.905535,1,0,0,0,0.999773,0.93744,0.705886
0,0,0,1,0.969281,0.587248,0,0,0,1,0.964389,0.743727
0,0,0,1,0.909484,1,0,0,0,0.9463,0.925634,0.749271
0,0,0,0,0,0,0,0,0,0.977968,0.953966,0.766294
0,0,0,0,0,0,0,0,0,0.995914,0.961606,0.770637
0,0,0,1,0.929789,1,0,0,0,0.988755,0.922203,0.703855
0,0,0,1,0.944301,0.365383,0,0,0,1,0.975249,0.721056
0,0,0,1,0.969281,0.587249,0,0,0,1,0.971019,0.734691
0,0,0,1,0.933259,1,0,0,0,0.999683,0.953013,0.721154
0,0,0,0,0,0,0,0,0,0.841956,0.794544,0.64131
0,0,0,1,0.954191,0.244251,0,0,0,0.999977,0.922203,0.679072
0,0,0,1,0.93843,0.658412,0,0,0,0.999533,0.927232,0.686685
0,0,0,1,0.941748,0.536396,0,0,0,1,0.952397,0.731442
0,0,0,1,0.95866,0.216664,0,0,0,0.9999,0.963506,0.736021
0,0,0,1,0.934409,1,0,0,0,1,0.962883,0.736969
0,0,0,1,0.980687,0.207017,0,0,0,0.999985,0.9455,0.728459
0,0,0,1,0.936798,0.498856,0,0,0,0.993661,0.974965,0.814643
0,0,0,1,0.937207,1,0,0,0,1,0.963161,0.739234
0,0,0,1,0.980089,0.224121,0,0,0,0.999994,0.964456,0.73848
0,0,0,1,0.947933,1,0,0,0,0.98914,0.898589,0.664649
0,0,0,1,0.919645,1,0,0,0,1,0.976714,0.7478
0,0,0,0,0,0,0,0,0,0.876951,0.849472,0.652463
0,0,0,1,0.951682,1,0,0,0,0.924824,0.881411,0.708818
0,0,0,1,0.938789,0.428482,0,0,0,0.965512,0.929824,0.733165
0,0,0,1,0.966389,0.224952,0,0,0,0.99764,0.949482,0.739046
0,0,0,1,0.937599,0.462825,0,0,0,0.999913,0.964522,0.731251
0,0,0,1,0.933275,0.885805,0,0,0,0.999999,0.961534,0.709019
0,0,0,1,0.909576,1,0,0,0,1,0.944689,0.693161
0,0,0,1,0.964903,1,0,0,0,1,0.982691,0.755096
0,0,0,0,0,0,0,0,0,0.999992,0.941115,0.698021
0,0,0,1,0.981313,0.344718,0,0,0,0.997419,0.953101,0.731826
2.14576e-06,0,0,1,0.975529,0.20148,0,0,0,0.916857,0.872021,0.660282
0,0,0,0,0,0,0,0,0,0.999994,0.942507,0.703244
0,0,0,1,0.932961,1,0,0,0,0.999825,0.952926,0.705582
0,0,0,0.991983,0.916824,1,0,0,0,0.957358,0.937211,0.765593
0,0,0,1,0.949496,1,0,0,0,1,0.972779,0.744471
0,0,0,1,0.949348,1,0,0,0,1,0.956472,0.690455
0,0,0,1,0.980302,0.199353,0,0,0,1,0.968141,0.739422
0,0,0,1,0.938511,0.427905,0,0,0,0.99991,0.954223,0.729616
0,0,0,1,0.937854,1,0,0,0,0.999998,0.940463,0.687
0,0,0,1,0.919754,1,0,0,0,0.999999,0.975623,0.758511
0,0,0,0.948807,0.974849,0.839306,0,0,0,1,0.980729,0.771843
0,0,0,1,0.937461,1,0,0,0,1,0.931463,0.68342
0,0,0,1,0.963327,0.242299,0,0,0,0.999968,0.920647,0.668339
0,0,0,1,0.969185,0.209864,0,0,0,0.999996,0.969957,0.732974
0,0,0,1,0.939807,1,0,0,0,0.998736,0.97539,0.788257
0,0,0,1,0.934074,1,0,0,0,1,0.970296,0.735452
0,0,0,1,0.913983,1,0,0,0,1,0.969843,0.730674
0,0,0,1,0.941632,0.535707,0,0,0,0.99911,0.965185,0.748904
0,0,0,1,0.978593,0.194447,0,0,0,1,0.973594,0.730866
0,0,0,1,0.94797,1,0,0,0,0.993096,0.984635,0.865224
0,0,0,0.989331,0.918176,1,0,0,0,0.995426,0.970576,0.789721
0,0,0,0,0,0,0,0,0,0.842475,0.808974,0.638835
0,0,0,1,0.919634,1,0,0,0,0.98943,0.966474,0.819026
0,0,0,1,0.946585,1,0,0,0,0.999196,0.964254,0.744285
0,0,0,0.977649,0.944579,1,0,0,0,0.999998,0.932576,0.701815
0,0,0,1,0.935785,0.700522,0,0,0,1,0.948632,0.695338
0,0,0,1,0.935203,0.743333,0,0,0,0.999427,0.925634,0.694095
0,0,0,1,0.939885,1,0,0,0,0.998654,0.915507,0.690663
0,0,0,0,0,0,0,0,0,0.883034,0.848722,0.642881
0,0,0,1,0.962902,0.202798,0,0,0,0.999999,0.936052,0.68342
0,0,0,0.977459,0.923225,1,0,0,0,0.999858,0.959988,0.724578
0,0,0,1,0.955805,0.229958,0,0,0,0.992393,0.985936,0.870707
0,0,0,1,0.980061,0.198243,0,0,0,1,0.963161,0.709925
0,0,0,0.979417,0.984167,0.643495,0,0,0,0.998935,0.961822,0.735642
0,0,0,1,0.927138,1,0,0,0,0.955486,0.905657,0.712832
0,0,0,1,0.937195,1,0,0,0,0.999998,0.928279,0.702224
0,0,0,1,0.913999,1,0,0,0,1,0.959459,0.699562
0,0,0,0.994298,0.912788,1,0,0,0,0.970127,0.943867,0.785638
0,0,0,1,0.997837,0.312637,0,0,0,1,0.964855,0.735831
0,0,0,0.992088,0.908276,1,0,0,0,0.999563,0.941331,0.737536
0,0,0,1,0.933657,1,0,0,0,0.999961,0.949201,0.728941
0,0,0,1,0.940803,0.576541,0,0,0,0.999982,0.954984,0.736021
0,0,0,0.992997,0.917148,1,0,0,0,0.999999,0.959611,0.737536
0,0,0,1,0.933966,1,0,0,0,0.821188,0.793746,0.603406
0,0,0,1,0.944681,1,0,0,0,1,0.973544,0.719285
0,0,0,1,0.935233,1,0,0,0,0.999947,0.959001,0.717309
0,0,0,1,0.950897,0.309688,0,0,0,0.996176,0.899652,0.670393
0,0,0,1,0.935693,1,0,0,0,0.879458,0.852076,0.661923
0,0,0,1,0.95019,1,0,0,0,1,0.964921,0.702428
0,0,0,1,0.936342,0.499081,0,0,0,0.999997,0.956796,0.743168
0,0,0,1,0.958383,0.769505,0,0,0,0.844281,0.814201,0.602997
0,0,0,1,0.93961,0.61674,0,0,0,1,0.952574,0.716615
0,0,0,1,0.951394,1,0,0,0,0.919931,0.860486,0.666062
0,0,0,0.999203,0.961188,0.711617,0,0,0,0.999989,0.95846,0.735071
0,0,0,1,0.940584,0.574992,0,0,0,0.999995,0.938237,0.713931
0,0,0,1,0.941111,1,0,0,0,0.941439,0.915053,0.738103
0,0,0,1,0.928735,0.614321,0,0,0,0.888178,0.841696,0.679817
0,0,0,1,0.949277,1,0,0,0,0.999998,0.963848,0.741487
0,0,0,1,0.997864,0.31356,0,0,0,0.999955,0.92657,0.689096
0,0,0,0,0,0,0,0,0,1,0.976535,0.751283
0,0,0,1,0.9108,1,0,0,0,0.884039,0.857052,0.659405
0,0,0,0.993206,0.930781,1,0,0,0,0.898053,0.869271,0.653459
1.91925e-05,0,0,0.992969,0.90866,1,0,0,0,0.918626,0.865338,0.701202
0,0,0,1,0.985317,0.225982,0,0,0,0.999996,0.963984,0.735071
0,0,0,1,0.958668,1,0,0,0,0.99981,0.912748,0.672224
0,0,0,1,0.949458,1,0,0,0,1,0.960287,0.743541
0,0,0,0,0,0,0,0,0,0.854642,0.816553,0.614105
0,0,0,1,0.934901,0.535058,0,0,0,1,0.95877,0.719679
0,0,0,0.968248,0.929146,1,0,0,0,0.998628,0.946794,0.718199
0,0,0,1,0.969105,0.590146,0,0,0,0.999889,0.924142,0.694821
0,0,0,1,0.945324,1,0,0,0,0.937096,0.869049,0.659734
0,0,0,1,0.937397,0.703176,0,0,0,0.999999,0.938576,0.695028
0,0,0,1,0.973425,0.195692,0,0,0,0.966347,0.918772,0.721547
0,0,0,0.96908,0.931201,1,0,0,0,1,0.969149,0.725454
0,0,0,0,0,0,0,0,0,0.838548,0.811377,0.625781
0,0,0,0.989704,0.929657,1,0,0,0,0.861188,0.776623,0.575469
0,0,0,1,0.95053,1,0,0,0,0.998943,0.958693,0.734501
0,0,0,1,0.934921,0.535174,0,0,0,0.999483,0.941223,0.730482
0,0,0,1,0.924189,0.787852,0,0,0,1,0.949856,0.715523
0,0,0,0.996303,0.922289,1,0,0,0,1,0.975343,0.744099
0,0,0,0,0,0,0,0,0,0.853791,0.808823,0.605391
0,0,0,1,0.933264,0.882387,0,0,0,0.932576,0.894973,0.701509
0,0,0,0.968039,0.936341,1,0,0,0,1,0.965119,0.718496
0,0,0,1,0.946727,0.336742,0,0,0,0.999994,0.977968,0.740174
0,0,0,1,0.947581,0.365524,0,0,0,0.800692,0.760828,0.572783
0,0,0,1,0.98167,0.202309,0,0,0,1,0.960731,0.722821
0,0,0,0.977652,0.961717,0.769283,0,0,0,0.965771,0.941547,0.774071
0,0,0,1,0.958214,0.771602,0,0,0,1,0.953449,0.707101
0,0,0,0,0,0,0,0,0,0.897695,0.871912,0.71423
0,0,0,1,0.933731,1,0,0,0,0.999997,0.941761,0.709019
0,0,0,1,0.909575,1,0,0,0,0.978549,0.934753,0.745028
0,0,0,0,0,0,0,0,0,0.999999,0.946794,0.703346
0,0,0,1,0.981321,0.345585,0,0,0,0.997792,0.961678,0.754915
0,0,0,1,0.948936,1,0,0,0,0.999998,0.977197,0.73029
0,0,0,1,0.998123,0.368501,0,0,0,1,0.972727,0.724188
0,0,0,1,0.937928,1,0,0,0,1,0.965706,0.726523
0,0,0,0.990332,0.936435,1,0,0,0,0.999989,0.960435,0.709221
0,0,0,1,0.968528,0.213159,0,0,0,0.999951,0.957278,0.737536
0,0,0,1,0.933643,0.930619,0,0,0,0.999994,0.930078,0.679817
0,0,0,1,0.958553,0.216376,0,0,0,0.998183,0.963161,0.739046
0,0,0,0,0,0,0,0,0,0.999999,0.931711,0.67971
0,0,0,1,0.945833,1,0,0,0,0.999998,0.964456,0.742795
0,0,0,1,0.981339,0.347459,0,0,0,0.999968,0.922203,0.68784
0,0,0,1,0.93396,1,0,0,0,1,0.975155,0.716219
0.818301,0.68276,0.266688,1,0.943689,1,0,0,0,0.820901,0.789071,0.607721
0,0,0,1,0.978692,0.194841,0,0,0,1,0.978631,0.715722
0,0,0,1,0.933381,1,0,0,0,0.825027,0.785309,0.575469
0,0,0,1,0.974196,0.489933,0,0,0,0.999999,0.956391,0.735071
0,0,0,0,0,0,0,0,0,1,0.978302,0.75274
0,0,0,1,0.95557,1,0,0,0,1,0.956634,0.718002
0,0,0,1,0.975376,0.19238,0,0,0,0.999952,0.951953,0.722331
0,0,0,1,0.928744,0.614391,0,0,0,0.902093,0.872998,0.686475
0,0,0,1,0.95577,0.229867,0,0,0,1,0.933794,0.687
0,0,0,1,0.941798,0.536695,0,0,0,0.999989,0.970521,0.758511
0,0,0,1,0.956507,0.227221,0,0,0,0.99091,0.97151,0.814938
0,0,0,1,0.980058,0.325852,0,0,0,1,0.949763,0.694924
0,0,0,0,0,0,0,0,0,0.999998,0.9357,0.702326
0,0,0,1,0.946935,0.499794,0,0,0,0.999999,0.974869,0.746509
0,0,0,0,0,0,0,0,0,0.91848,0.894605,0.706494
0,0,0,0.988772,0.997095,0.440563,0,0,0,0.998445,0.967839,0.787768
0,0,0,0,0,0,0,0,0,0.96796,0.941439,0.775095
0,0,0,1,0.981341,0.347598,0,0,0,1,0.961893,0.738103
0,0,0,0.961739,0.934299,1,0,0,0,0.999925,0.919931,0.696887
0,0,0,1,0.933569,1,0,0,0,1,0.984869,0.754192
0,0,0,0,0,0,0,0,0,1,0.957755,0.72952
0,0,0,0.99339,0.917273,1,0,0,0,1,0.964522,0.722331
0,0,0,1,0.946101,0.396916,0,0,0,0.963506,0.939248,0.768386
0,0,0,1,0.985309,0.225921,0,0,0,0.999957,0.925903,0.681409
0,0,0,1,0.932831,1,0,0,0,0.999994,0.962321,0.739422
0,0,0,1,0.951797,0.264711,0,0,0,1,0.970799,0.7237
0,0,0,1,0.949436,0.336463,0,0,0,1,0.955734,0.694613
0,0,0,1,0.946611,1,0,0,0,0.858006,0.824321,0.625896
0,0,0,1,0.909612,1,0,0,0,1,0.952131,0.693161
0,0,0,1,0.938572,0.659917,0,0,0,0.876211,0.84556,0.628863
0,0,0,1,0.939309,1,0,0,0,1,0.9659,0.743168
0,0,0,1,0.937715,0.462942,0,0,0,0.999874,0.918334,0.669853
0,0,0,1,0.938432,0.658438,0,0,0,0.999955,0.929055,0.682997
0,0,0,0,0,0,0,0,0,0.999997,0.957437,0.724578
0,0,0,1,0.938863,1,0,0,0,0.834272,0.792464,0.555797
0,0,0,0,0,0,0,0,0,0.818156,0.785144,0.571767
0,0,0,1,0.937352,0.702541,0,0,0,0.999999,0.951774,0.728555
0,0,0,0,0,0,0,0,0,0.999995,0.960361,0.714528
0,0,0,1,0.912161,1,0,0,0,0.999997,0.943348,0.698432
0,0,0,1,0.934662,0.788785,0,0,0,0.999849,0.96622,0.717705
0,0,0,1,0.934744,0.791136,0,0,0,0.999964,0.95388,0.737725
0,0,0,1,0.977015,0.204507,0,0,0,0.979707,0.962603,0.808672
0,0,0,1,0.934505,1,0,0,0,0.999977,0.945197,0.705278
0,0,0,1,0.973672,0.196436,0,0,0,1,0.968679,0.726911
0,0,0,0,0,0,0,0,0,0.942401,0.918772,0.759047
0,0,0,0,0,0,0,0,0,1,0.941223,0.704058
0,0,0,0.978824,0.944799,1,0,0,0,1,0.975762,0.717309
0,0,0,1,0.981312,0.344655,0,0,0,0.9255,0.894605,0.7181
0,0,0,1,0.946278,0.396972,0,0,0,1,0.972571,0.724481
0,0,0,0,0,0,0,0,0,0.999998,0.953794,0.697609
0,0,0,1,0.951359,1,0,0,0,0.999629,0.941223,0.704567
0,0,0,1,0.920445,0.977185,0,0,0,1,0.96175,0.726814
0,0,0,0.993667,0.919995,1,0,0,0,0.999991,0.931836,0.678859
0,0,0,1,0.960825,0.263876,0,0,0,0.999994,0.956472,0.706899
0,0,0,1,0.95073,0.285614,0,0,0,1,0.961893,0.735262
0,0,0,1,0.984101,0.254038,0,0,0,0.829354,0.789721,0.580114
0,0,0,1,0.936727,0.498517,0,0,0,0.998125,0.966028,0.784154
0,0,0,1,0.942106,1,0,0,0,1,0.974043,0.729134
0,0,0,1,0.949242,0.429192,0,0,0,0.999989,0.961461,0.72526
0,0,0,1,0.946032,0.337223,0,0,0,1,0.977284,0.726911
0,0,0,1,0.977552,0.530244,0,0,0,1,0.943452,0.688783
0,0,0,1,0.938726,0.428235,0,0,0,1,0.962462,0.743354
0,0,0,1,0.950349,1,0,0,0,0.999998,0.974821,0.728748
0,0,0,1,0.983991,0.20179,0,0,0,0.999481,0.910227,0.678327
0,0,0,1,0.982293,0.212542,0,0,0,0.96862,0.949763,0.760473
0,0,0,1,0.934014,1,0,0,0,1,0.95222,0.712732
0,0,0,1,0.960704,0.204568,0,0,0,0.999981,0.960361,0.739422
0,0,0,1,0.953107,1,0,0,0,0.999998,0.938688,0.683525
0,0,0,0.992616,0.91235,1,0,0,0,0.999996,0.934275,0.678007
0,0,0,1,0.980286,0.19928,0,0,0,0.969613,0.939582,0.752195
0,0,0,1,0.96106,0.262805,0,0,0,0.999364,0.941868,0.717705
0,0,0,1,0.933715,1,0,0,0,0.999999,0.965706,0.721645
0,0,0,1,0.932383,0.934481,0,0,0,1,0.967163,0.715921
0,0,0,1,0.947817,0.365562,0,0,0,0.999994,0.962673,0.740174
0,0,0,1,0.973427,0.19063,0,0,0,0.963161,0.93511,0.785309
0,0,0,1,0.934411,1,0,0,0,0.999997,0.96796,0.726426
0,0,0,1,0.93797,0.463696,0,0,0,0.820469,0.784319,0.575528
0,0,0,1,0.937887,0.463692,0,0,0,0.998259,0.973037,0.800068
0,0,0,0,0,0,0,0,0,0.99985,0.932699,0.698227
0,0,0,1,0.974628,0.191005,0,0,0,0.999998,0.958538,0.725649
0,0,0,0,0,0,0,0,0,0.999997,0.955734,0.739422
0,0,0,1,0.932202,1,0,0,0,0.999995,0.963161,0.739234
0,0,0,1,0.946297,0.336634,0,0,0,0.999877,0.912436,0.673943
0,0,0,1,0.949869,1,0,0,0,1,0.962108,0.719482
0,0,0,1,0.947943,0.464027,0,0,0,0.999913,0.954984,0.739422
0,0,0,1,0.980374,0.410133,0,0,0,0.993855,0.889912,0.663451
0,0,0,1,0.961362,0.70935,0,0,0,1,0.963575,0.741112
0,0,0,1,0.950772,1,0,0,0,0.998232,0.942929,0.737158
0,0,0,1,0.938201,1,0,0,0,0.987853,0.967717,0.814053
0,0,0,1,0.933731,1,0,0,0,0.99979,0.952926,0.713432
0,0,0,1,0.950458,1,0,0,0,0.999273,0.913522,0.678753
0,0,0,0.977675,0.944584,1,0,0,0,1,0.952662,0.718002
0,0,0,1,0.973449,0.190689,0,0,0,0.847211,0.818302,0.642096
0,0,0,0,0,0,0,0,0,0.999999,0.928926,0.673836
0,0,0,1,0.951467,1,0,0,0,1,0.971456,0.723114
0,0,0,1,0.968235,0.212411,0,0,0,0.999718,0.950686,0.742795
0,0,0,0,0,0,0,0,0,0.95846,0.927363,0.711431
0,0,0,1,0.939376,1,0,0,0,0.999998,0.950503,0.745028
0,0,0,0,0,0,0,0,0,0.940572,0.915658,0.728169
0,0,0,1,0.948936,0.335997,0,0,0,1,0.972099,0.730386
7.39095e-06,7.15256e-07,0,1,0.947225,1,0,0,0,0.917006,0.865565,0.704465
0,0,0,0,0,0,0,0,0,1,0.975992,0.753104
0,0,0,1,0.933804,0.88027,0,0,0,0.93233,0.903294,0.706393
0,0,0,1,0.935246,0.744086,0,0,0,0.999996,0.924279,0.68215
0,0,0,1,0.935309,1,0,0,0,0.979668,0.956877,0.763131
0,0,0,1,0.980696,0.207071,0,0,0,1,0.96225,0.73678
0,0,0,1,0.932383,0.934456,0,0,0,0.999999,0.97553,0.732974
0,0,0,1,0.957453,1,0,0,0,0.992393,0.935817,0.707304
0,0,0,1,0.939816,1,0,0,0,0.999999,0.954052,0.717012
0,0,0,1,0.939008,1,0,0,0,0.999999,0.973292,0.729134
0,0,0,1,0.984134,0.254458,0,0,0,1,0.975855,0.716318
0,0,0,1,0.949076,1,0,0,0,0.999997,0.935817,0.679391
0,0,0,0,0,0,0,0,0,1,0.972152,0.747984
0,0,0,1,0.947948,0.464048,0,0,0,0.999842,0.954816,0.707405
0,0,0,0,0,0,0,0,0,0.999859,0.935346,0.694303
0,0,0,1,0.948549,0.310173,0,0,0,0.99995,0.930458,0.69181
0,0,0,1,0.955014,1,0,0,0,0.920218,0.890675,0.680135
0,0,0,1,0.950765,1,0,0,0,0.999994,0.958304,0.729327
0,0,0,1,0.951649,1,0,0,0,0.999946,0.960731,0.724968
0,0,0,1,0.950844,1,0,0,0,0.958069,0.936865,0.764364
0,0,0,1,0.933546,1,0,0,0,0.999996,0.943348,0.7011
0,0,0,1,0.982108,0.211385,0,0,0,1,0.959231,0.70912
8.46382e-06,0,0,0,0,0,0,0,0,0.869715,0.839471,0.655997
0,0,0,1,0.998494,0.231536,0,0,0,0.999991,0.935817,0.68056
0,0,0,1,0.909183,1,0,0,0,0.999999,0.951233,0.72662
0,0,0,1,0.942287,1,0,0,0,1,0.941975,0.685318
0,0,0,1,0.950624,1,0,0,0,1,0.967717,0.744842
0,0,0,0,0,0,0,0,0,0.999999,0.928539,0.674587
0,0,0,0.987911,0.913095,1,0,0,0,0.999356,0.969785,0.752195
0,0,0,0,0,0,0,0,0,0.999942,0.920361,0.671794
0,0,0,1,0.982303,0.244828,0,0,0,0.999981,0.933066,0.688259
0,0,0,1,0.910596,1,0,0,0,1,0.97024,0.732974
0,0,0,1,0.982191,0.211903,0,0,0,0.999999,0.96641,0.739422
0,0,0,1,0.957862,0.216203,0,0,0,0.937555,0.914596,0.736969
0,0,0,1,0.933426,0.575588,0,0,0,1,0.955817,0.719482
0,0,0,0,0,0,0,0,0,0.981347,0.924824,0.718989
0,0,0,1,0.964901,1,0,0,0,0.999913,0.918626,0.674801
0,0,0,1,0.998118,0.369572,0,0,0,1,0.969382,0.724481
0,0,0,1,0.936185,0.396121,0,0,0,0.999957,0.926835,0.682997
0,0,0,1,0.965845,0.227584,0,0,0,0.959535,0.932083,0.779658
0,0,0,1,0.935748,0.700046,0,0,0,1,0.97553,0.751101
0,0,0,0.990331,0.929951,1,0,0,0,0.9549,0.926968,0.746878
0.000649003,3.82655e-05,0,0,0,0,0,0,0,0.794544,0.747247,0.511473
0,0,0,1,0.944649,1,0,0,0,0.992334,0.899828,0.675336
0.00547137,0.000569896,0,0.978508,0.928263,1,0,0,0,0.999816,0.930836,0.68721
0,0,0,1,0.9503,0.286158,0,0,0,1,0.970964,0.746324
0,0,0,1,0.93754,0.462564,0,0,0,0.99998,0.941761,0.715424
0,0,0,1,0.984109,0.254145,0,0,0,1,0.966663,0.710628
0,0,0,1,0.959604,1,0,0,0,1,0.935817,0.707304
0,0,0,1,0.944144,1,0,0,0,0.999998,0.924552,0.678114
0,0,0,0.988747,0.936194,1,0,0,0,1,0.974337,0.711431
0,0,0,0.991216,0.930146,1,0,0,0,0.999993,0.945801,0.710126
0,0,0,1,0.941941,1,0,0,0,0.999998,0.973494,0.7324
0.000240655,5.00678e-06,0,0.99566,0.90943,1,0,0,0,0.999678,0.919353,0.676834
0,0,0,0,0,0,0,0,0,0.999976,0.972934,0.734501
0,0,0,1,0.959882,0.209239,0,0,0,0.915658,0.860838,0.707708
0,0,0,0,0,0,0,0,0,1,0.938688,0.681303
0,0,0,1,0.933422,0.575558,0,0,0,0.970521,0.951051,0.755096
0,0,0,1,0.936391,0.499326,0,0,0,0.960361,0.943452,0.777807
7.15256e-07,0,0,1,0.932384,0.934766,0,0,0,0.999915,0.921781,0.677794
0,0,0,1,0.961153,0.263033,0,0,0,0.999438,0.959154,0.724383
0,0,0,1,1,0.266098,0,0,0,0.924415,0.894789,0.73659
0,0,0,1,0.981315,0.345027,0,0,0,0.99994,0.978135,0.777638
0,0,0,1,0.939496,1,0,0,0,0.999993,0.927363,0.675336
0,0,0,1,0.939748,0.617905,0,0,0,0.999997,0.932699,0.679498
0,0,0,0.993589,0.950229,0.853415,0,0,0,1,0.9462,0.689828
0,0,0,0,0,0,0,0,0,0.942082,0.92079,0.748904
0,0,0,1,0.930413,1,0,0,0,1,0.96741,0.750918
0,0,0,1,0.937447,0.462147,0,0,0,1,0.986929,0.763131
0,0,0,0,0,0,0,0,0,0.829768,0.800848,0.602529
0,0,0,1,0.969393,1,0,0,0,0.952397,0.92373,0.755817
0,0,0,1,0.941379,1,0,0,0,0.936981,0.908456,0.739234
0,0,0,1,1,0.266235,0,0,0,1,0.947769,0.707506
0,0,0,1,0.952764,0.263807,0,0,0,0.986777,0.925095,0.705481
0,0,0,0.992898,0.950152,0.854261,0,0,0,0.999857,0.933431,0.692434
0,0,0,1,0.949128,1,0,0,0,1,0.954816,0.72594
0,0,0,1,0.937436,0.703721,0,0,0,0.999986,0.948442,0.726911
0.156212,0.0636753,0.00134711,1,0.953313,1,0,0,0,1,0.972571,0.74055
0,0,0,0.970993,0.975348,0.771581,0,0,0,0.962108,0.925365,0.775435
0,0,0,1,0.943326,1,0,0,0,0.995618,0.940243,0.713731
0,0,0,1,0.99812,0.369041,0,0,0,1,0.974092,0.730001
0,0,0,1,0.931739,1,0,0,0,0.820326,0.786459,0.566438
1.03712e-05,0,0,0,0,0,0,0,0,0.986675,0.943764,0.737536
0,0,0,1,0.943467,1,0,0,0,1,0.953013,0.72086
0.0279524,0.00395481,0,0.949211,0.974895,0.838806,0,0,0,0.595787,0.540985,0.369429
0,0,0,1,0.940191,1,0,0,0,1,0.956877,0.733738
0,0,0,0.988819,0.91801,1,0,0,0,0.946794,0.928018,0.751648
0,0,0,0,0,0,0,0,0,0.999978,0.935817,0.695648
0,0,0,1,0.95531,1,0,0,0,0.999974,0.95877,0.714628
0,0,0,1,0.990165,0.533185,0,0,0,1,0.974288,0.744099
0,0,0,0.982542,0.984358,0.640693,0,0,0,1,0.980243,0.75037
0,0,0,1,0.935116,0.536281,0,0,0,1,0.973037,0.732209
0,0,0,1,0.93317,1,0,0,0,1,0.978135,0.749637
0,0,0,0.966844,0.930579,1,0,0,0,1,0.950411,0.705075
0,0,0,1,0.952565,0.26331,0,0,0,1,0.949763,0.708112
0,0,0,0,0,0,0,0,0,0.871037,0.78233,0.598254
0,0,0,0,0,0,0,0,0,1,0.96051,0.728169
0,0,0,1,0.939584,0.616507,0,0,0,0.949669,0.924415,0.717111
0,0,0,1,0.951308,1,0,0,0,0.996676,0.934275,0.699562
0,0,0,0,0,0,0,0,0,0.930584,0.907967,0.7237
0,0,0,1,0.943061,1,0,0,0,0.999997,0.9455,0.70791
0,0,0,1,0.934448,1,0,0,0,0.999678,0.946695,0.706494
0,0,0,1,0.968506,0.213102,0,0,0,0.999605,0.954563,0.710829
0,0,0,1,0.980284,0.199272,0,0,0,0.999995,0.962321,0.739611
0,0,0,1,0.944641,0.430294,0,0,0,0.951863,0.924415,0.741861
0,0,0,1,0.984124,0.254322,0,0,0,0.999966,0.941115,0.710729
0,0,0,0,0,0,0,0,0,0.966976,0.951594,0.772874
0,0,0,0,0,0,0,0,0,0.91181,0.876317,0.690142
0,0,0,1,0.935952,1,0,0,0,1,0.982083,0.755276
0,0,0,1,0.950747,0.285657,0,0,0,0.860486,0.821188,0.602471
0,0,0,1,0.935098,1,0,0,0,0.999999,0.945197,0.690768
0,0,0,0,0,0,0,0,0,0.958615,0.921074,0.727782
0,0,0,1,0.934043,0.837413,0,0,0,0.828662,0.770983,0.598371
0,0,0,1,0.946114,1,0,0,0,1,0.967287,0.742422
0,0,0,0.987002,0.912549,1,0,0,0,0.999064,0.949389,0.72331
0,0,0,0.987293,0.912638,1,0,0,0,1,0.939913,0.68637
0,0,0,0.993199,0.919889,1,0,0,0,0.999798,0.953794,0.741487
0,0,0,0,0,0,0,0,0,0.850096,0.819893,0.617282
0,0,0,1,0.966141,0.224605,0,0,0,0.956145,0.938576,0.803791
0,0,0,1,0.934869,0.534877,0,0,0,1,0.972571,0.75183
0,0,0,1,0.948967,1,0,0,0,0.999878,0.946794,0.730963
0,0,0,1,0.958494,1,0,0,0,1,0.959307,0.72594
0,0,0,1,0.933556,0.978588,0,0,0,1,0.950134,0.713332
0,0,0,0.973018,0.913653,1,0,0,0,0.999346,0.933309,0.700588
0,0,0,1,0.937439,1,0,0,0,1,0.959762,0.746509
0,0,0,1,0.934287,1,0,0,0,0.999984,0.933188,0.686685
0,0,0,1,0.939732,0.617758,0,0,0,0.999998,0.933915,0.683525
0,0,0,1,0.947785,0.365464,0,0,0,1,0.976669,0.724091
0,0,0,1,0.975403,0.192471,0,0,0,0.999999,0.957833,0.73029
0,0,0,1,0.950229,0.285969,0,0,0,1,0.953535,0.695648
0,0,0,1,0.975624,0.193211,0,0,0,0.999989,0.958615,0.728652
0,0,0,1,0.93361,0.977004,0,0,0,0.977671,0.962532,0.795022
0,0,0,1,0.948389,1,0,0,0,0.999999,0.978426,0.722135
0,0,0,1,0.949041,0.336308,0,0,0,0.989791,0.9462,0.745213
0,0,0,1,0.985026,0.210425,0,0,0,0.816699,0.789883,0.605274
0,0,0,1,0.933958,1,0,0,0,0.999982,0.962883,0.725357
0,0,0,0.980526,0.984235,0.642493,0,0,0,0.999999,0.956796,0.728169
0,0,0,1,0.976935,0.410731,0,0,0,0.999997,0.937211,0.685529
0.000219559,3.57628e-07,0,0,0,0,0,0,0,0.997348,0.949763,0.735071
0,0,0,1,0.939418,1,0,0,0,1,0.9659,0.747616
0,0,0,1,1,0.266891,0,0,0,1,0.975577,0.731634
0,0,0,1,0.94196,1,0,0,0,1,0.956877,0.727975
0,0,0,1,0.919754,1,0,0,0,0.943348,0.900004,0.714429
0,0,0,0,0,0,0,0,0,0.999369,0.928539,0.698227
0,0,0,1,0.958139,1,0,0,0,0.999989,0.95846,0.73678
0,0,0,1,0.976758,0.203348,0,0,0,0.997909,0.92617,0.691289
0,0,0,1,0.967497,1,0,0,0,0.934275,0.912592,0.751283
0,0,0,1,0.941395,1,0,0,0,0.975155,0.910386,0.682362
0,0,0,0.98935,0.923272,1,0,0,0,0.999985,0.943867,0.712532
0,0,0,1,0.933272,0.883048,0,0,0,1,0.979116,0.734881
0,0,0,1,0.945172,1,0,0,0,1,0.935346,0.682891
0,0,0,0.980333,0.935226,1,0,0,0,0.95388,0.922203,0.745584
0,0,0,1,0.990254,0.531377,0,0,0,0.987079,0.916559,0.685529
0,0,0,1,0.946489,0.337204,0,0,0,0.999987,0.960731,0.70304
0,0,0,1,0.937398,1,0,0,0,0.976714,0.951051,0.767516
0,0,0,1,0.976937,0.185435,0,0,0,1,0.962813,0.738292
0,0,0,0,0,0,0,0,0,0.993176,0.970183,0.772531
0,0,0,1,0.933809,0.879014,0,0,0,1,0.954137,0.701917
0,0,0,0.967886,0.97506,0.775016,0,0,0,1,0.954732,0.721841
0,0,0,1,0.945959,0.396422,0,0,0,1,0.964789,0.7413
0,0,0,1,0.936371,0.499226,0,0,0,0.999998,0.950869,0.715424
0,0,0,1,0.968593,0.213324,0,0,0,1,0.971347,0.733738
0,0,0,0.987298,0.997067,0.441449,0,0,0,0.999997,0.968201,0.732783
0,0,0,1,0.951712,0.264492,0,0,0,1,0.972675,0.724286
0,0,0,1,0.954467,0.244937,0,0,0,0.99998,0.970576,0.714728
0,0,0,1,0.935717,0.699574,0,0,0,1,0.97539,0.744842
0,0,0,0.982332,0.984346,0.640879,0,0,0,0.972467,0.950319,0.785802
0,0,0,1,0.964783,1,0,0,0,0.963643,0.9357,0.786459
0,0,0,1,0.939776,0.618138,0,0,0,0.999977,0.970743,0.742608
0,0,0,1,0.944044,1,0,0,0,1,0.936981,0.680135
0,0,0,1,0.933427,0.575593,0,0,0,1,0.970799,0.732974
0,0,0,1,0.939627,1,0,0,0,1,0.972727,0.726329
0,0,0,1,0.964604,1,0,0,0,1,0.954816,0.695131
0,0,0,0,0,0,0,0,0,0.879871,0.849097,0.648355
0,0,0,0.997945,0.92281,1,0,0,0,0.999998,0.935346,0.682679
0,0,0,1,0.957469,1,0,0,0,0.999996,0.960212,0.697197
0,0,0,0.990575,0.913939,1,0,0,0,0.999963,0.962108,0.717507
0,0,0,1,0.978564,0.20766,0,0,0,1,0.971347,0.723993
0,0,0,1,0.984146,0.254598,0,0,0,0.999998,0.963575,0.710829
0,0,0,1,0.937858,1,0,0,0,0.939248,0.90599,0.738292
0,0,0,1,0.976936,0.410661,0,0,0,1,0.972571,0.722331
0,0,0,1,0.934707,0.79007,0,0,0,0.99943,0.959001,0.725843
0,0,0,0,0,0,0,0,0,0.999995,0.938124,0.691914
0,0,0,1,0.952716,1,0,0,0,0.999931,0.949106,0.712732
0,0,0,1,0.965894,0.227706,0,0,0,0.872347,0.838151,0.642657
0,0,0,1,0.949372,0.336277,0,0,0,0.99891,0.954984,0.75183
0.00152638,0.000165687,0,1,0.934673,0.789051,0,0,0,0.999957,0.934753,0.688992
0,0,0,1,0.944237,1,0,0,0,0.998803,0.956957,0.72331
0,0,0,1,0.980372,0.41021,0,0,0,0.90764,0.875999,0.705481
0,0,0,1,0.922061,0.879409,0,0,0,0.890675,0.857291,0.704262
0,0,0,1,0.937776,1,0,0,0,0.999999,0.96225,0.738292
0,0,0,0,0,0,0,0,0,0.998487,0.920932,0.698124
0,0,0,1,0.935342,0.745912,0,0,0,0.999998,0.964254,0.734691
0,0,0,1,0.938023,0.463928,0,0,0,0.848847,0.807612,0.604691
0,0,0,0,0,0,0,0,0,0.999988,0.934634,0.688049
0,0,0,0,0,0,0,0,0,0.998493,0.955068,0.733738
0,0,0,1,0.942284,1,0,0,0,1,0.949295,0.712932
5.96046e-07,0,0,1,0.964448,1,0,0,0,0.968679,0.938576,0.728459
0,0,0,1,0.95755,1,0,0,0,0.99912,0.972362,0.773216
0,0,0,1,0.973402,0.190563,0,0,0,1,0.96741,0.739046
0,0,0,0.989089,0.936246,1,0,0,0,0.952662,0.9255,0.744099
0,0,0,1,0.945134,1,0,0,0,0.999464,0.926304,0.682574
0,0,0,1,0.937874,1,0,0,0,1,0.973544,0.728459
0,0,0,1,0.935311,0.745404,0,0,0,0.999984,0.936981,0.696475
0,0,0,1,0.974134,0.491518,0,0,0,0.999414,0.908618,0.670393
0,0,0,1,0.943682,1,0,0,0,0.999941,0.972152,0.761893
0,0,0,1,0.935738,0.699865,0,0,0,0.999876,0.954647,0.736969
0,0,0,1,0.963809,1,0,0,0,0.999984,0.954052,0.737158
0,0,0,1,0.945008,1,0,0,0,1,0.982083,0.755276
0,0,0,0,0,0,0,0,0,0.999956,0.953622,0.686685
0,0,0,0.995465,0.92202,1,0,0,0,0.995601,0.958304,0.788746
0,0,0,1,0.939417,1,0,0,0,1,0.942401,0.685002
0,0,0,1,0.946204,0.397273,0,0,0,0.997133,0.916708,0.681197
0,0,0,0,0,0,0,0,0,0.853791,0.772531,0.594316
0,0,0,1,0.959575,1,0,0,0,0.982423,0.919643,0.698124
0,0,0,1,0.944274,0.429343,0,0,0,1,0.952042,0.716417
0,0,0,1,0.933252,0.574413,0,0,0,0.99371,0.977883,0.82573
0,0,0,1,0.928165,1,0,0,0,0.865224,0.835752,0.639961
0,0,0,1,0.933447,1,0,0,0,0.999992,0.96175,0.73848
0,0,0,1,0.93286,1,0,0,0,1,0.972831,0.744285
0,0,0,1,0.946124,0.396998,0,0,0,1,0.948728,0.695338
0,0,0,1,0.948673,0.310513,0,0,0,0.999999,0.970127,0.730578
0,0,0,1,0.951707,1,0,0,0,0.999026,0.958304,0.724481
0,0,0,1,0.922058,0.879228,0,0,0,0.999853,0.912903,0.670393
0,0,0,0,0,0,0,0,0,0.893309,0.867485,0.671686
0,0,0,1,0.967723,0.64001,0,0,0,0.99963,0.916708,0.675444
0,0,0,1,0.96838,0.212783,0,0,0,0.999998,0.953362,0.742608
0,0,0,0,0,0,0,0,0,0.862352,0.824462,0.615088
0,0,0,1,0.954149,0.244146,0,0,0,1,0.962673,0.729134
0,0,0,0.981437,0.945281,1,0,0,0,1,0.960805,0.741112
0,0,0,1,0.981343,0.347871,0,0,0,0.956715,0.936401,0.76454
0,0,0,1,0.944829,1,0,0,0,0.999842,0.970964,0.770119
0,0,0,1,0.938695,0.42811,0,0,0,0.977066,0.968081,0.805479
0,0,0,1,0.933987,0.833327,0,0,0,0.999905,0.924415,0.672762
0,0,0,1,0.971279,0.205148,0,0,0,0.999996,0.957038,0.706798
0,0,0,1,0.954868,1,0,0,0,0.99674,0.955319,0.776962
0,0,0,1,0.951388,1,0,0,0,0.999968,0.954478,0.709019
0,0,0,1,0.969194,0.588674,0,0,0,0.992906,0.959687,0.773901
0,0,0,1,0.931668,0.616187,0,0,0,0.988928,0.964855,0.808219
0,0,0,1,0.979159,0.216607,0,0,0,0.999998,0.934035,0.685002
0,0,0,1,0.967622,0.216159,0,0,0,0.99999,0.943556,0.695131
0,0,0,0.990582,0.913941,1,0,0,0,0.999996,0.95877,0.732209
0,0,0,0,0,0,0,0,0,1,0.960137,0.727879
0,0,0,0,0,0,0,0,0,0.999971,0.937897,0.699357
0,0,0,1,0.935282,1,0,0,0,1,0.959837,0.724773
0,0,0,1,0.978731,0.194998,0,0,0,0.999578,0.951774,0.732209
0,0,0,1,0.933821,0.878659,0,0,0,0.999997,0.964254,0.713731
0,0,0,1,0.976989,0.204387,0,0,0,1,0.955068,0.736021
0,0,0,0.97765,0.961716,0.769286,0,0,0,0.999999,0.931338,0.680772
0,0,0,0,0,0,0,0,0,0.997659,0.926037,0.69946
0,0,0,1,0.951711,0.264489,0,0,0,0.959837,0.93233,0.781831
0,0,0,0,0,0,0,0,0,0.870707,0.799755,0.605041
0,0,0,1,0.969028,0.59143,0,0,0,0.965316,0.943034,0.771327
0,0,0,1,0.934077,1,0,0,0,0.999868,0.91626,0.675336
0,0,0,1,0.91584,1,0,0,0,0.962321,0.936865,0.763131
0,0,0,1,0.909489,1,0,0,0,0.994358,0.947962,0.741674
0,0,0,1,0.932771,1,0,0,0,1,0.962883,0.711531
0,0,0,0.999565,0.961216,0.711254,0,0,0,1,0.967656,0.720467
0,0,0,0.993192,0.908616,1,0,0,0,1,0.949389,0.691497
0,0,0,0,0,0,0,0,0,0.999987,0.953708,0.705075
0,0,0,1,0.949963,1,0,0,0,0.99984,0.919498,0.690037
0,0,0,1,0.950054,1,0,0,0,1,0.977671,0.726911
0,0,0,1,0.933455,0.981535,0,0,0,0.999999,0.939359,0.683631
0,0,0,1,0.941293,1,0,0,0,1,0.955236,0.733165
0,0,0,1,0.936641,0.498096,0,0,0,1,0.949106,0.693265
0,0,0,0.992219,0.908442,1,0,0,0,1,0.965576,0.732018
0,0,0,1,0.938,0.463826,0,0,0,0.999946,0.920504,0.682256
0,0,0,1,0.971225,0.204996,0,0,0,0.997876,0.929055,0.694199
0,0,0,0.977483,0.91425,1,0,0,0,0.992214,0.971074,0.793106
0,0,0,1,0.934025,0.835826,0,0,0,1,0.963369,0.740737
0,0,0,1,0.98151,0.294742,0,0,0,0.996544,0.980129,0.831554
0,0,0,1,0.95655,0.227326,0,0,0,0.999822,0.914291,0.672224
0,0,0,1,0.976734,0.203238,0,0,0,0.999991,0.955734,0.745954
0,0,0,1,0.943601,1,0,0,0,0.885631,0.860486,0.673406
0,0,0,1,0.975599,0.20175,0,0,0,0.999982,0.928279,0.677474
0,0,0,1,0.932886,1,0,0,0,0.972985,0.955486,0.794066
0,0,0,1,0.927738,0.65723,0,0,0,0.982151,0.954732,0.803328
0,0,0,0,0,0,0,0,0,1,0.964656,0.730001
0,0,0,0,0,0,0,0,0,0.856692,0.8067,0.635562
0,0,0,1,0.946029,1,0,0,0,1,0.946695,0.689619
0,0,0,0,0,0,0,0,0,0.926835,0.881819,0.709321
0,0,0,1,0.935276,1,0,0,0,0.929824,0.870046,0.654122
0,0,0,1,0.959887,0.209254,0,0,0,1,0.965835,0.727782
0,0,0,1,0.935275,0.744684,0,0,0,1,0.964987,0.710226
0,0,0,1,0.937359,0.702701,0,0,0,0.999215,0.962673,0.706899
0,0,0,0.982437,0.924625,1,0,0,0,0.963161,0.933552,0.783492
0,0,0,1,0.955585,1,0,0,0,0.999999,0.947284,0.708011
0,0,0,1,0.998119,0.36927,0,0,0,0.989306,0.887009,0.6705
0,0,0,1,0.946698,1,0,0,0,0.999927,0.916708,0.670177
0,0,0,0.977968,0.944639,1,0,0,0,1,0.975107,0.717111
0,0,0,1,0.980378,0.409933,0,0,0,0.999996,0.940463,0.722723
0,0,0,1,0.946931,0.499771,0,0,0,0.999023,0.955152,0.729809
0,0,0,1,0.932383,0.934294,0,0,0,0.999803,0.9549,0.735071
0,0,0,1,0.955795,0.229932,0,0,0,0.999976,0.951863,0.704465
0,0,0,1,0.954787,1,0,0,0,1,0.973544,0.725843
0,0,0,1,0.954685,1,0,0,0,0.938913,0.914596,0.738103
0,0,0,0.966933,0.930604,1,0,0,0,0.999992,0.958538,0.745398
0,0,0,1,0.937563,0.462665,0,0,0,0.992879,0.967039,0.816845
0,0,0,1,0.968533,0.213172,0,0,0,0.943243,0.883638,0.69233
0,0,0,0.982467,0.984354,0.64076,0,0,0,0.999903,0.967656,0.726232
0,0,0,1,0.980115,0.198493,0,0,0,0.999998,0.934395,0.679604
0,0,0,1,0.948953,1,0,0,0,0.999996,0.958304,0.718496
0,0,0,1,0.946023,0.396647,0,0,0,0.963984,0.944382,0.776284
0,0,0,1,0.909889,1,0,0,0,0.996972,0.91383,0.684686
0,0,0,1,0.980157,0.22461,0,0,0,0.999986,0.943243,0.695028
0,0,0,1,0.95987,0.209206,0,0,0,0.979668,0.948058,0.766119
0,0,0,1,0.910645,1,0,0,0,0.999998,0.953188,0.73659
0,0,0,1,0.934398,1,0,0,0,1,0.954393,0.724481
0,0,0,1,0.932199,1,0,0,0,0.999995,0.950595,0.70912
0,0,0,1,0.965801,0.227475,0,0,0,0.999993,0.961965,0.723114
0,0,0,0,0,0,0,0,0,0.91228,0.845305,0.684264
0,0,0,1,0.935764,0.700257,0,0,0,0.999987,0.931213,0.679285
0,0,0,1,0.982491,0.225521,0,0,0,0.999996,0.935465,0.68215
0,0,0,1,0.943431,1,0,0,0,0.999996,0.934515,0.684791
0,0,0,1,0.942679,0.464538,0,0,0,0.929312,0.893123,0.716615
0,0,0,1,0.932671,1,0,0,0,0.998225,0.925365,0.716516
0,0,0,1,0.934021,0.836165,0,0,0,0.999989,0.934753,0.679498
0,0,0,1,0.935185,0.742908,0,0,0,0.94079,0.90261,0.666714
0,0,0,0,0,0,0,0,0,1,0.977371,0.709019
0,0,0,0,0,0,0,0,0,0.991875,0.953188,0.737725
0,0,0,1,0.951569,1,0,0,0,0.999554,0.955734,0.712632
0,0,0,0.990984,0.949939,0.856625,0,0,0,0.970013,0.95275,0.805173
0,0,0,1,0.935001,0.535634,0,0,0,0.999996,0.951684,0.729038
0,0,0,1,0.982553,0.226008,0,0,0,0.999967,0.92164,0.673299
0,0,0,0.984477,0.984476,0.638986,0,0,0,0.99999,0.962743,0.722527
0,0,0,1,0.955703,1,0,0,0,1,0.970352,0.732018
0,0,0,0,0,0,0,0,0,0.898589,0.868269,0.714728
0,0,0,1,0.979323,0.382303,0,0,0,1,0.934634,0.679179
0,0,0,0,0,0,0,0,0,0.999963,0.920074,0.675765
0,0,0,1,0.982168,0.211756,0,0,0,0.998326,0.903975,0.667906
0,0,0,1,0.947866,1,0,0,0,0.972727,0.953966,0.793746
0,0,0,1,0.933667,0.929706,0,0,0,1,0.975484,0.716913
0,0,0,1,0.937049,1,0,0,0,1,0.968261,0.742982
2.16959e-05,0,0,0,0,0,0,0,0,0.999998,0.964187,0.725746
0,0,0,1,0.937992,1,0,0,0,0.974965,0.946101,0.738669
0.00432544,0.00117674,0,0,0,0,0,0,0,0.842345,0.778481,0.629091
0,0,0,1,0.9633,0.242233,0,0,0,0.999946,0.956553,0.742795
0,0,0,1,0.950906,0.286067,0,0,0,0.948346,0.910863,0.710929
0,0,0,0,0,0,0,0,0,0.987277,0.977328,0.864425
0,0,0,0,0,0,0,0,0,0.999503,0.960287,0.732209
0,0,0,1,0.940566,0.574857,0,0,0,1,0.973443,0.73431
0,0,0,1,0.935124,0.536326,0,0,0,0.95222,0.92164,0.738292
0,0,0,1,0.909925,1,0,0,0,0.961822,0.934634,0.757436
0,0,0,1,0.977029,0.20457,0,0,0,1,0.972779,0.745769
0,0,0,0,0,0,0,0,0,0.836688,0.808067,0.616301
0,0,0,1,0.959963,0.284654,0,0,0,0.999755,0.969728,0.756178
0.0349519,0.0100005,0,0.991355,0.914182,1,0,0,0,0.867485,0.840128,0.674265
0,0,0,0,0,0,0,0,0,0.999937,0.959001,0.739046
0,0,0,1,0.998118,0.369766,0,0,0,0.999969,0.957991,0.714728
0,0,0,0,0,0,0,0,0,0.976758,0.914138,0.702224
0,0,0,1,0.997851,0.313119,0,0,0,0.914138,0.864081,0.701917
0,0,0,1,0.984035,0.253229,0,0,0,0.949763,0.920932,0.76908
7.72446e-05,0,0,0,0,0,0,0,0,0.889337,0.859782,0.68595
0,0,0,0.996903,0.92248,1,0,0,0,1,0.959231,0.730674
0,0,0,1,0.932384,0.934947,0,0,0,0.990292,0.963506,0.790692
0,0,0,1,0.978707,0.194899,0,0,0,0.999999,0.938463,0.681303
0,0,0,1,0.938713,0.428181,0,0,0,1,0.94079,0.709724
0,0,0,1,0.935348,0.746127,0,0,0,0.999931,0.967899,0.748904
0,0,0,1,0.937432,0.703673,0,0,0,0.999984,0.968321,0.712632
0,0,0,1,0.980062,0.326088,0,0,0,0.99999,0.956145,0.707708
0,0,0,0,0,0,0,0,0,0.951594,0.92373,0.695338
0,0,0,0,0,0,0,0,0,0.871037,0.829906,0.608478
0,0,0,1,0.937659,0.462691,0,0,0,0.999998,0.968738,0.744656
0,0,0,1,0.935201,1,0,0,0,0.995735,0.889529,0.667148
0,0,0,1,0.934613,0.787327,0,0,0,0.880797,0.855248,0.665519
0,0,0,1,0.952473,0.26308,0,0,0,1,0.960657,0.723798
0,0,0,1,0.93485,1,0,0,0,0.999998,0.9659,0.713731
0,0,0,1,0.939378,1,0,0,0,0.981875,0.881615,0.661486
0,0,0,1,0.933564,0.978046,0,0,0,0.999936,0.955899,0.739422
0,0,0,1,0.982255,0.212304,0,0,0,1,0.977671,0.733738
0,0,0,1,0.955316,1,0,0,0,1,0.964921,0.723505
0,0,0,1,0.945791,1,0,0,0,1,0.964722,0.740925
0,0,0,0,0,0,0,0,0,0.999678,0.955569,0.700383
0,0,0,1,0.951848,0.264843,0,0,0,0.962813,0.933915,0.784319
0,0,0,1,0.930433,1,0,0,0,0.954647,0.91611,0.741861
0,0,0,1,0.963599,0.242954,0,0,0,1,0.969613,0.722527
0,0,0,1,0.945831,1,0,0,0,1,0.965381,0.726232
0,0,0,0.989574,0.997111,0.440084,0,0,0,0.999995,0.962462,0.747984
0,0,0,1,0.919428,1,0,0,0,0.999999,0.937211,0.681303
0,0,0,0,0,0,0,0,0,1,0.972831,0.747616
0,0,0,1,0.985038,0.2105,0,0,0,0.999999,0.964389,0.719876
0,0,0,1,0.959883,0.209243,0,0,0,0.998475,0.910545,0.667906
0,0,0,1,0.998495,0.231546,0,0,0,0.991221,0.968974,0.795975
0,0,0,0,0,0,0,0,0,0.884239,0.853425,0.654674
0,0,0,0,0,0,0,0,0,0.875468,0.836555,0.63307
0,0,0,1,0.953289,1,0,0,0,0.91118,0.877791,0.68941
0,0,0,1,0.947683,0.365846,0,0,0,1,0.941331,0.685213
0,0,0,0,0,0,0,0,0,1,0.960878,0.715325
0,0,0,1,0.968253,0.212459,0,0,0,0.999888,0.911338,0.683842
0,0,0,1,0.938263,1,0,0,0,0.999783,0.942295,0.71123
0,0,0,0,0,0,0,0,0,1,0.976129,0.747432
0,0,0,1,0.935349,0.746135,0,0,0,0.999998,0.932821,0.679817
0,0,0,0,0,0,0,0,0,0.905823,0.854642,0.669961
0,0,0,1,0.934617,0.787443,0,0,0,0.999999,0.961098,0.734881
0,0,0,1,0.924869,1,0,0,0,0.998232,0.966976,0.789558
0,0,0,1,0.941119,1,0,0,0,0.978052,0.961893,0.806853
0,0,0,0,0,0,0,0,0,0.949856,0.924824,0.769946
0,0,0,1,0.990184,0.532803,0,0,0,0.943452,0.906156,0.720958
0,0,0,1,0.951597,1,0,0,0,0.999998,0.963022,0.730482
0,0,0,1,0.950429,0.2865,0,0,0,0.988222,0.919931,0.695648
0,0,0,1,0.935446,1,0,0,0,1,0.965053,0.743168
0,0,0,1,0.95759,1,0,0,0,1,0.944893,0.692434
0,0,0,1,0.997861,0.313462,0,0,0,1,0.961534,0.749087
0,0,0,1,0.990152,0.53345,0,0,0,0.99999,0.930078,0.682574
0,0,0,0.963069,0.962472,0.931706,0,0,0,0.947575,0.915053,0.711431
0,0,0,1,0.939885,1,0,0,0,0.752013,0.703957,0.505806
0,0,0,1,0.954957,1,0,0,0,0.975762,0.960805,0.822046
0,0,0,1,0.93188,1,0,0,0,1,0.958148,0.7324
0,0,0,1,0.934427,1,0,0,0,0.999999,0.961822,0.734501
0,0,0,1,0.926952,1,0,0,0,1,0.976401,0.734501
0,0,0,0,0,0,0,0,0,0.999997,0.953708,0.735262
0,0,0,1,0.94475,0.430292,0,0,0,0.999999,0.960805,0.733738
0,0,0,1,0.980011,0.19801,0,0,0,0.998706,0.939359,0.717309
0,0,0,1,0.947637,1,0,0,0,0.999996,0.970465,0.720663
0,0,0,1,0.930507,1,0,0,0,0.999999,0.97007,0.746324
0,0,0,1,0.933448,0.982182,0,0,0,0.999978,0.950595,0.691914
0,0,0,1,0.948589,0.310282,0,0,0,1,0.962532,0.745584
0,0,0,1,0.964412,1,0,0,0,1,0.96856,0.745769
0,0,0,1,0.937084,1,0,0,0,1,0.955651,0.718594
0,0,0,1,0.912072,1,0,0,0,0.999982,0.928018,0.681727
0,0,0,0.967151,0.930665,1,0,0,0,0.961025,0.936981,0.757615
0,0,0,1,0.981545,0.295498,0,0,0,0.999993,0.93233,0.678327
0,0,0,0.977691,0.923275,1,0,0,0,0.99593,0.949949,0.73659
0,0,0,0.997115,0.922547,1,0,0,0,1,0.964321,0.741487
0,0,0,0,0,0,0,0,0,0.999589,0.928409,0.696062
0,0,0,1,0.944908,1,0,0,0,1,0.964656,0.728265
0,0,0,1,0.961548,0.70696,0,0,0,0.999994,0.93511,0.694924
0,0,0,1,0.936994,1,0,0,0,0.999939,0.921216,0.67822
0,0,0,1,0.947213,1,0,0,0,0.999944,0.923039,0.676834
0,0,0,1,0.926518,0.699131,0,0,0,0.995618,0.939137,0.743541
0,0,0,1,0.947824,0.365585,0,0,0,1,0.948728,0.694303
0,0,0,0.9972,0.922574,1,0,0,0,0.999997,0.970296,0.757077
0,0,0,1,0.910717,1,0,0,0,0.950686,0.921922,0.771155
0,0,0,0.977486,0.934588,1,0,0,0,0.999998,0.935817,0.681091
0,0,0,1,0.949498,1,0,0,0,0.999999,0.936749,0.685107
0,0,0,1,0.944318,0.429515,0,0,0,0.999998,0.965381,0.741674
0,0,0,0,0,0,0,0,0,0.999996,0.951142,0.719975
0,0,0,1,0.949119,1,0,0,0,1,0.974965,0.712332
0,0,0,1,0.933695,0.927669,0,0,0,1,0.97506,0.719384
0,0,0,1,0.981536,0.295308,0,0,0,0.999969,0.912592,0.682997
0,0,0,1,0.931754,1,0,0,0,1,0.980729,0.755817
0,0,0,1,0.93614,0.498366,0,0,0,1,0.94366,0.689096
0,0,0,1,0.933722,0.92664,0,0,0,0.987228,0.954816,0.796451
0,0,0,1,0.9277,1,0,0,0,0.999545,0.99162,0.864882
0,0,0,1,0.994328,0.201776,0,0,0,0.810929,0.784154,0.600364
0,0,0,0.975977,0.919392,1,0,0,0,1,0.963369,0.73678
0,0,0,0,0,0,0,0,0,0.999997,0.939803,0.696887
0,0,0,1,0.931113,1,0,0,0,0.999998,0.948822,0.726814
0,0,0,0.982292,0.97276,0.586511,0,0,0,0.999909,0.921781,0.677901
0,0,0,1,0.984659,0.294115,0,0,0,1,0.976175,0.7478
0,0,0,1,0.934569,1,0,0,0,0.857768,0.828662,0.624752
0,0,0,1,0.975531,0.201486,0,0,0,0.863392,0.830732,0.633297
0,0,0,1,0.924823,1,0,0,0,0.999839,0.949576,0.706494
0,0,0,1,0.954843,1,0,0,0,1,0.957198,0.725551
0,0,0,1,0.944853,1,0,0,0,0.999974,0.963161,0.72952
0,0,0,0,0,0,0,0,0,0.943556,0.924415,0.742982
0,0,0,1,0.949099,1,0,0,0,0.948632,0.919931,0.768733
0,0,0,1,0.93333,0.574942,0,0,0,1,0.975716,0.7237
0,0,0,1,0.941517,1,0,0,0,0.999999,0.962036,0.706899
0,0,0,1,0.958154,0.772344,0,0,0,0.999999,0.961098,0.718693
0,0,0,0.980175,0.94505,1,0,0,0,1,0.981058,0.745213
0,0,0,1,0.965705,0.227234,0,0,0,0.949669,0.925095,0.762424
0,0,0,0,0,0,0,0,0,1,0.939137,0.688364
0,0,0,1,0.933693,0.928385,0,0,0,0.917451,0.893867,0.706697
0,0,0,0,0,0,0,0,0,0.956063,0.932944,0.718199
0,0,0,1,0.950781,1,0,0,0,0.998451,0.911338,0.67104
0,0,0,1,0.949057,1,0,0,0,1,0.97024,0.730963
0,0,0,1,0.909931,1,0,0,0,1,0.980803,0.758332
0,0,0,0,0,0,0,0,0,0.924688,0.899121,0.698844
0,0,0,1,0.939578,0.616455,0,0,0,0.891622,0.860252,0.663015
0,0,0,1,0.951028,0.286381,0,0,0,0.99998,0.970854,0.73678
0,0,0,1,0.933475,1,0,0,0,1,0.973944,0.722821
0,0,0,1,0.954761,1,0,0,0,0.928149,0.880797,0.68595
0,0,0,1,0.926558,0.699605,0,0,0,0.996544,0.970013,0.792946
0.000726198,4.05311e-06,0,1,0.969232,0.58805,0,0,0,0.999997,0.92657,0.675015
0,0,0,1,0.971125,0.200858,0,0,0,0.999999,0.954984,0.734881
0,0,0,1,0.927628,1,0,0,0,0.972882,0.954052,0.789558
0,0,0,1,0.933446,0.575714,0,0,0,0.936401,0.895888,0.726037
0,0,0,0.982183,0.984337,0.641011,0,0,0,0.999985,0.934515,0.686685
0,0,0,1,0.943807,1,0,0,0,0.999996,0.932453,0.678327
0,0,0,0,0,0,0,0,0,0.879974,0.846578,0.64646
0,0,0,0.992464,0.916978,1,0,0,0,0.999976,0.936865,0.70069
0,0,0,0,0,0,0,0,0,1,0.951233,0.699665
0,0,0,1,0.944366,0.365592,0,0,0,0.999997,0.964789,0.722821
0,0,0,1,0.976971,0.204309,0,0,0,0.991587,0.899828,0.673943
0,0,0,1,0.97366,0.196399,0,0,0,1,0.953794,0.717705
1.19209e-07,0,0,1,0.980611,0.206612,0,0,0,0.999999,0.935228,0.680029
0,0,0,1,0.949623,1,0,0,0,0.992031,0.973037,0.82176
0,0,0,1,0.984174,0.25494,0,0,0,1,0.944587,0.690768
0,0,0,0,0,0,0,0,0,0.812272,0.772874,0.583975
0,0,0,0.991422,0.930157,1,0,0,0,1,0.976625,0.722135
0,0,0,0,0,0,0,0,0,1,0.965119,0.722918
0,0,0,1,0.941327,1,0,0,0,0.999995,0.958847,0.722527
0,0,0,1,0.931944,1,0,0,0,1,0.953794,0.721939
0,0,0,1,0.950873,0.285982,0,0,0,1,0.961389,0.742235
0,0,0,1,0.935648,1,0,0,0,0.999992,0.973894,0.745213
0,0,0,0.977565,0.934605,1,0,0,0,0.999998,0.934035,0.680454
0,0,0,1,0.945345,0.926985,0,0,0,0.957675,0.932944,0.757974
0,0,0,1,0.958352,0.769891,0,0,0,0.99979,0.919643,0.689828
0,0,0,0,0,0,0,0,0,0.900179,0.868715,0.703346
0,0,0,1,0.955251,1,0,0,0,0.999967,0.953188,0.705176
0,0,0,0,0,0,0,0,0,0.993587,0.973695,0.794385
0,0,0,1,0.93778,1,0,0,0,0.908456,0.86681,0.715623
0,0,0,1,0.96478,1,0,0,0,0.999837,0.911022,0.673299
0,0,0,1,0.910585,1,0,0,0,0.999361,0.924688,0.6973
0,0,0,1,0.998514,0.231718,0,0,0,1,0.970909,0.737914
0,0,0,0,0,0,0,0,0,1,0.961893,0.739422
0,0,0,0,0,0,0,0,0,1,0.964052,0.734881
0,0,0,1,0.976931,0.195067,0,0,0,0.999998,0.94428,0.701304
0,0,0,1,0.953258,1,0,0,0,0.951051,0.926037,0.770119
0,0,0,1,0.932406,0.933268,0,0,0,0.961606,0.935582,0.771672
0,0,0,1,0.933487,0.575986,0,0,0,1,0.976758,0.723602
0,0,0,0,0,0,0,0,0,1,0.973139,0.747984
0,0,0,1,0.974183,0.490257,0,0,0,1,0.951323,0.697609
0,0,0,0,0,0,0,0,0,1,0.974869,0.746878
0,0,0,0,0,0,0,0,0,0.919643,0.894421,0.7181
0,0,0,1,0.927624,1,0,0,0,0.949949,0.918334,0.731634
0,0,0,0.978199,0.944683,1,0,0,0,0.914291,0.886813,0.677901
0,0,0,0.966474,0.935786,1,0,0,0,0.99539,0.972099,0.808974
0,0,0,1,0.968321,0.212631,0,0,0,1,0.976265,0.715225
0,0,0,0,0,0,0,0,0,0.930584,0.906983,0.71889
0,0,0,0.987957,0.997079,0.441052,0,0,0,1,0.965053,0.719482
0,0,0,1,0.934713,0.790211,0,0,0,1,0.96796,0.741487
0,0,0,1,0.909222,1,0,0,0,1,0.956957,0.720958
0,0,0,1,0.928824,0.615043,0,0,0,0.99839,0.975809,0.793906
0,0,0,1,0.915904,1,0,0,0,1,0.974629,0.719581
0,0,0,1,0.956427,0.230535,0,0,0,1,0.984396,0.723993
0,0,0,1,0.934642,0.788083,0,0,0,0.999952,0.928668,0.685529
0,0,0,1,0.937412,1,0,0,0,0.999998,0.960137,0.732209
0,0,0,1,0.949613,1,0,0,0,1,0.958615,0.729134
0,0,0,0,0,0,0,0,0,1,0.944893,0.691393
0,0,0,1,0.948597,0.310304,0,0,0,1,0.974386,0.716814
0,0,0,1,0.909476,1,0,0,0,0.999997,0.959383,0.736211
0,0,0,1,0.973413,0.195658,0,0,0,0.999299,0.951684,0.73848
0,0,0,1,0.963547,0.242829,0,0,0,1,0.95096,0.693473
0,0,0,1,0.961306,0.710087,0,0,0,1,0.958382,0.735262
0,0,0,1,0.922881,1,0,0,0,0.999997,0.973844,0.71403
0,0,0,1,0.936708,0.498426,0,0,0,0.999998,0.976175,0.737914
0,0,0,1,0.958679,0.216717,0,0,0,0.999999,0.938124,0.683631
0,0,0,0.988036,0.997081,0.441005,0,0,0,0.844409,0.804866,0.60095
0,0,0,1,0.946313,0.336682,0,0,0,0.999999,0.978426,0.729712
0,0,0,1,0.91986,1,0,0,0,0.999974,0.956145,0.7324
0,0,0,1,0.946048,1,0,0,0,0.988222,0.96525,0.817137
0,0,0,1,0.946385,1,0,0,0,0.999995,0.934395,0.682362
0,0,0,1,0.933816,0.879799,0,0,0,0.999971,0.948155,0.725746
0,0,0,1,0.963936,0.241552,0,0,0,1,0.974725,0.716318
0,0,0,1,0.95573,0.229762,0,0,0,0.999967,0.954223,0.743354
0,0,0,1,0.939836,1,0,0,0,1,0.98347,0.760828
0,0,0,0.989759,0.923351,1,0,0,0,0.999982,0.930711,0.682362
0,0,0,0.962888,0.962448,0.931957,0,0,0,1,0.973695,0.741487
0,0,0,1,0.982323,0.245028,0,0,0,0.999968,0.948155,0.721154
0,0,0,0.977801,0.934658,1,0,0,0,0.999999,0.936285,0.680985
0,0,0,1,0.977562,0.530047,0,0,0,1,0.973844,0.717012
0,0,0,1,0.954384,0.24473,0,0,0,0.999974,0.931711,0.691393
0,0,0,1,0.949377,0.336293,0,0,0,0.875574,0.844665,0.651355
0,0,0,0.987642,0.912743,1,0,0,0,1,0.960657,0.701406
0,0,0,1,0.941745,1,0,0,0,0.999998,0.965185,0.743354
0,0,0,0,0,0,0,0,0,0.962953,0.936052,0.755276
0,0,0,0.979882,0.935125,1,0,0,0,0.999655,0.945399,0.728265
0,0,0,0.991818,0.91214,1,0,0,0,0.999834,0.91611,0.676192
0,0,0,1,0.950904,1,0,0,0,0.999999,0.957596,0.743168
0,0,0,1,0.910473,1,0,0,0,0.99912,0.943556,0.72526
0,0,0,0,0,0,0,0,0,0.891434,0.859664,0.656218
2.38419e-07,0,0,1,0.950373,0.286351,0,0,0,0.76769,0.732974,0.558598
0,0,0,1,0.933967,1,0,0,0,0.999999,0.956063,0.716814
0,0,0,1,0.980055,0.325703,0,0,0,0.968441,0.944074,0.77081
0,0,0,1,0.975334,0.19224,0,0,0,1,0.957675,0.718792
0,0,0,1,0.934273,1,0,0,0,0.998888,0.963916,0.772187
0,0,0,1,0.933972,1,0,0,0,0.911338,0.886224,0.701304
0,0,0,1,0.945159,1,0,0,0,0.999968,0.945399,0.684053
0,0,0,1,0.970866,0.200183,0,0,0,0.999999,0.957912,0.72331
0,0,0,0,0,0,0,0,0,1,0.964855,0.739986
0,0,0,1,0.971196,0.204912,0,0,0,0.870597,0.839208,0.623033
0,0,0,0.992191,0.930458,1,0,0,0,1,0.974288,0.734501
0,0,0,1,0.963491,0.242694,0,0,0,0.999997,0.934035,0.687
0,0,0,1,0.997824,0.312202,0,0,0,1,0.967101,0.733356
0,0,0,1,0.934746,0.79119,0,0,0,1,0.952574,0.735831
0,0,0,1,0.93331,0.574807,0,0,0,1,0.943034,0.687
0,0,0,1,0.950292,1,0,0,0,1,0.947672,0.703753
0,0,0,1,0.933692,0.928574,0,0,0,1,0.955651,0.708818
0,0,0,0.979997,0.957836,1,0,0,0,1,0.972257,0.726426
0,0,0,1,0.936038,1,0,0,0,0.999989,0.962813,0.7324
0,0,0,0.988522,0.997091,0.440712,0,0,0,0.979036,0.952397,0.745213
0,0,0,1,0.945146,1,0,0,0,0.938237,0.913368,0.68742
0,0,0,0.96655,0.93581,1,0,0,0,1,0.981347,0.746324
0,0,0,0,0,0,0,0,0,1,0.973544,0.742982
0,0,0,1,0.980008,0.197996,0,0,0,1,0.975296,0.736969
0,0,0,1,0.95688,1,0,0,0,0.999983,0.97458,0.730386
0,0,0,1,0.948248,0.311002,0,0,0,1,0.950869,0.693784
0,0,0,0,0,0,0,0,0,0.999996,0.959078,0.715821
0,0,0,1,0.9801,0.224203,0,0,0,0.999996,0.938688,0.702224
0,0,0,1,0.939379,1,0,0,0,1,0.950595,0.692642
0,0,0,0.997467,0.922659,1,0,0,0,0.919931,0.892563,0.702122
0,0,0,1,0.919864,1,0,0,0,1,0.962108,0.701611
0,0,0,1,0.948216,0.310911,0,0,0,0.999971,0.956957,0.710829
0,0,0,0,0,0,0,0,0,0.998584,0.928668,0.701304
0,0,0,1,0.933615,0.976682,0,0,0,0.999997,0.973088,0.71889
0,0,0,0,0,0,0,0,0,0.862468,0.830319,0.610453
0,0,0,1,0.939406,1,0,0,0,0.999982,0.951684,0.718002
0,0,0,0.994731,0.921783,1,0,0,0,0.999678,0.908456,0.672547
0,0,0,1,0.951827,0.264789,0,0,0,0.999998,0.941115,0.69285
0,0,0,1,0.933691,0.928763,0,0,0,0.999998,0.944995,0.709321
0,0,0,1,0.949348,1,0,0,0,0.999186,0.964052,0.745028
0,0,0,1,0.937232,1,0,0,0,1,0.940898,0.686475
0,0,0,1,0.947705,1,0,0,0,0.999843,0.950134,0.719581
0,0,0,1,0.984018,0.201941,0,0,0,0.999998,0.962532,0.713232
0,0,0,1,0.955559,1,0,0,0,1,0.972046,0.728072
0,0,0,1,0.955891,0.230182,0,0,0,0.999992,0.975202,0.735831
0,0,0,1,0.998117,0.36989,0,0,0,1,0.975992,0.760473
0,0,0,1,0.937013,1,0,0,0,0.999944,0.956796,0.711932
0,0,0,0,0,0,0,0,0,0.961316,0.906488,0.69181
0,0,0,1,0.939451,0.615355,0,0,0,0.984155,0.966474,0.800536
0,0,0,0,0,0,0,0,0,0.937783,0.900355,0.7237
0,0,0,1,0.998398,0.210772,0,0,0,0.999913,0.953449,0.721154
0,0,0,1,0.968354,0.212718,0,0,0,0.83346,0.799755,0.576184
0,0,0,1,0.933813,0.879535,0,0,0,1,0.969149,0.75037
0,0,0,0.993012,0.917153,1,0,0,0,0.853058,0.823186,0.633183
0,0,0,1,0.95672,1,0,0,0,0.997868,0.906488,0.667798
0,0,0,1,0.956514,0.227236,0,0,0,1,0.928926,0.695752
0,0,0,1,0.970161,0.204398,0,0,0,0.990696,0.983597,0.866246
0,0,0,1,0.943658,1,0,0,0,1,0.974239,0.724286
0,0,0,0,0,0,0,0,0,0.869382,0.823754,0.610918
0,0,0,1,0.963298,0.242227,0,0,0,0.999992,0.962179,0.738103
0,0,0,0,0,0,0,0,0,0.879354,0.853791,0.665193
0,0,0,0.982291,0.924576,1,0,0,0,0.999992,0.965053,0.719778
0,0,0,1,0.933258,0.885898,0,0,0,1,0.97622,0.721449
0,0,0,1,0.933732,1,0,0,0,0.999992,0.945096,0.711431
0,0,0,0,0,0,0,0,0,0.891622,0.866246,0.675444
0,0,0,0.993803,0.950252,0.853153,0,0,0,1,0.97024,0.715126
0,0,0,1,0.933748,1,0,0,0,1,0.973139,0.716814
0,0,0,0.981956,0.958116,1,0,0,0,0.999999,0.939582,0.685213
0,0,0,0.973009,0.913649,1,0,0,0,1,0.97231,0.732592
0,0,0,0,0,0,0,0,0,0.973993,0.946101,0.766643
0,0,0,1,0.934999,0.535619,0,0,0,0.999897,0.91804,0.675978
0,0,0,1,0.968408,0.212853,0,0,0,0.983785,0.886813,0.673084
0,0,0,1,0.975284,0.192073,0,0,0,0.977714,0.957038,0.789234
0,0,0,1,0.933616,0.976626,0,0,0,0.922622,0.885434,0.715225
0,0,0,1,0.978531,0.207486,0,0,0,0.997739,0.967349,0.796134
0,0,0,1,0.969046,0.591135,0,0,0,0.999843,0.942612,0.69946
0,0,0,0.982861,0.924809,1,0,0,0,1,0.972046,0.738858
0,0,0,1,0.933926,1,0,0,0,0.999997,0.924005,0.681303
0,0,0,1,0.938506,0.427885,0,0,0,0.999296,0.971074,0.780495
0,0,0,0.994496,0.909013,1,0,0,0,0.991716,0.984694,0.858125
0,0,0,1,0.941621,1,0,0,0,0.996264,0.920361,0.700895
0,0,0,1,0.934466,1,0,0,0,1,0.959459,0.730674
0,0,0,1,0.935784,0.700517,0,0,0,1,0.959383,0.738858
2.98019e-05,3.69548e-06,0,1,0.949601,1,0,0,0,0.99999,0.923592,0.672224
0,0,0,0.968025,0.930909,1,0,0,0,0.999843,0.932083,0.685634
0,0,0,1,0.937959,0.463652,0,0,0,1,0.957358,0.7324
0,0,0,1,0.941623,1,0,0,0,0.999968,0.970688,0.726134
0,0,0,0,0,0,0,0,0,0.999996,0.933066,0.686895
0,0,0,1,0.938015,1,0,0,0,0.999998,0.964321,0.736969
0,0,0,1,0.946052,1,0,0,0,0.999993,0.96175,0.723895
0,0,0,0.996013,0.90953,1,0,0,0,1,0.961822,0.738858
0,0,0,1,0.945918,1,0,0,0,0.999997,0.926835,0.684791
0,0,0,1,0.945293,1,0,0,0,1,0.95846,0.737158
0,0,0,1,0.976909,0.194983,0,0,0,1,0.978219,0.744842
0,0,0,1,0.933472,1,0,0,0,1,0.976758,0.719876
0,0,0,1,0.928139,1,0,0,0,0.939471,0.91611,0.737158
0,0,0,1,0.980055,0.325728,0,0,0,0.999987,0.964589,0.737536
0,0,0,1,0.931842,1,0,0,0,0.999999,0.938124,0.681727
0,0,0,0,0,0,0,0,0,1,0.974435,0.743168
0,0,0,1,0.935335,0.745791,0,0,0,0.999999,0.960657,0.732018
0,0,0,1,0.933743,1,0,0,0,1,0.951953,0.726911
0,0,0,1,0.954387,0.244739,0,0,0,1,0.97231,0.730001
0,0,0,1,0.925398,0.743299,0,0,0,1,0.97801,0.73412
0,0,0,0,0,0,0,0,0,1,0.975437,0.748168
0,0,0,1,0.936198,0.656641,0,0,0,1,0.974773,0.755637
0,0,0,0,0,0,0,0,0,0.971184,0.946794,0.78083
0,0,0,0,0,0,0,0,0,0.981701,0.959307,0.787278
0,0,0,1,0.961173,0.263082,0,0,0,1,0.9666,0.729327
0,0,0,1,0.932382,0.933848,0,0,0,0.999999,0.932207,0.678647
0.00342592,0.000496503,0,0,0,0,0,0,0,0.863737,0.824179,0.596433
0,0,0,1,0.933693,1,0,0,0,1,0.971074,0.745213
0,0,0,1,0.910282,1,0,0,0,0.999747,0.911495,0.673406
0,0,0,0,0,0,0,0,0,0.802091,0.762247,0.578091
0,0,0,0.980318,0.984222,0.642681,0,0,0,0.999977,0.953708,0.701713
0,0,0,1,0.957523,1,0,0,0,1,0.97506,0.747984
0,0,0,1,0.924862,1,0,0,0,0.781831,0.729423,0.49477
0,0,0,1,0.94409,1,0,0,0,0.999998,0.927888,0.679179
0,0,0,1,0.946059,1,0,0,0,0.999958,0.969728,0.741487
0,0,0,0.992254,0.95008,0.855053,0,0,0,1,0.979275,0.712232
0,0,0,1,0.94077,0.576312,0,0,0,1,0.964656,0.709824
0,0,0,1,0.935476,1,0,0,0,0.999995,0.93233,0.68458
0,0,0,1,0.942081,1,0,0,0,1,0.947866,0.701815
0,0,0,1,0.944326,0.365464,0,0,0,0.963984,0.937783,0.787278
0,0,0,1,0.933998,0.834758,0,0,0,0.806091,0.762954,0.555315
0,0,0,0,0,0,0,0,0,1,0.967717,0.731634
0,0,0,0,0,0,0,0,0,0.870046,0.840783,0.643553
0,0,0,0.963262,0.962497,0.931438,0,0,0,0.989098,0.964589,0.77081
0,0,0,1,0.950888,0.286022,0,0,0,0.99996,0.966156,0.70253
0,0,0,1,0.937744,0.463068,0,0,0,0.875999,0.847716,0.643665
0,0,0,1,0.994303,0.201642,0,0,0,1,0.977023,0.739986
0,0,0,1,0.949281,1,0,0,0,1,0.977328,0.716615
0,0,0,1,0.935206,0.743289,0,0,0,0.925769,0.892375,0.705278
0,0,0,1,0.998122,0.368766,0,0,0,0.999998,0.956472,0.736401
0,0,0,1,0.952511,0.263176,0,0,0,0.883437,0.827967,0.670716
0,0,0,1,0.954813,1,0,0,0,0.923454,0.897516,0.696062
0,0,0,1,0.947755,1,0,0,0,0.999999,0.950134,0.7324
0,0,0,1,0.975557,0.201589,0,0,0,1,0.976669,0.706393
0,0,0,0.992436,0.930537,1,0,0,0,1,0.972727,0.749637
0,0,0,1,0.932596,1,0,0,0,0.999224,0.962883,0.714827
0,0,0,0.970217,0.941,1,0,0,0,1,0.977671,0.732018
0,0,0,0,0,0,0,0,0,0.930078,0.892375,0.726329
0,0,0,1,0.949328,1,0,0,0,0.979275,0.959837,0.791821
0,0,0,0,0,0,0,0,0,1,0.949201,0.698227
0,0,0,1,0.935984,1,0,0,0,0.999998,0.954052,0.725065
0,0,0,1,0.93316,1,0,0,0,0.996663,0.947088,0.732974
0,0,0,1,0.935147,0.536452,0,0,0,0.872782,0.824321,0.603873
0,0,0,0,0,0,0,0,0,1,0.972415,0.739986
0,0,0,1,0.97914,0.216492,0,0,0,0.999998,0.938237,0.683208
0,0,0,0,0,0,0,0,0,0.794544,0.754553,0.552359
0,0,0,1,0.936227,0.748122,0,0,0,0.999999,0.946695,0.730866
0,0,0,0.98882,0.997096,0.440534,0,0,0,0.999995,0.963437,0.713631
0,0,0,0,0,0,0,0,0,0.999988,0.936285,0.694303
0,0,0,1,0.935117,0.53629,0,0,0,0.999999,0.959231,0.726523
0,0,0,1,0.958332,0.770136,0,0,0,1,0.973241,0.755096
0,0,0,1,0.947889,1,0,0,0,1,0.973894,0.730482
0,0,0,1,0.937474,0.46227,0,0,0,0.999996,0.964321,0.739986
0,0,0,1,0.933374,0.575236,0,0,0,1,0.982083,0.754734
0,0,0,0,0,0,0,0,0,0.803791,0.774754,0.578389
0,0,0,1,0.975535,0.201503,0,0,0,0.99983,0.953013,0.733929
0,0,0,1,0.955559,1,0,0,0,0.869715,0.837088,0.636466
0,0,0,1,0.933259,0.883364,0,0,0,0.999992,0.92657,0.673514
0.000206211,7.74857e-06,0,0.991349,0.91418,1,0,0,0,0.781331,0.744842,0.564279
0,0,0,0.989058,0.913461,1,0,0,0,0.999927,0.961098,0.735642
0,0,0,1,0.940819,1,0,0,0,0.999427,0.964522,0.756358
0,0,0,1,0.980133,0.224437,0,0,0,0.999997,0.970909,0.742235
0,0,0,1,0.945203,1,0,0,0,0.971779,0.949763,0.781497
0,0,0,0,0,0,0,0,0,0.852322,0.822046,0.621656
0,0,0,1,0.963317,0.242274,0,0,0,0.984752,0.918918,0.697815
0,0,0,1,0.956529,0.227275,0,0,0,0.996307,0.906156,0.680029
0,0,0,1,0.978718,0.194944,0,0,0,0.997901,0.92657,0.690455
0,0,0,0.97084,0.941203,1,0,0,0,0.999999,0.946101,0.709623
0,0,0,1,0.951474,1,0,0,0,0.999987,0.968261,0.741112
0,0,0,1,0.946624,1,0,0,0,0.99341,0.962743,0.751648
0,0,0,1,0.982079,0.211203,0,0,0,0.999992,0.961606,0.738103
0,0,0,1,0.937883,1,0,0,0,0.999804,0.93835,0.729905
0,0,0,0,0,0,0,0,0,0.879871,0.84556,0.646572
0,0,0,1,0.935019,0.535735,0,0,0,1,0.965835,0.744285
0,0,0,1,0.976866,0.203835,0,0,0,1,0.946695,0.694924
0,0,0,0.993903,0.908833,1,0,0,0,0.987424,0.940681,0.739611
0,0,0,0.977243,0.908625,1,0,0,0,1,0.980243,0.747063
0,0,0,0.969194,0.975182,0.77356,0,0,0,0.997122,0.962603,0.781831
0.000428108,3.58814e-05,0,0.991038,0.930088,1,0.0532532,0,0,0.678647,0.6508,0.518104
0,0,0,1,0.975509,0.192824,0,0,0,0.981058,0.961171,0.792946
0,0,0,1,0.934262,1,0,0,0,1,0.968974,0.723505
0,0,0,1,0.957232,1,0,0,0,1,0.950503,0.701304
0,0,0,1,0.94575,1,0,0,0,0.955899,0.928279,0.746693
0,0,0,0,0,0,0,0,0,0.999997,0.955152,0.74055
0,0,0,1,0.936826,0.498996,0,0,0,0.876211,0.82755,0.63861
0,0,0,0.967735,0.936266,1,0,0,0,0.999993,0.932576,0.683631
0,0,0,0,0,0,0,0,0,0.979116,0.934873,0.717903
0,0,0,1,0.954006,1,0,0,0,1,0.943452,0.68595
0,0,0,1,0.948769,0.310777,0,0,0,1,0.96856,0.741674
0,0,0,1,0.96839,0.212808,0,0,0,0.999981,0.953794,0.707506
0,0,0,0.996266,0.922277,1,0,0,0,1,0.963712,0.715126
0,0,0,0.987825,0.913068,1,0,0,0,1,0.958382,0.727201
0,0,0,1,0.941879,0.53717,0,0,0,0.999573,0.928279,0.715126
0,0,0,1,0.926865,1,0,0,0,0.998352,0.953966,0.743354
0,0,0,0.962488,0.94895,1,0,0,0,1,0.974435,0.716715
0,0,0,0,0,0,0,0,0,0.898767,0.86916,0.7011
0,0,0,1,0.976999,0.204432,0,0,0,0.999998,0.939471,0.695855
0,0,0,0.988483,0.99709,0.440736,0,0,0,1,0.977543,0.727395
0,0,0,0,0,0,0,0,0,0.855369,0.825027,0.610628
0,0,0,1,0.926715,1,0,0,0,0.988403,0.979116,0.833053
0,0,0,0.979847,0.984193,0.643105,0,0,0,0.99996,0.9549,0.742235
0,0,0,1,0.911102,1,0,0,0,0.979938,0.959611,0.795817
0,0,0,1,0.939728,0.61773,0,0,0,1,0.973745,0.7478
0,0,0,0.967494,0.928917,1,0,0,0,0.999987,0.949949,0.718298
0,0,0,1,0.946339,0.33676,0,0,0,0.839208,0.809577,0.611498
0,0,0,1,0.949241,0.429189,0,0,0,0.999834,0.974141,0.757974
0,0,0,1,0.9723,0.202075,0,0,0,0.881615,0.853913,0.662687
0,0,0,1,0.948919,1,0,0,0,0.999821,0.965771,0.743727
0,0,0,1,0.923952,1,0,0,0,0.999974,0.955236,0.7413
0,0,0,1,0.92771,1,0,0,0,1,0.956391,0.728072
0,0,0,1,0.95709,1,0,0,0,0.999979,0.919063,0.692018
0,0,0,1,0.984084,0.253834,0,0,0,1,0.976084,0.740925
0,0,0,0,0,0,0,0,0,0.959837,0.932576,0.758511
0,0,0,1,0.919486,1,0,0,0,1,0.980015,0.733356
0,0,0,0.981249,0.98428,0.641845,0,0,0,0.999999,0.964321,0.745398
0,0,0,1,0.95183,0.264797,0,0,0,1,0.959762,0.701815
0,0,0,1,0.956448,0.227072,0,0,0,1,0.971564,0.723016
0,0,0,1,0.973929,0.453863,0,0,0,0.999998,0.943138,0.723895
0,0,0,0.996154,0.90957,1,0,0,0,0.999981,0.92657,0.680666
0,0,0,1,0.940776,0.576356,0,0,0,0.999905,0.946399,0.687945
0,0,0,1,0.955251,1,0,0,0,0.996116,0.96525,0.803482
0,0,0,1,0.948993,0.336167,0,0,0,0.999934,0.973993,0.748536
0,0,0,1,0.925439,1,0,0,0,1,0.980091,0.728362
0,0,0,1,0.961014,0.262692,0,0,0,0.999997,0.961461,0.712132
0,0,0,1,0.975574,0.193043,0,0,0,0.993123,0.978631,0.833325
0,0,0,1,0.93338,1,0,0,0,1,0.968441,0.732974
0,0,0,1,0.939572,1,0,0,0,1,0.976847,0.743354
0,0,0,1,0.946676,0.336595,0,0,0,0.972779,0.934275,0.717507
0,0,0,0,0,0,0,0,0,0.999999,0.960137,0.732974
0,0,0,1,0.911291,1,0,0,0,0.999998,0.956391,0.701917
0,0,0,1,0.922775,1,0,0,0,0.999792,0.949295,0.720368
0,0,0,0.979146,0.944859,1,0,0,0,1,0.971833,0.724968
0,0,0,0.979027,0.934935,1,0,0,0,1,0.975012,0.721056
0,0,0,1,0.926892,1,0,0,0,0.999995,0.962743,0.742982
0,0,0,1,0.90948,1,0,0,0,1,0.975716,0.719679
0,0,0,1,0.937376,0.702908,0,0,0,0.954052,0.912124,0.691914
0,0,0,0.969415,0.931293,1,0,0,0,0.969032,0.94366,0.790045
0,0,0,0,0,0,0,0,0,1,0.968974,0.739986
0,0,0,1,0.935202,1,0,0,0,1,0.9633,0.722233
0,0,0,1,0.933458,0.981327,0,0,0,0.949669,0.906653,0.702122
0,0,0,1,0.951539,1,0,0,0,1,0.951414,0.726134
0,0,0,1,0.939513,0.615891,0,0,0,0.988222,0.950227,0.787605
0,0,0,0,0,0,0,0,0,0.999999,0.931836,0.684897
0,0,0,1,0.94738,0.364883,0,0,0,0.999797,0.965964,0.737158
0,0,0,0.992935,0.908649,1,0,0,0,0.913984,0.880181,0.676192
2.86102e-06,0,0,0,0,0,0,0,0,0.856332,0.818156,0.615088
0,0,0,0.984023,0.984449,0.639385,0,0,0,0.941115,0.918626,0.756897
0,0,0,1,0.976893,0.185303,0,0,0,0.999985,0.958382,0.710528
0,0,0,1,0.937399,0.703199,0,0,0,0.999988,0.967101,0.708717
0,0,0,1,0.948425,1,0,0,0,0.999997,0.952309,0.7181
0,0,0,0,0,0,0,0,0,0.999998,0.955734,0.736021
0,0,0,1,0.959615,1,0,0,0,1,0.947088,0.690455
0,0,0,1,0.982125,0.211487,0,0,0,0.988177,0.956634,0.798972
0,0,0,0,0,0,0,0,0,1,0.963022,0.732783
0,0,0,1,0.980154,0.198673,0,0,0,0.950686,0.919498,0.767516
0,0,0,1,0.937548,0.4626,0,0,0,0.8321,0.798501,0.605449
0,0,0,1,0.973938,0.453584,0,0,0,0.999563,0.947478,0.739422
0,0,0,1,0.935301,1,0,0,0,0.999919,0.915959,0.669637
0,0,0,0.982371,0.971385,0.84141,0,0,0,1,0.9775,0.753285
0,0,0,1,0.947795,1,0,0,0,1,0.968201,0.71721
0,0,0,1,0.93535,0.746045,0,0,0,1,0.938801,0.684159
0,0,0,1,0.950735,0.309247,0,0,0,0.999999,0.971129,0.736211
2.14574e-05,1.54972e-06,0,1,0.955628,1,0,0,0,0.999925,0.91848,0.673084
0,0,0,1,0.932989,1,0,0,0,0.930711,0.897156,0.718298
0,0,0,0.990424,0.913891,1,0,0,0,1,0.935346,0.688364
0,0,0,0.991337,0.930185,1,0,0,0,0.993436,0.948442,0.735642
0,0,0,1,0.981586,0.20187,0,0,0,0.999995,0.943138,0.706494
0,0,0,1,0.941387,1,0,0,0,1,0.955981,0.694406
0,0,0,1,0.953521,1,0,0,0,1,0.942823,0.688259
0,0,0,1,0.933258,0.883315,0,0,0,1,0.966474,0.744285
0,0,0,1,0.937565,1,0,0,0,1,0.976401,0.724383
0,0,0,1,0.947968,0.464143,0,0,0,1,0.963231,0.73848
0,0,0,1,0.949878,1,0,0,0,0.999981,0.921358,0.672654
0,0,0,1,0.932384,0.934938,0,0,0,0.984094,0.943243,0.739611
0,0,0,1,0.940624,0.575272,0,0,0,1,0.955981,0.693577
0,0,0,0,0,0,0,0,0,1,0.936518,0.683314
0,0,0,1,0.931556,1,0,0,0,1,0.968679,0.739986
0,0,0,1,0.93744,1,0,0,0,0.983343,0.965119,0.791499
0,0,0,1,0.932817,1,0,0,0,0.999614,0.948251,0.717804
0,0,0,1,0.950743,0.285646,0,0,0,1,0.973342,0.726523
0,0,0,1,0.968454,0.21297,0,0,0,0.999999,0.974141,0.735262
0,0,0,1,0.942756,0.46487,0,0,0,0.999999,0.956553,0.742048
0,0,0,1,0.935156,0.536509,0,0,0,0.999038,0.969149,0.767516
0,0,0,1,0.973392,0.195594,0,0,0,0.839603,0.812719,0.624408
0,0,0,1,0.955343,1,0,0,0,0.989511,0.977328,0.804252
0,0,0,1,0.933263,0.882223,0,0,0,0.873107,0.788909,0.622287
0,0,0,0,0,0,0,0,0,0.966474,0.942295,0.728265
0,0,0,1,0.935223,0.743694,0,0,0,0.999999,0.967472,0.717408
0,0,0,0,0,0,0,0,0,0.985828,0.933552,0.71403
0,0,0,1,0.955576,1,0,0,0,0.999643,0.914444,0.671578
0,0,0,1,0.951119,1,0,0,0,0.999997,0.958069,0.722918
0,0,0,1,0.939483,0.615636,0,0,0,0.989751,0.970521,0.801625
0,0,0,1,0.950286,1,0,0,0,0.999943,0.952486,0.72952
0,0,0,1,0.978578,0.194386,0,0,0,1,0.990839,0.750736
0,0,0,1,0.948068,0.464265,0,0,0,0.999974,0.920932,0.67104
0,0,0,1,0.943897,1,0,0,0,0.968856,0.945701,0.746878
0,0,0,1,0.969064,0.590827,0,0,0,1,0.963437,0.740737
0,0,0,1,0.944397,0.365689,0,0,0,0.999977,0.933552,0.690872
0,0,0,0,0,0,0,0,0,0.995583,0.930332,0.689828
0,0,0,1,0.939831,1,0,0,0,0.999962,0.972675,0.744285
0,0,0,1,0.947458,1,0,0,0,0.99884,0.961678,0.7413
0,0,0,0.976136,0.919446,1,0,0,0,0.999996,0.97458,0.735071
0,0,0,0,0,0,0,0,0,1,0.961606,0.733547
0,0,0,1,0.950889,0.286023,0,0,0,1,0.960435,0.7413
0,0,0,0.986587,0.97115,0.639396,0,0,0,0.999997,0.953535,0.700895
0,0,0,0,0,0,0,0,0,0.999395,0.941654,0.723407
5.84108e-05,0,0,0,0,0,0,0,0,0.845942,0.811377,0.638159
0,0,0,1,0.934447,1,0,0,0,0.999999,0.957517,0.689724
0,0,0,0,0,0,0,0,0,0.980876,0.954478,0.752922
0,0,0,1,0.976938,0.195093,0,0,0,1,0.958382,0.737158
0,0,0,1,0.98226,0.212333,0,0,0,0.999978,0.933188,0.688783
0,0,0,1,0.933266,0.883911,0,0,0,0.82741,0.79534,0.617859
0,0,0,1,0.975537,0.192921,0,0,0,0.999834,0.968856,0.732974
0,0,0,1,0.99434,0.20184,0,0,0,0.999997,0.950411,0.745954
0,0,0,1,0.950879,0.285998,0,0,0,0.8874,0.837487,0.624752
0,0,0,1,0.935162,0.742491,0,0,0,0.999991,0.951684,0.711832
0,0,0,1,0.95003,1,0,0,0,0.999999,0.963848,0.688992
0,0,0,0.981879,0.972738,0.586848,0,0,0,0.99478,0.921499,0.690976
0,0,0,1,0.933645,1,0,0,0,0.998573,0.912124,0.681303
0,0,0,1,0.927709,0.656959,0,0,0,0.999992,0.958226,0.732018
0,0,0,0,0,0,0,0,0,0.926703,0.903635,0.717012
0,0,0,1,0.980401,0.408805,0,0,0,0.99999,0.973292,0.719581
0,0,0,0,0,0,0,0,0,0.915959,0.845815,0.657648
0,0,0,0,0,0,0,0,0,0.993385,0.969032,0.812867
0,0,0,0,0,0,0,0,0,1,0.966474,0.742422
0,0,0,1,0.964458,1,0,0,0,0.999997,0.963575,0.706798
0,0,0,1,0.943535,1,0,0,0,1,0.951594,0.704465
0,0,0,1,0.934925,0.535199,0,0,0,0.996727,0.945601,0.735071
0,0,0,0,0,0,0,0,0,0.899475,0.868604,0.674158
0,0,0,1,0.946967,1,0,0,0,0.932083,0.90599,0.742608
0,0,0,1,0.931872,1,0,0,0,1,0.964187,0.734501
0,0,0,1,0.951877,0.264916,0,0,0,0.967163,0.942929,0.772015
0,0,0,0,0,0,0,0,0,0.999999,0.951594,0.726523
0,0,0,1,0.926656,1,0,0,0,0.863966,0.835484,0.633637
0,0,0,1,0.934297,1,0,0,0,0.999991,0.963916,0.723993
0,0,0,0.96693,0.935934,1,0,0,0,0.999991,0.973795,0.723407
0,0,0,1,0.981319,0.345437,0,0,0,0.999994,0.928018,0.676086
0,0,0,0,0,0,0,0,0,0.819026,0.788746,0.58439
0,0,0,1,0.933261,0.574474,0,0,0,0.999996,0.964119,0.739422
0,0,0,1,0.933269,0.882748,0,0,0,1,0.949295,0.694613
0,0,0,0,0,0,0,0,0,0.896976,0.868493,0.657868
0,0,0,1,0.950311,1,0,0,0,0.952838,0.922482,0.768733
0,0,0,1,0.959803,0.209005,0,0,0,0.999998,0.953275,0.732592
0,0,0,0,0,0,0,0,0,0.872998,0.803328,0.608769
0,0,0,0.968463,0.936445,1,0,0,0,0.999942,0.941223,0.701917
0,0,0,0,0,0,0,0,0,0.915053,0.868493,0.675229
0,0,0,1,0.909498,1,0,0,0,1,0.955486,0.695855
0,0,0,1,0.94135,1,0,0,0,0.999996,0.940463,0.690455
0,0,0,1,0.96773,0.639909,0,0,0,0.98599,0.970409,0.817429
0,0,0,1,0.934638,0.788185,0,0,0,0.991587,0.909103,0.678114
8.12974e-05,4.29153e-06,0,1,0.937328,0.702239,0,0,0,0.999979,0.92657,0.68056
0,0,0,1,0.950709,1,0,0,0,1,0.976847,0.752377
0,0,0,1,0.96129,0.263369,0,0,0,1,0.957991,0.729231
0,0,0,1,0.977074,0.204769,0,0,0,0.99999,0.921074,0.674908
0,0,0,1,0.952769,0.26382,0,0,0,0.984635,0.931711,0.704872
0,0,0,0,0,0,0,0,0,0.832917,0.797557,0.593609
0,0,0,0.964152,0.962614,0.93021,0,0,0,0.999994,0.962673,0.739799
0,0,0,0.97792,0.934686,1,0,0,0,0.997659,0.943867,0.744471
0,0,0,1,0.955231,1,0,0,0,1,0.98222,0.775095
0,0,0,0,0,0,0,0,0,0.979433,0.943971,0.758868
0.273958,0.0783621,0.0030168,0,0,0,0,0,0,0.999944,0.9666,0.722527
0,0,0,1,0.933564,0.978067,0,0,0,1,0.979551,0.738292
0,0,0,1,0.933259,0.884689,0,0,0,0.999999,0.965381,0.736969
0,0,0,1,0.951546,1,0,0,0,0.990404,0.983214,0.865338
0,0,0,1,0.946118,0.396976,0,0,0,1,0.980913,0.762424
0.0121296,0.00108517,0,1,0.969077,0.590608,0,0,0,0.876845,0.849472,0.693784
0,0,0,0,0,0,0,0,0,0.999995,0.93835,0.697609
0,0,0,1,0.980024,0.19807,0,0,0,0.999987,0.964987,0.741487
0,0,0,1,0.985089,0.210839,0,0,0,0.999913,0.91848,0.67405
0,0,0,1,0.917795,1,0,0,0,0.990551,0.971019,0.812867
0,0,0,1,0.949322,1,0,0,0,1,0.975484,0.72331
0,0,0,0,0,0,0,0,0,0.976175,0.932699,0.727298
0,0,0,1,0.936287,0.498806,0,0,0,0.999999,0.938463,0.699562
0,0,0,1,0.931415,1,0,0,0,0.955817,0.926037,0.760828
0,0,0,0,0,0,0,0,0,0.863852,0.824885,0.68784
0,0,0,1,0.980243,0.199084,0,0,0,0.999969,0.923868,0.674801
0,0,0,0.967484,0.936205,1,0,0,0,0.999849,0.971184,0.740362
0,0,0,1,0.934892,0.535007,0,0,0,0.999948,0.961461,0.734501
0,0,0,1,0.981326,0.346153,0,0,0,0.967839,0.940898,0.789396
0,0,0,1,0.953379,1,0,0,0,1,0.967287,0.719285
0,0,0,0.968242,0.975094,0.774618,0,0,0,0.999998,0.965706,0.712132
0,0,0,0.992754,0.919788,1,0,0,0,0.946001,0.92657,0.749454
0,0,0,0.988188,0.997084,0.440913,0,0,0,0.999998,0.952397,0.710929
0,0,0,1,0.953632,0.246221,0,0,0,1,0.972779,0.730866
0,0,0,1,0.946031,0.337219,0,0,0,1,0.974141,0.730001
0,0,0,1,0.937941,1,0,0,0,0.997766,0.971402,0.779154
0.00399007,0.000554646,0,0,0,0,0,0,0,0.852813,0.817574,0.631026
0,0,0,1,0.971163,0.20482,0,0,0,1,0.951414,0.715225
0,0,0,1,0.946274,0.336566,0,0,0,0.999695,0.915658,0.68056
0,0,0,1,0.944381,0.365639,0,0,0,0.999983,0.963643,0.750004
0,0,0,0,0,0,0,0,0,0.855006,0.825449,0.622918
0,0,0,1,0.955648,1,0,0,0,0.999978,0.948251,0.723505
0,0,0,1,0.934287,1,0,0,0,0.999978,0.951504,0.740174
0,0,0,1,0.94894,1,0,0,0,0.999584,0.953101,0.722723
0,0,0,1,0.934669,0.788963,0,0,0,0.999349,0.930458,0.694095
0,0,0,0.995642,0.922077,1,0,0,0,0.98599,0.957437,0.803174
0,0,0,1,0.952484,0.263107,0,0,0,0.999999,0.974141,0.755457
0,0,0,1,0.958612,1,0,0,0,1,0.979076,0.754915
0,0,0,0.991761,0.950026,0.855661,0,0,0,0.999988,0.962532,0.719975
0,0,0,0.988699,0.997094,0.440606,0,0,0,0.999986,0.9549,0.728459
0,0,0,1,0.934012,0.835327,0,0,0,0.855369,0.81538,0.608012
0,0,0,1,0.958175,0.772083,0,0,0,1,0.955651,0.694199
0,0,0,1,0.982329,0.212761,0,0,0,1,0.968679,0.740174
0,0,0,1,0.961511,0.707428,0,0,0,1,0.973494,0.747247
0,0,0,1,0.933998,0.834235,0,0,0,0.999999,0.940243,0.713931
0,0,0,0.9937,0.920002,1,0,0,0,1,0.960063,0.723993
0,0,0,1,0.942347,1,0,0,0,1,0.975992,0.758511
0,0,0,1,0.934456,1,0,0,0,1,0.962321,0.735071
0,0,0,1,0.933688,1,0,0,0,1,0.948822,0.691289
0,0,0,1,0.909323,1,0,0,0,0.999997,0.966028,0.716119
0,0,0,0,0,0,0,0,0,0.99932,0.936168,0.700178
0,0,0,1,0.975331,0.192231,0,0,0,0.87213,0.827131,0.638046
0,0,0,0.981822,0.945352,1,0,0,0,0.999829,0.952131,0.712132
0,0,0,0.995829,0.909478,1,0,0,0,0.997686,0.932453,0.708616
0,0,0,1,0.952518,0.263192,0,0,0,0.999998,0.962532,0.729134
0,0,0,1,0.933701,1,0,0,0,0.858955,0.827828,0.616301
0,0,0,1,0.938947,1,0,0,0,0.996378,0.961389,0.792785
0,0,0,1,0.939765,1,0,0,0,0.999993,0.957278,0.742982
0,0,0,1,0.950863,0.309596,0,0,0,0.996777,0.926835,0.694717
0,0,0,1,0.932848,1,0,0,0,0.987277,0.900004,0.673514
0,0,0,1,0.974656,0.191083,0,0,0,0.999999,0.953535,0.71413
0,0,0,0,0,0,0,0,0,0.99976,0.913522,0.67104
0,0,0,1,0.942294,1,0,0,0,1,0.955981,0.698638
0,0,0,1,0.933647,1,0,0,0,1,0.981453,0.740925
0,0,0,1,0.941654,1,0,0,0,1,0.938688,0.680772
0,0,0,0.970009,0.940932,1,0,0,0,1,0.975202,0.724383
0,0,0,1,0.933704,1,0,0,0,1,0.979235,0.720958
0,0,0,1,0.944832,1,0,0,0,0.999999,0.955236,0.741674
0,0,0,1,0.938822,1,0,0,0,1,0.972934,0.744656
0,0,0,0.981542,0.984297,0.641584,0,0,0,1,0.97658,0.742608
0,0,0,1,0.941677,0.535976,0,0,0,0.990696,0.900879,0.669096
0,0,0,0.992423,0.908501,1,0,0,0,1,0.975855,0.721056
0,0,0,1,0.938199,1,0,0,0,0.999995,0.931338,0.695648
0,0,0,1,0.975641,0.20191,0,0,0,0.999995,0.958069,0.706494
0,0,0,1,0.935193,0.743053,0,0,0,1,0.976038,0.719778
0,0,0,0,0,0,0,0,0,0.999999,0.955236,0.731059
0,0,0,1,0.982642,0.226701,0,0,0,0.999998,0.948155,0.71123
0,0,0,0,0,0,0,0,0,0.999999,0.953535,0.717309
0,0,0,0.990179,0.918448,1,0,0,0,1,0.961316,0.725357
0,0,0,1,0.935179,0.536635,0,0,0,0.999361,0.9455,0.735642
0,0,0,0.989917,0.938853,1,0,0,0,1,0.979076,0.730674
0,0,0,1,0.936236,0.748275,0,0,0,1,0.960287,0.73848
0,0,0,1,0.968624,0.213402,0,0,0,0.972934,0.935346,0.749637
0,0,0,1,0.935204,0.743362,0,0,0,0.999906,0.957198,0.730578
0,0,0,1,0.964848,1,0,0,0,0.997817,0.917006,0.678859
0,0,0,1,0.937443,1,0,0,0,0.909907,0.883638,0.697506
0,0,0,0,0,0,0,0,0,0.999985,0.949389,0.719778
0,0,0,1,0.949047,0.309997,0,0,0,0.947186,0.912903,0.741487
0,0,0,1,0.934306,1,0,0,0,0.999991,0.951414,0.72594
0,0,0,0.99329,0.930808,1,0,0,0,1,0.969613,0.731251
0,0,0,0.977705,0.961722,0.769225,0,0,0,0.948728,0.919208,0.734501
0,0,0,1,0.935618,1,0,0,0,1,0.977629,0.752559
0,0,0,1,0.949392,1,0,0,0,0.955899,0.908942,0.724286
0,0,0,0,0,0,0,0,0,0.919643,0.895157,0.732018
0,0,0,1,0.980176,0.198775,0,0,0,0.999973,0.928668,0.680666
0,0,0,1,0.949255,0.287676,0,0,0,0.99876,0.939692,0.713831
0,0,0,1,0.94621,0.336375,0,0,0,0.899828,0.871803,0.697815
2.50339e-06,1.19209e-07,0,1,0.944212,1,0,0,0,0.999995,0.924415,0.672009
0,0,0,0,0,0,0,0,0,1,0.974869,0.745028
0,0,0,0,0,0,0,0,0,0.894789,0.824037,0.669313
0,0,0,1,0.982618,0.226514,0,0,0,0.999999,0.952309,0.733165
0,0,0,0.988412,0.997088,0.440779,0,0,0,1,0.969382,0.739046
0,0,0,1,0.936134,0.655947,0,0,0,1,0.976038,0.72027
0,0,0,0,0,0,0,0,0,0.999922,0.918918,0.676727
0,0,0,1,0.949304,0.429439,0,0,0,0.95096,0.931587,0.757974
0,0,0,0,0,0,0,0,0,1,0.948537,0.709925
0,0,0,0.984598,0.984484,0.63888,0,0,0,1,0.951323,0.718298
0,0,0,1,0.981334,0.346933,0,0,0,1,0.942612,0.687
0,0,0,1,0.934768,0.791904,0,0,0,1,0.97024,0.743727
0,0,0,0.98967,0.923334,1,0,0,0,0.998427,0.992988,0.892937
0,0,0,1,0.933257,0.883201,0,0,0,1,0.966156,0.722135
0,0,0,1,0.95417,0.244197,0,0,0,1,0.963506,0.725162
0,0,0,1,0.973586,0.19618,0,0,0,1,0.935228,0.69285
0,0,0,1,0.933274,0.88569,0,0,0,0.998584,0.961244,0.742235
0,0,0,1,0.944299,0.36538,0,0,0,1,0.961098,0.708313
0,0,0,0,0,0,0,0,0,1,0.96622,0.722918
0,0,0,0,0,0,0,0,0,0.957278,0.928926,0.76366
0,0,0,0.977802,0.961731,0.769117,0,0,0,0.790854,0.763131,0.57332
0,0,0,1,0.953384,1,0,0,0,1,0.976356,0.741674
0,0,0,1,0.973948,0.453289,0,0,0,0.903635,0.879974,0.696578
0,0,0,1,0.976984,0.204365,0,0,0,1,0.952838,0.724968
0,0,0,0,0,0,0,0,0,0.732592,0.697197,0.532152
0,0,0,1,0.978567,0.194343,0,0,0,0.999996,0.937096,0.681833
0,0,0,1,0.927264,1,0,0,0,0.999998,0.949482,0.746139
0,0,0,1,0.975458,0.201204,0,0,0,0.999972,0.958924,0.71403
0,0,0,1,0.92773,0.657151,0,0,0,0.974337,0.888178,0.661704
0,0,0,0,0,0,0,0,0,0.999996,0.935582,0.687105
0,0,0,0.983526,0.971505,0.840032,0,0,0,0.999981,0.977328,0.73077
0,0,0,1,0.925414,0.743536,0,0,0,1,0.972727,0.755637
0,0,0,0.982077,0.98433,0.641106,0,0,0,0.915205,0.879665,0.682468
0,0,0,0,0,0,0,0,0,0.904144,0.855248,0.659295
0,0,0,1,0.98512,0.211037,0,0,0,1,0.962179,0.745584
0,0,0,1,0.965814,0.227508,0,0,0,0.999977,0.962321,0.699768
0,0,0,1,0.970978,0.200475,0,0,0,1,0.945399,0.68658
0,0,0,1,0.933721,1,0,0,0,0.967225,0.938237,0.792625
0,0,0,0.964358,0.933882,1,0,0,0,0.992481,0.940681,0.719679
0,0,0,1,0.933996,0.834699,0,0,0,0.999998,0.942295,0.69987
0,0,0,0.969847,0.931413,1,0,0,0,1,0.974386,0.729327
0,0,0,1,0.964653,1,0,0,0,0.99999,0.951953,0.745769
0,0,0,0,0,0,0,0,0,0.940681,0.917893,0.737347
0,0,0,1,0.933985,1,0,0,0,0.999996,0.936285,0.682362
0,0,0,1,0.943607,1,0,0,0,0.999974,0.929951,0.68437
0,0,0,1,0.985045,0.210544,0,0,0,0.996161,0.962462,0.744285
0,0,0,0,0,0,0,0,0,1,0.977284,0.749271
0,0,0,1,0.980178,0.27934,0,0,0,0.924688,0.881207,0.715722
0,0,0,1,0.9374,1,0,0,0,0.999053,0.905322,0.673514
0,0,0,1,0.945659,0.39598,0,0,0,0.999999,0.952574,0.731251
0,0,0,1,0.975345,0.192277,0,0,0,0.999998,0.970352,0.719088
0,0,0,1,0.974216,0.489418,0,0,0,1,0.97631,0.718594
0,0,0,1,0.922746,1,0,0,0,0.999957,0.941761,0.713332
0,0,0,0,0,0,0,0,0,0.996584,0.934035,0.71721
0,0,0,1,0.948916,1,0,0,0,1,0.972727,0.725746
0,0,0,1,0.945982,0.396504,0,0,0,1,0.966156,0.728941
0,0,0,1,0.936324,0.396607,0,0,0,0.92944,0.852935,0.656328
0,0,0,1,0.944997,1,0,0,0,0.999984,0.925634,0.672654
0,0,0,1,0.952556,0.263288,0,0,0,1,0.969382,0.726814
0,0,0,1,0.973352,0.195473,0,0,0,1,0.963022,0.719975
0,0,0,0,0,0,0,0,0,0.651466,0.608652,0.446193
0,0,0,0,0,0,0,0,0,0.900705,0.868604,0.675015
0,0,0,1,0.959575,1,0,0,0,0.999999,0.940353,0.685844
0,0,0,1,0.94057,0.574884,0,0,0,0.999998,0.965446,0.740174
0,0,0,1,0.939114,1,0,0,0,0.924688,0.90261,0.728459
0,0,0,0,0,0,0,0,0,0.856812,0.824885,0.608943
0,0,0,1,0.940744,1,0,0,0,0.999974,0.953535,0.7011
0,0,0,1,0.949031,1,0,0,0,1,0.971347,0.710025
0,0,0,0,0,0,0,0,0,0.999427,0.944689,0.739611
0,0,0,1,0.982225,0.212114,0,0,0,0.999967,0.963022,0.732974
0,0,0,1,0.980386,0.409531,0,0,0,0.965641,0.930584,0.729616
0,0,0,1,0.951712,1,0,0,0,0.998628,0.955651,0.757974
0,0,0,1,0.940747,1,0,0,0,0.932576,0.901401,0.701917
0,0,0,1,0.95756,1,0,0,0,0.845177,0.816845,0.628977
0,0,0,1,0.950705,0.285548,0,0,0,0.999962,0.920932,0.672117
0,0,0,1,0.948994,1,0,0,0,0.999964,0.956472,0.738292
0,0,0,1,0.955639,1,0,0,0,0.999934,0.929696,0.690455
0,0,0,1,0.961068,0.262825,0,0,0,0.87397,0.835215,0.62498
0,0,0,0,0,0,0,0,0,0.86293,0.832781,0.615203
0,0,0,1,0.939383,1,0,0,0,0.913213,0.859899,0.656438
0,0,0,1,0.975592,0.201724,0,0,0,0.915507,0.890675,0.712732
0,0,0,1,0.922783,1,0,0,0,1,0.965771,0.747247
0,0,0,1,0.934266,1,0,0,0,0.995834,0.920647,0.688154
0,0,0,1,0.949036,1,0,0,0,1,0.972362,0.717606
0,0,0,1,0.936686,0.498319,0,0,0,1,0.962883,0.742048
0,0,0,0.979001,0.934929,1,0,0,0,0.960063,0.932207,0.781664
0,0,0,1,0.905649,1,0,0,0,0.984575,0.966156,0.803637
0,0,0,1,0.920445,0.977188,0,0,0,0.912124,0.878731,0.702224
0,0,0,0,0,0,0,0,0,0.86916,0.831691,0.629661
0,0,0,1,0.950259,0.286049,0,0,0,0.999983,0.956309,0.723505
0,0,0,0,0,0,0,0,0,0.812867,0.774413,0.562417
0,0,0,1,0.95488,1,0,0,0,1,0.96856,0.726037
0,0,0,1,0.943607,1,0,0,0,0.944689,0.903294,0.727975
0,0,0,1,0.947652,0.36575,0,0,0,0.975577,0.957278,0.799599
0,0,0,1,0.98132,0.345497,0,0,0,1,0.953794,0.71423
0,0,0,1,0.948535,0.310134,0,0,0,0.999997,0.949856,0.70791
0,0,0,1,0.946841,0.499315,0,0,0,1,0.96802,0.694924
0,0,0,1,0.960814,0.263848,0,0,0,0.998469,0.894789,0.672009
0,0,0,1,0.976931,0.411054,0,0,0,0.958069,0.937211,0.75037
0,0,0,1,0.931271,1,0,0,0,0.944382,0.920932,0.761538
0,0,0,1,0.941403,1,0,0,0,0.999988,0.960952,0.715424
0,0,0,1,0.943103,1,0,0,0,1,0.959383,0.743913
0,0,0,0,0,0,0,0,0,0.855972,0.825871,0.618377
0,0,0,1,0.943071,1,0,0,0,0.999993,0.959154,0.73412
0,0,0,1,0.978414,0.206885,0,0,0,0.999923,0.939359,0.698432
0,0,0,1,0.958436,1,0,0,0,0.792464,0.752377,0.572185
0,0,0,1,0.964489,1,0,0,0,1,0.971886,0.724968
0,0,0,1,0.93429,1,0,0,0,1,0.964187,0.732018
0,0,0,1,0.948746,1,0,0,0,1,0.956391,0.72526
0,0,0,0,0,0,0,0,0,0.888178,0.844537,0.64969
0,0,0,1,0.958154,0.772341,0,0,0,1,0.946101,0.70253
0,0,0,1,0.981319,0.345337,0,0,0,1,0.980803,0.745028
0,0,0,1,0.975543,0.201535,0,0,0,0.999998,0.971779,0.756717
0,0,0,1,0.956891,1,0,0,0,1,0.97631,0.724286
0,0,0,1,0.933691,0.928686,0,0,0,0.99961,0.920647,0.675229
0,0,0,1,0.984183,0.255051,0,0,0,1,0.971074,0.741674
0,0,0,1,0.949018,1,0,0,0,0.999997,0.976265,0.736211
0,0,0,1,0.941336,1,0,0,0,1,0.976129,0.752013
0,0,0,1,0.941832,0.536896,0,0,0,0.937211,0.91848,0.733165
0,0,0,1,0.93403,0.836461,0,0,0,1,0.951051,0.730963
0,0,0,1,0.937388,0.703067,0,0,0,1,0.972831,0.725746
0,0,0,1,0.950817,0.309471,0,0,0,1,0.951594,0.692434
0,0,0,1,0.926731,1,0,0,0,0.999992,0.949949,0.733738
0,0,0,1,0.932382,0.933933,0,0,0,0.999999,0.941439,0.68616
0,0,0,1,0.985807,0.266646,0,0,0,0.999977,0.923454,0.677047
0.00283316,0.000639115,0,1,0.934239,1,0,0,0,0.999825,0.921074,0.676192
0,0,0,1,0.981594,0.201912,0,0,0,0.938011,0.901401,0.710427
0,0,0,1,0.977707,0.489255,0,0,0,0.999992,0.961461,0.731826
0,0,0,1,0.984103,0.254069,0,0,0,1,0.973894,0.747432
0,0,0,0,0,0,0,0,0,0.84607,0.816845,0.615203
0,0,0,1,0.939657,0.61713,0,0,0,1,0.977629,0.751283
0,0,0,1,0.998479,0.231396,0,0,0,0.999929,0.922343,0.686475
0,0,0,1,0.939897,1,0,0,0,1,0.973443,0.728265
0,0,0,1,0.955245,1,0,0,0,0.96741,0.939913,0.788583
0,0,0,0,0,0,0,0,0,0.781831,0.742422,0.540651
0,0,0,1,0.943474,1,0,0,0,0.999918,0.953449,0.737725
0,0,0,1,0.955433,1,0,0,0,1,0.957278,0.733356
0,0,0,0,0,0,0,0,0,0.769254,0.735262,0.565419
0,0,0,1,0.948508,1,0,0,0,0.963984,0.93511,0.787114
0,0,0,1,0.961269,0.263318,0,0,0,0.99999,0.949482,0.724773
0,0,0,0,0,0,0,0,0,0.827271,0.789396,0.61057
0,0,0,1,0.969256,0.210034,0,0,0,1,0.9699,0.745769
0,0,0,0.993428,0.912562,1,0,0,0,1,0.962813,0.744842
0,0,0,0,0,0,0,0,0,0.831006,0.801936,0.606207
0,0,0,1,0.935239,1,0,0,0,1,0.944995,0.689306
0,0,0,1,0.905707,1,0,0,0,0.999929,0.921358,0.676086
0,0,0,1,0.934615,0.787373,0,0,0,0.999912,0.918918,0.678114
0,0,0,1,0.937346,0.702478,0,0,0,0.997876,0.967287,0.794066
0,0,0,0,0,0,0,0,0,0.93511,0.907476,0.713432
0,0,0,0.968968,0.936568,1,0,0,0,0.854885,0.818156,0.612136
0,0,0,0.966055,0.935649,1,0,0,0,1,0.955817,0.696991
0,0,0,1,0.932541,1,0,0,0,1,0.967225,0.738292
0,0,0,1,0.940715,0.575928,0,0,0,1,0.974821,0.749271
0,0,0,1,0.964526,1,0,0,0,0.997876,0.957517,0.733356
0,0,0,1,0.945632,0.395884,0,0,0,0.831964,0.801004,0.591074
0,0,0,1,0.942708,0.464662,0,0,0,0.999995,0.960435,0.728072
0,0,0,1,0.981657,0.202243,0,0,0,1,0.969266,0.730578
0,0,0,1,0.932406,0.932893,0,0,0,0.999994,0.970854,0.741487
0,0,0,0.989935,0.938859,1,0,0,0,0.999996,0.937096,0.681515
0,0,0,1,0.937564,0.462667,0,0,0,1,0.958538,0.721743
0,0,0,0.993093,0.950174,0.85402,0,0,0,0.999973,0.947769,0.694303
0,0,0,1,0.941384,1,0,0,0,0.924279,0.860721,0.6973
0,0,0,1,0.9353,1,0,0,0,1,0.940463,0.689619
0,0,0,1,0.944517,0.429821,0,0,0,0.999943,0.92657,0.690663
0,0,0,0,0,0,0,0,0,0.934035,0.90599,0.709321
0,0,0,0,0,0,0,0,0,0.944995,0.920647,0.748904
0,0,0,1,0.952555,0.263286,0,0,0,1,0.974483,0.722429
0,0,0,1,0.919796,1,0,0,0,0.999863,0.955068,0.739046
0,0,0,1,0.93841,0.658209,0,0,0,0.86511,0.811825,0.631708
0,0,0,1,0.936622,1,0,0,0,0.999983,0.958069,0.737914
0,0,0,1,0.93095,1,0,0,0,0.999997,0.949482,0.709019
0,0,0,1,0.981609,0.201992,0,0,0,0.999999,0.966156,0.714429
0,0,0,1,0.956943,1,0,0,0,0.981203,0.966092,0.810179
0,0,0,1,0.933694,0.928124,0,0,0,1,0.971347,0.739986
0,0,0,0.99159,0.930266,1,0,0,0,0.827271,0.802091,0.602646
0,0,0,1,0.946118,0.396979,0,0,0,0.953101,0.93233,0.772874
0,0,0,1,0.952114,1,0,0,0,0.999999,0.969266,0.734691
0,0,0,0.992591,0.917019,1,0,0,0,0.995977,0.979195,0.81946
0,0,0,0.968089,0.930927,1,0,0,0,0.999993,0.956957,0.734691
0,0,0,0.99268,0.912367,1,0,0,0,0.999425,0.948728,0.717111
0,0,0,1,0.95173,1,0,0,0,0.916708,0.879147,0.68616
0,0,0,1,0.990206,0.532353,0,0,0,1,0.963369,0.723895
0,0,0,1,0.933468,0.575863,0,0,0,0.999879,0.955486,0.73412
0,0,0,1,0.931016,1,0,0,0,1,0.9463,0.70202
0,0,0,1,0.938615,0.660375,0,0,0,0.999923,0.950227,0.704567
0,0,0,1,0.978452,0.185166,0,0,0,1,0.966474,0.734691
0,0,0,1,0.947917,0.463912,0,0,0,0.800224,0.765067,0.573678
0,0,0,1,0.961343,0.709605,0,0,0,1,0.973594,0.721645
0,0,0,1,0.976801,0.194566,0,0,0,0.999973,0.922482,0.671901
0,0,0,1,0.950686,0.309114,0,0,0,0.896976,0.862583,0.660282
0,0,0,1,0.931649,0.616037,0,0,0,0.999926,0.947866,0.71103
0,0,0,1,0.933524,1,0,0,0,0.999949,0.923178,0.677687
0,0,0,1,0.975955,0.382505,0,0,0,0.999972,0.951774,0.740362
0,0,0,1,0.968608,0.213361,0,0,0,0.947381,0.918187,0.748168
0,0,0,0,0,0,0,0,0,1,0.957198,0.721939
0,0,0,1,0.92505,1,0,0,0,0.999965,0.927888,0.685634
0,0,0,1,0.949846,1,0,0,0,1,0.973544,0.727104
0,0,0,1,0.958673,0.216701,0,0,0,1,0.968974,0.732018
0,0,0,0,0,0,0,0,0,0.940463,0.922622,0.75183
0,0,0,1,0.924204,0.788156,0,0,0,0.999999,0.950778,0.716119
0,0,0,0.966886,0.930591,1,0,0,0,0.99999,0.950778,0.738669
0,0,0,1,0.939619,0.616813,0,0,0,1,0.978094,0.72487
0,0,0,0.984108,0.984454,0.639311,0,0,0,1,0.97458,0.714429
0,0,0,1,0.935206,0.743395,0,0,0,0.847842,0.814791,0.633183
0,0,0,0.983688,0.971522,0.839838,0,0,0,0.999999,0.971074,0.711531
0,0,0,1,0.936179,1,0,0,0,1,0.979861,0.767516
0,0,0,1,0.934633,0.787837,0,0,0,0.999993,0.941439,0.70202
0,0,0,1,0.946086,1,0,0,0,0.999997,0.962603,0.722821
0,0,0,1,0.947857,0.36569,0,0,0,1,0.976847,0.730001
0,0,0,1,0.959482,1,0,0,0,0.999942,0.951863,0.742422
0,0,0,1,0.910478,1,0,0,0,1,0.965381,0.742982
0,0,0,1,0.954866,0.243186,0,0,0,1,0.98315,0.745028
0,0,0,1,0.950397,1,0,0,0,0.992,0.949669,0.728941
0,0,0,1,0.96161,0.706158,0,0,0,0.999964,0.933673,0.696991
0,0,0,0,0,0,0,0,0,0.869271,0.838548,0.662906
0,0,0,0.993739,0.908882,1,0,0,0,0.999999,0.937096,0.68215
0,0,0,0.981492,0.95805,1,0,0,0,0.994467,0.896795,0.669961
0,0,0,1,0.943446,1,0,0,0,0.999999,0.968321,0.731059
0,0,0,1,0.944954,1,0,0,0,1,0.959001,0.700792
0,0,0,1,0.936048,1,0,0,0,1,0.960657,0.730963
0,0,0,1,0.948826,1,0,0,0,0.999993,0.969498,0.715921
0,0,0,1,0.948047,1,0,0,0,0.999998,0.939359,0.68721
0,0,0,0,0,0,0,0,0,0.941115,0.913984,0.737536
0,0,0,0,0,0,0,0,0,0.936285,0.917598,0.746139
0,0,0,1,0.938949,1,0,0,0,1,0.952926,0.717408
0,0,0,0,0,0,0,0,0,0.999999,0.931088,0.677047
0,0,0,0,0,0,0,0,0,0.980319,0.961678,0.80837
0,0,0,1,0.934506,1,0,0,0,0.981418,0.948058,0.743913
0,0,0,1,0.95522,1,0,0,0,1,0.945801,0.690768
0,0,0,0.986891,0.997059,0.441695,0,0,0,0.999988,0.969149,0.716119
0,0,0,0.96712,0.936115,1,0,0,0,0.996663,0.972831,0.810629
0,0,0,1,0.944,1,0,0,0,1,0.954308,0.705684
0,0,0,1,0.935819,1,0,0,0,0.999987,0.915053,0.685318
0,0,0,1,0.980018,0.198044,0,0,0,0.99839,0.969208,0.768907
0,0,0,1,0.954346,0.244637,0,0,0,0.999998,0.972046,0.737725
0,0,0,1,0.94804,0.464136,0,0,0,0.959154,0.907476,0.692642
0,0,0,1,0.93363,0.975841,0,0,0,1,0.972882,0.719975
0,0,0,0.991491,0.919502,1,0,0,0,0.952486,0.924279,0.754734
0,0,0,1,0.945838,1,0,0,0,1,0.974965,0.714528
0,0,0,0,0,0,0,0,0,0.950319,0.902952,0.727685
0,0,0,1,0.951543,1,0,0,0,0.898411,0.842604,0.664649
0,0,0,1,0.93465,0.428997,0,0,0,0.993042,0.927495,0.717507
0,0,0,0,0,0,0,0,0,0.999996,0.962532,0.741487
0,0,0,1,0.944726,1,0,0,0,1,0.982014,0.736211
0,0,0,1,0.985075,0.210746,0,0,0,0.99986,0.92079,0.691185
0,0,0,0.968794,0.936525,1,0,0,0,0.999996,0.964789,0.715325
0,0,0,1,0.933274,0.574571,0,0,0,1,0.979668,0.742048
0,0,0,0,0,0,0,0,0,0.904313,0.87213,0.676086
0,0,0,0,0,0,0,0,0,0.99867,0.950227,0.738103
0,0,0,0.981707,0.924429,1,0,0,0,0.999999,0.966663,0.739234
0,0,0,1,0.935654,1,0,0,0,1,0.929696,0.683208
0,0,0,1,0.961351,0.709493,0,0,0,0.997925,0.961534,0.739799
0,0,0,1,0.939355,1,0,0,0,1,0.982151,0.744656
0,0,0,1,0.971102,0.200798,0,0,0,0.999996,0.931587,0.680772
0,0,0,1,0.933565,0.977995,0,0,0,0.999998,0.951414,0.729327
0,0,0,1,0.933183,1,0,0,0,0.999994,0.957437,0.711832
0,0,0,1,0.982231,0.212153,0,0,0,0.999998,0.935935,0.683947
1.90735e-06,1.19209e-07,0,0,0,0,0,0,0,0.831417,0.790045,0.602939
0,0,0,1,0.933387,1,0,0,0,0.999965,0.951863,0.705176
0,0,0,0,0,0,0,0,0,0.999973,0.936401,0.694406
0,0,0,0.961781,0.934312,1,0,0,0,1,0.980839,0.712432
0,0,0,1,0.949311,0.287826,0,0,0,0.999985,0.965706,0.735262
0,0,0,1,0.939599,1,0,0,0,1,0.965185,0.750918
0,0,0,1,0.941719,1,0,0,0,0.99884,0.917154,0.688154
0,0,0,1,0.943491,1,0,0,0,0.944893,0.897874,0.70416
0,0,0,1,0.958732,0.216858,0,0,0,1,0.969613,0.74872
0,0,0,1,0.963936,0.241552,0,0,0,0.952926,0.921358,0.76856
0,0,0,1,0.946282,0.396987,0,0,0,0.892563,0.840259,0.66356
0,0,0,1,0.979131,0.216439,0,0,0,0.952131,0.924824,0.77373
0,0,0,1,0.949881,1,0,0,0,0.999989,0.969785,0.713831
0,0,0,0.99577,0.922118,1,0,0,0,0.850096,0.815233,0.594787
0,0,0,1,0.941866,0.537095,0,0,0,0.999271,0.953449,0.73431
0,0,0,1,0.937916,1,0,0,0,0.988177,0.959154,0.769427
0,0,0,0.999081,0.961178,0.711739,0,0,0,0.999974,0.951323,0.699357
0,0,0,1,0.954355,0.244658,0,0,0,0.999986,0.969957,0.742982
0,0,0,1,0.92392,1,0,0,0,0.999995,0.934035,0.695545
0,0,0,1,0.939115,1,0,0,0,1,0.958693,0.699768
0,0,0,1,0.935206,0.536786,0,0,0,1,0.948346,0.695441
0,0,0,0,0,0,0,0,0,0.999999,0.958069,0.73431
0,0,0,1,0.929765,0.573407,0,0,0,0.999807,0.956715,0.743168
0,0,0,1,0.937719,0.462959,0,0,0,0.999995,0.957755,0.729231
0,0,0,1,0.948377,1,0,0,0,0.978794,0.963575,0.804713
0,0,0,0,0,0,0,0,0,0.999547,0.962603,0.735071
0,0,0,1,0.909913,1,0,0,0,0.982083,0.950411,0.800224
0,0,0,1,0.956781,1,0,0,0,0.999889,0.96856,0.753104
0,0,0,0,0,0,0,0,0,1,0.97567,0.750004
0,0,0,0.991219,0.916578,1,0,0,0,1,0.948728,0.697197
0,0,0,0.993135,0.908599,1,0,0,0,1,0.953362,0.698741
0,0,0,1,0.954236,0.244364,0,0,0,0.999994,0.946101,0.712132
0,0,0,1,0.982182,0.211844,0,0,0,0.999395,0.909586,0.679072
0,0,0,0,0,0,0,0,0,0.999569,0.912436,0.678327
0,0,0,0.989644,0.938767,1,0,0,0,0.955734,0.914291,0.708515
0,0,0,0.989868,0.92971,1,0,0,0,0.858955,0.822332,0.610395
0,0,0,1,0.977416,0.214,0,0,0,0.999995,0.959988,0.7324
0,0,0,1,0.910765,1,0,0,0,1,0.939471,0.706494
0,0,0,0.99358,0.919975,1,0,0,0,1,0.944995,0.688887
0,0,0,1,0.943579,1,0,0,0,0.999999,0.936634,0.68342
0,0,0,1,0.935484,1,0,0,0,0.928539,0.900879,0.709221
0,0,0,1,0.946232,0.336442,0,0,0,1,0.954984,0.728459
0,0,0,1,0.976917,0.185376,0,0,0,1,0.950869,0.727104
0,0,0,1,0.956641,1,0,0,0,0.854278,0.823612,0.608536
0,0,0,1,0.96927,0.587425,0,0,0,0.999926,0.949669,0.727201
0,0,0,1,0.933804,0.880258,0,0,0,0.992274,0.948822,0.746324
0,0,0,1,0.944059,1,0,0,0,1,0.974239,0.743913
0,0,0,1,0.934566,1,0,0,0,1,0.947381,0.695752
0,0,0,1,0.922755,0.83239,0,0,0,0.949763,0.927757,0.742235
0,0,0,0.999918,0.990147,0.533541,0,0,0,0.998731,0.907804,0.675444
0,0,0,1,0.940697,0.575793,0,0,0,0.999988,0.961316,0.715424
0,0,0,1,0.951711,0.264491,0,0,0,1,0.975484,0.717408
0,0,0,1,0.942772,0.464938,0,0,0,1,0.97319,0.741861
0,0,0,0,0,0,0,0,0,0.8874,0.844537,0.64791
0,0,0,1,0.954128,0.244093,0,0,0,0.999996,0.968856,0.733356
0,0,0,1,0.947939,1,0,0,0,1,0.979315,0.733547
0,0,0,0,0,0,0,0,0,0.949389,0.912748,0.727782
0,0,0,1,0.950697,1,0,0,0,0.967656,0.921781,0.717705
0,0,0,1,0.933713,1,0,0,0,0.958304,0.934753,0.761538
0,0,0,1,0.937584,1,0,0,0,0.996235,0.930205,0.736401
0,0,0,0.96457,0.933948,1,0,0,0,1,0.951594,0.70202
0,0,0,0,0,0,0,0,0,0.920504,0.89607,0.751283
0,0,0,0.990756,0.916427,1,0,0,0,0.987228,0.962391,0.79166
0,0,0,1,0.933815,0.879695,0,0,0,0.93511,0.88642,0.683525
0,0,0,1,0.980047,0.325307,0,0,0,1,0.974483,0.753648
0,0,0,1,0.976972,0.204311,0,0,0,0.999978,0.92523,0.680348
0,0,0,1,0.935682,0.699062,0,0,0,0.99999,0.961389,0.739986
0,0,0,1,0.944518,0.429822,0,0,0,0.903465,0.877477,0.707
0,0,0,0,0,0,0,0,0,0.999301,0.926037,0.698638
0,0,0,0.973548,0.91383,1,0,0,0,0.944382,0.895157,0.681303
0,0,0,1,0.934024,0.836256,0,0,0,0.962813,0.939025,0.770465
0,0,0,1,0.925518,1,0,0,0,0.997722,0.900705,0.671363
0,0,0,1,0.952623,0.263457,0,0,0,0.927232,0.90813,0.732209
0,0,0,1,0.976971,0.204306,0,0,0,0.999996,0.928926,0.687735
0,0,0,0,0,0,0,0,0,0.865679,0.835752,0.628065
0,0,0,1,0.939779,1,0,0,0,1,0.970632,0.7413
0,0,0,1,0.935592,1,0,0,0,1,0.975762,0.748904
0,0,0,1,0.945764,0.396354,0,0,0,0.838415,0.804866,0.582491
0,0,0,0.970198,0.940994,1,0,0,0,1,0.972467,0.737347
0,0,0,1,0.941888,0.537221,0,0,0,0.997274,0.962036,0.757077
0,0,0,1,0.949396,0.336346,0,0,0,0.952042,0.9229,0.771672
0,0,0,1,0.956824,1,0,0,0,0.823044,0.794225,0.599778
0,0,0,1,0.951373,1,0,0,0,1,0.965835,0.73659
0,0,0,1,0.937564,0.46267,0,0,0,0.874614,0.829354,0.605682
0,0,0,1,0.944451,0.365861,0,0,0,0.985936,0.965512,0.779993
0,0,0,0,0,0,0,0,0,1,0.964119,0.739046
0,0,0,1,0.950439,1,0,0,0,0.906653,0.880077,0.683631
0,0,0,1,0.947921,0.463926,0,0,0,0.999996,0.964987,0.710427
0,0,0,1,0.976973,0.204316,0,0,0,0.964921,0.936634,0.787441
0,0,0,1,0.933573,0.977552,0,0,0,1,0.972362,0.750918
0,0,0,1,0.933632,1,0,0,0,0.934634,0.906156,0.715126
0,0,0,1,0.938594,0.660132,0,0,0,0.950134,0.9255,0.748168
0,0,0,0,0,0,0,0,0,0.873539,0.83602,0.627495
0,0,0,1,0.966402,0.224984,0,0,0,0.999996,0.963092,0.720172
0,0,0,1,0.943419,1,0,0,0,1,0.973342,0.717705
0,0,0,1,0.976916,0.185373,0,0,0,0.999613,0.965381,0.7413
0,0,0,1,0.938609,0.660317,0,0,0,1,0.956877,0.718002
0,0,0,0,0,0,0,0,0,0.996623,0.948917,0.739799
0,0,0,0.971131,0.97536,0.77143,0,0,0,0.999971,0.955486,0.710729
0,0,0,1,0.949319,0.336124,0,0,0,0.999992,0.960878,0.731826
0,0,0,1,0.944288,0.429397,0,0,0,0.941975,0.903465,0.702734
0,0,0,1,0.935079,0.536075,0,0,0,1,0.97024,0.731059
0,0,0,1,0.933498,0.980634,0,0,0,0.999999,0.944074,0.692122
0,0,0,1,0.937507,1,0,0,0,0.995189,0.972046,0.810028
0,0,0,1,0.945307,0.927383,0,0,0,0.931711,0.894605,0.705582
0,0,0,0.975715,0.919304,1,0,0,0,0.999999,0.959231,0.74055
0,0,0,1,0.905636,1,0,0,0,1,0.954732,0.695028
0,0,0,1,0.977531,0.530643,0,0,0,1,0.975249,0.719581
0,0,0,1,0.932882,1,0,0,0,0.999991,0.936981,0.695441
0,0,0,1,0.949727,1,0,0,0,0.999989,0.960952,0.739986
0,0,0,1,0.952586,0.263363,0,0,0,1,0.978915,0.742795
0,0,0,0.980334,0.957884,1,0,0,0,0.998415,0.956553,0.768038
0,0,0,1,0.934314,1,0,0,0,0.999815,0.951323,0.712232
0,0,0,0,0,0,0,0,0,0.999866,0.931338,0.690037
0,0,0,1,0.942036,1,0,0,0,0.996406,0.981875,0.830181
0,0,0,0,0,0,0,0,0,1,0.984635,0.755997
0,0,0,1,0.958337,0.770081,0,0,0,1,0.980053,0.773388
0,0,0,0,0,0,0,0,0,1,0.966789,0.740737
0,0,0,0.98218,0.924539,1,0,0,0,0.999997,0.946695,0.71103
7.51016e-06,2.38419e-07,0,1,0.934036,0.837183,0,0,0,0.83762,0.806243,0.597784
5.72203e-06,2.38419e-07,0,0,0,0,0,0,0,0.849597,0.808672,0.615608
0,0,0,1,0.952611,0.263425,0,0,0,0.824462,0.796767,0.605216
0,0,0,1,0.934711,0.790406,0,0,0,1,0.963437,0.733356
0,0,0,1,0.975458,0.201205,0,0,0,1,0.972675,0.727492
0,0,0,1,0.934608,0.428837,0,0,0,0.999993,0.960584,0.738103
0,0,0,1,0.948017,0.464034,0,0,0,0.999993,0.959231,0.739046
0,0,0,1,0.980217,0.198965,0,0,0,0.999997,0.931463,0.679923
0,0,0,0,0,0,0,0,0,0.882428,0.834946,0.615377
0,0,0,1,0.998488,0.231478,0,0,0,1,0.971184,0.740925
0,0,0,1,0.945858,1,0,0,0,0.997631,0.931088,0.705988
0,0,0,1,0.941939,0.537519,0,0,0,0.999749,0.955817,0.734501
0.419329,0.177679,0,1,0.963939,0.201294,0,0,0,0.999999,0.960952,0.733738
0,0,0,0,0,0,0,0,0,1,0.971347,0.741112
0,0,0,0,0,0,0,0,0,0.999998,0.960435,0.739611
0,0,0,0,0,0,0,0,0,0.997989,0.930584,0.709019
0,0,0,1,0.976755,0.203331,0,0,0,0.999991,0.957038,0.724578
0,0,0,1,0.973425,0.195695,0,0,0,1,0.973241,0.750736
0,0,0,1,0.954804,1,0,0,0,0.999995,0.964921,0.737158
0,0,0,0.964176,0.933825,1,0,0,0,0.999997,0.961244,0.734881
0,0,0,0,0,0,0,0,0,0.953794,0.90764,0.717408
0,0,0,1,0.950751,0.309291,0,0,0,0.999993,0.957038,0.739799
0,0,0,1,0.939758,1,0,0,0,1,0.972046,0.725162
0,0,0,1,0.937291,1,0,0,0,0.974869,0.957991,0.797872
0,0,0,0,0,0,0,0,0,0.906488,0.875468,0.693577
0,0,0,1,0.980713,0.207161,0,0,0,0.861072,0.784979,0.593668
0,0,0,1,0.935327,0.745669,0,0,0,1,0.958615,0.743541
0,0,0,1,0.982497,0.225569,0,0,0,1,0.971347,0.743913
0,0,0,0.983835,0.984437,0.63955,0,0,0,0.999996,0.964254,0.718989
0,0,0,1,0.966386,0.224947,0,0,0,0.999998,0.972985,0.710929
0,0,0,0,0,0,0,0,0,0.999998,0.941868,0.700895
0,0,0,0.990512,0.936462,1,0,0,0,0.99998,0.928797,0.686895
0,0,0,1,0.969026,0.591459,0,0,0,0.897874,0.855851,0.660829
0,0,0,1,0.933989,0.833874,0,0,0,0.999751,0.964656,0.732592
0,0,0,1,0.927029,1,0,0,0,0.940243,0.901921,0.704973
0,0,0,1,0.9515,1,0,0,0,0.998711,0.969556,0.774413
0,0,0,0.991847,0.950035,0.855556,0,0,0,0.999977,0.933066,0.690559
0,0,0,1,0.97778,0.487676,0,0,0,0.999991,0.933673,0.696165
0,0,0,1,0.94633,0.397153,0,0,0,0.997973,0.956391,0.720565
0,0,0,1,0.950575,1,0,0,0,0.858363,0.828245,0.627951
0,0,0,1,0.937295,1,0,0,0,0.999983,0.926437,0.681515
0,0,0,1,0.978577,0.194382,0,0,0,1,0.980129,0.722723
0,0,0,0,0,0,0,0,0,0.830594,0.800848,0.590307
0,0,0,1,0.956764,1,0,0,0,0.874077,0.832237,0.610686
0,0,0,1,0.933381,1,0,0,0,0.999959,0.922203,0.677261
0,0,0,0,0,0,0,0,0,0.792946,0.758332,0.597667
0,0,0,1,0.925533,1,0,0,0,0.999972,0.950227,0.739611
0,0,0,0.991593,0.914256,1,0,0,0,1,0.969556,0.735831
0,0,0,1,0.933822,0.831111,0,0,0,0.999926,0.96641,0.737158
0,0,0,1,0.944822,1,0,0,0,0.99642,0.901921,0.671686
0,0,0,1,0.954121,0.244076,0,0,0,0.967349,0.937326,0.791982
0,0,0,1,0.911164,1,0,0,0,0.909425,0.873215,0.688992
0,0,0,0,0,0,0,0,0,0.872021,0.846958,0.654122
0,0,0,1,0.938847,1,0,0,0,0.959687,0.93233,0.781664
0,0,0,1,0.935137,0.536402,0,0,0,1,0.967899,0.737914
0,0,0,1,0.974578,0.190865,0,0,0,0.999999,0.955817,0.737914
0,0,0,1,0.961161,0.263053,0,0,0,0.998451,0.969556,0.791176
0,0,0,1,0.998361,0.210519,0,0,0,0.999996,0.961965,0.710729
0,0,0,0.992611,0.919756,1,0,0,0,1,0.966156,0.743913
0,0,0,1,0.915721,1,0,0,0,1,0.974773,0.751648
0,0,0,0,0,0,0,0,0,0.99684,0.9659,0.784154
0,0,0,1,0.962893,0.202765,0,0,0,1,0.968915,0.731442
0,0,0,1,0.946021,1,0,0,0,0.974092,0.952486,0.78316
0,0,0,1,0.935682,0.699064,0,0,0,1,0.973844,0.742982
0,0,0,1,0.934608,0.7872,0,0,0,0.997479,0.966028,0.758868
0,0,0,1,0.925492,1,0,0,0,0.999998,0.959535,0.715126
0,0,0,1,0.955447,1,0,0,0,1,0.972046,0.722625
0,0,0,0,0,0,0,0,0,0.872782,0.843895,0.636692
0,0,0,1,0.945393,1,0,0,0,1,0.964321,0.714628
0,0,0,0,0,0,0,0,0,1,0.969785,0.742982
0,0,0,1,0.928703,0.614066,0,0,0,0.999999,0.950503,0.704465
0,0,0,0,0,0,0,0,0,0.901227,0.859192,0.665193
0,0,0,1,0.984037,0.253249,0,0,0,1,0.973894,0.737914
0,0,0,0,0,0,0,0,0,0.941868,0.919643,0.749271
0.0191091,0.00492775,0,0,0,0,0,0,0,0.805479,0.773045,0.589362
0,0,0,1,0.946089,1,0,0,0,0.999998,0.968797,0.71123
0,0,0,1,0.94554,0.924882,0,0,0,1,0.953101,0.736969
0,0,0,1,0.990181,0.532863,0,0,0,0.999997,0.950778,0.726037
0,0,0,0.981111,0.945221,1,0,0,0,1,0.973993,0.742422
0,0,0,1,0.977424,0.214042,0,0,0,0.99703,0.941547,0.712432
0,0,0,0,0,0,0,0,0,0.968974,0.91626,0.676513
0,0,0,1,0.943292,1,0,0,0,0.999991,0.956634,0.708313
0,0,0,1,0.926502,0.698894,0,0,0,0.962673,0.943556,0.779658
0,0,0,1,0.935103,0.536208,0,0,0,1,0.977241,0.725843
0,0,0,1,0.940791,0.576457,0,0,0,0.999954,0.947672,0.735642
0,0,0,0.967942,0.975066,0.774954,0,0,0,0.999985,0.933309,0.697403
0,0,0,1,0.945359,0.92683,0,0,0,0.988177,0.971129,0.811527
0,0,0,1,0.976856,0.203789,0,0,0,0.999959,0.963848,0.745213
0,0,0,1,0.932383,0.934349,0,0,0,0.999998,0.948537,0.723993
0,0,0,1,0.949491,1,0,0,0,0.950595,0.910386,0.718002
0,0,0,1,0.944336,0.365494,0,0,0,0.999991,0.963022,0.73678
0,0,0,1,0.940786,1,0,0,0,1,0.956063,0.721743
0,0,0,0.991919,0.912167,1,0,0,0,0.971129,0.948728,0.7478
0,0,0,1,0.935807,0.700866,0,0,0,1,0.972623,0.731059
0,0,0,0,0,0,0,0,0,0.999239,0.933431,0.705684
0,0,0,1,0.937881,1,0,0,0,1,0.952838,0.701202
0,0,0,0.99015,0.929802,1,0,0,0,0.999999,0.92944,0.67822
0,0,0,0,0,0,0,0,0,0.999993,0.938237,0.699665
0,0,0,1,0.977073,0.204766,0,0,0,0.999997,0.939248,0.715523
0,0,0,1,0.937805,0.365691,0,0,0,0.765769,0.72086,0.536313
0,0,0,1,0.944459,0.429596,0,0,0,1,0.956634,0.732209
0,0,0,0.979324,0.957739,1,0,0,0,1,0.971939,0.744285
0,0,0,1,0.944618,1,0,0,0,0.999998,0.97458,0.7478
0,0,0,1,0.934007,0.835119,0,0,0,0.999658,0.937211,0.702122
0,0,0,1,0.941909,0.537344,0,0,0,0.97553,0.961244,0.796767
0,0,0,1,0.954059,1,0,0,0,0.980876,0.966092,0.812867
0,0,0,0,0,0,0,0,0,0.888759,0.810028,0.636353
0,0,0,0,0,0,0,0,0,0.919931,0.897156,0.709321
0,0,0,0.982133,0.984334,0.641057,0,0,0,0.999995,0.965835,0.743354
0,0,0,1,0.975579,0.193059,0,0,0,0.999984,0.930711,0.691393
0,0,0,0.995774,0.913169,1,0,0,0,1,0.941975,0.684897
0,0,0,0.988898,0.923184,1,0,0,0,0.999538,0.956227,0.713731
0,0,0,1,0.980173,0.27925,0,0,0,0.999992,0.959762,0.710628
0,0,0,1,0.955716,0.229725,0,0,0,1,0.977023,0.742795
0,0,0,1,0.934605,0.786908,0,0,0,0.821474,0.770465,0.568416
2.50339e-06,0,0,0,0,0,0,0,0,0.911653,0.882022,0.68215
0,0,0,1,0.947375,0.364865,0,0,0,1,0.947478,0.707405
0,0,0,1,0.935033,0.535811,0,0,0,0.982014,0.956472,0.791499
0,0,0,1,0.97105,0.200664,0,0,0,0.953708,0.928018,0.751466
0,0,0,1,0.946805,0.336967,0,0,0,0.99839,0.958924,0.732018
0,0,0,1,0.928053,1,0,0,0,0.999951,0.977414,0.772531
0,0,0,1,0.943574,1,0,0,0,0.780328,0.745028,0.551695
0,0,0,1,0.938608,0.660303,0,0,0,1,0.962603,0.738669
0,0,0,1,0.932848,1,0,0,0,0.999988,0.948251,0.725649
0,0,0,1,0.955256,1,0,0,0,0.993973,0.898053,0.665519
0,0,0,0.978788,0.957662,1,0,0,0,1,0.962743,0.739422
0,0,0,1,0.961566,0.706735,0,0,0,1,0.958615,0.721645
0,0,0,1,0.939898,1,0,0,0,1,0.974532,0.750553
0,0,0,0.980909,0.945185,1,0,0,0,0.999956,0.957198,0.710729
0,0,0,1,0.965895,0.227708,0,0,0,0.999997,0.932699,0.681727
0,0,0,1,0.945964,0.396442,0,0,0,1,0.975155,0.715821
0.000452059,0,0,0,0,0,0,0,0,0.999994,0.933188,0.68721
0,0,0,1,0.934962,0.53541,0,0,0,1,0.97151,0.744285
0,0,0,1,0.948999,0.336184,0,0,0,1,0.97658,0.745769
0,0,0,0,0,0,0,0,0,0.999893,0.946399,0.690768
0,0,0,0,0,0,0,0,0,1,0.94079,0.683314
0,0,0,0,0,0,0,0,0,0.871584,0.826852,0.628521
0,0,0,0,0,0,0,0,0,0.999999,0.936285,0.682468
0,0,0,1,0.944467,0.365912,0,0,0,0.999993,0.957912,0.698227
0,0,0,0,0,0,0,0,0,1,0.969785,0.727492
0,0,0,0,0,0,0,0,0,0.793586,0.758868,0.568895
0,0,0,1,0.934025,0.83582,0,0,0,0.998849,0.907476,0.681091
0,0,0,1,0.951602,1,0,0,0,0.871912,0.824321,0.603406
0.0240118,0.00769496,0,1,0.949466,1,0,0,0,0.792464,0.760473,0.609698
0,0,0,1,0.953368,1,0,0,0,1,0.973645,0.728265
1.19209e-07,0,0,0.989322,0.918173,1,0,0,0,0.858837,0.836154,0.654011
0,0,0,1,0.924958,1,0,0,0,0.987472,0.963437,0.813461
0,0,0,1,0.939491,0.615708,0,0,0,0.999997,0.9659,0.730194
0,0,0,1,0.97081,0.200035,0,0,0,1,0.981841,0.719285
0,0,0,1,0.910806,1,0,0,0,0.999782,0.956063,0.740737
0,0,0,1,0.970868,0.200187,0,0,0,0.994657,0.965381,0.772531
0,0,0,1,0.945412,1,0,0,0,1,0.963848,0.725454
0,0,0,0.964549,0.962666,0.929666,0,0,0,1,0.955236,0.722233
0,0,0,1,0.949681,1,0,0,0,0.98703,0.956957,0.802091
0,0,0,0,0,0,0,0,0,1,0.974043,0.746878
0,0,0,1,0.95423,0.244347,0,0,0,0.964389,0.9463,0.780328
0,0,0,1,0.939543,1,0,0,0,0.999999,0.953013,0.712532
0,0,0,0,0,0,0,0,0,0.99996,0.931463,0.692122
0,0,0,1,0.982325,0.245061,0,0,0,1,0.955817,0.725843
0,0,0,1,0.954589,1,0,0,0,0.999924,0.947769,0.730386
0,0,0,1,0.910429,1,0,0,0,0.997389,0.918918,0.696165
0.00028475,1.54972e-06,0,1,0.946453,0.337096,0,0,0,0.999141,0.942823,0.717507
0,0,0,1,0.977014,0.192607,0,0,0,0.988085,0.968081,0.814791
0,0,0,0,0,0,0,0,0,0.999869,0.920218,0.683208
0,0,0,1,0.943717,1,0,0,0,0.999998,0.933552,0.67822
0,0,0,1,0.935216,0.743575,0,0,0,1,0.943034,0.698227
0,0,0,1,0.938603,0.66025,0,0,0,0.992423,0.986044,0.87213
0,0,0,1,0.955522,1,0,0,0,0.999991,0.934035,0.678007
0,0,0,1,0.975505,0.201386,0,0,0,0.999894,0.926304,0.673836
0,0,0,1,0.980416,0.408063,0,0,0,0.999985,0.942507,0.71413
0,0,0,1,0.936387,0.499308,0,0,0,0.999896,0.924005,0.680135
0,0,0,1,0.939768,1,0,0,0,0.891999,0.86212,0.642096
0,0,0,0,0,0,0,0,0,0.999998,0.939248,0.695855
0,0,0,1,0.932695,1,0,0,0,0.999996,0.929312,0.675765
0,0,0,1,0.936184,0.396115,0,0,0,0.99978,0.937555,0.703651
0,0,0,0,0,0,0,0,0,0.986416,0.932821,0.699049
0,0,0,1,0.936138,1,0,0,0,1,0.956553,0.729423
0,0,0,0.9926,0.908434,1,0,0,0,1,0.970465,0.744471
0,0,0,1,0.934443,1,0,0,0,0.890865,0.867934,0.672762
0,0,0,1,0.982308,0.244874,0,0,0,0.999999,0.958304,0.739234
0,0,0,0,0,0,0,0,0,0.849097,0.816699,0.601418
0,0,0,0,0,0,0,0,0,0.783326,0.744285,0.571647
0,0,0,1,0.955164,1,0,0,0,1,0.976265,0.722527
0,0,0,1,0.971198,0.204919,0,0,0,0.999966,0.9666,0.735262
0,0,0,1,0.936197,0.498658,0,0,0,1,0.966976,0.745769
0,0,0,1,0.965701,0.227224,0,0,0,1,0.964321,0.726814
0,0,0,0.978488,0.928258,1,0,0,0,0.999995,0.968441,0.727201
0,0,0,1,0.938072,1,0,0,0,0.999997,0.976847,0.736021
0,0,0,1,0.933843,1,0,0,0,0.999996,0.94366,0.706292
0,0,0,1,0.965918,0.227767,0,0,0,0.825027,0.785144,0.597197
0,0,0,1,0.926858,1,0,0,0,1,0.973241,0.728652
0,0,0,1,0.933536,1,0,0,0,0.999999,0.956391,0.708515
0,0,0,1,0.948034,0.464111,0,0,0,1,0.96378,0.73678
0,0,0,1,0.965776,0.227412,0,0,0,0.999982,0.962603,0.728362
5.68612e-05,3.81469e-06,0,1,0.933995,0.834653,0,0,0,0.867148,0.826712,0.630344
0,0,0,1,0.953121,1,0,0,0,0.999726,0.942295,0.704872
0,0,0,1,0.936206,0.656724,0,0,0,0.999999,0.931338,0.679285
0,0,0,0.993288,0.917241,1,0,0,0,0.999591,0.904144,0.681091
0,0,0,0.964965,0.962721,0.929096,0,0,0,0.999997,0.963437,0.74055
0,0,0,1,0.959771,0.208909,0,0,0,0.999999,0.974092,0.728362
0,0,0,1,0.940806,0.576558,0,0,0,0.974288,0.950319,0.774754
0,0,0,1,0.984117,0.254246,0,0,0,1,0.965119,0.741861
0,0,0,1,0.919715,1,0,0,0,1,0.954137,0.722527
0,0,0,1,0.961495,0.707645,0,0,0,0.934395,0.876211,0.681939
0,0,0,1,0.981322,0.345755,0,0,0,1,0.974532,0.70791
0,0,0,1,0.927735,0.657207,0,0,0,0.999998,0.949295,0.717012
0,0,0,0.98345,0.971497,0.840121,0,0,0,1,0.97319,0.7237
0,0,0,1,0.945445,0.925907,0,0,0,1,0.976084,0.735642
0,0,0,1,0.94748,0.365204,0,0,0,0.999943,0.92164,0.676406
0,0,0,0,0,0,0,0,0,0.971618,0.944177,0.73431
0,0,0,1,0.984144,0.254571,0,0,0,1,0.949389,0.695855
0,0,0,1,0.948573,0.310239,0,0,0,0.999997,0.933794,0.705582
0,0,0,1,0.934303,1,0,0,0,1,0.966726,0.719975
0,0,0,0,0,0,0,0,0,0.999996,0.944587,0.69368
0,0,0,1,0.941907,1,0,0,0,1,0.940243,0.684053
0,0,0,0,0,0,0,0,0,1,0.935817,0.681833
0,0,0,0.993661,0.908859,1,0,0,0,0.999846,0.940353,0.697197
0,0,0,1,0.977522,0.530822,0,0,0,1,0.966092,0.731059
0,0,0,0.995041,0.921883,1,0,0,0,1,0.968141,0.739046
0,0,0,1,0.934846,0.534743,0,0,0,0.971992,0.956957,0.82963
0,0,0,0,0,0,0,0,0,0.999908,0.921074,0.676727
0,0,0,1,0.950491,0.286663,0,0,0,1,0.971779,0.714628
0,0,0,0,0,0,0,0,0,0.907476,0.882428,0.695235
0,0,0,1,0.95154,1,0,0,0,0.987079,0.949576,0.789234
0,0,0,0,0,0,0,0,0,1,0.971019,0.745584
0,0,0,1,0.937721,0.462966,0,0,0,0.999986,0.937669,0.698329
0,0,0,1,0.976933,0.410918,0,0,0,1,0.97231,0.743354
0,0,0,0.990432,0.93645,1,0,0,0,0.999944,0.971456,0.754734
0,0,0,1,0.919872,1,0,0,0,0.960731,0.904819,0.69035
0,0,0,1,0.935978,1,0,0,0,0.999581,0.960584,0.732974
0,0,0,1,0.928779,0.614675,0,0,0,0.86681,0.83128,0.606091
0,0,0,1,0.937901,1,0,0,0,1,0.95222,0.693577
0,0,0,1,0.933526,1,0,0,0,0.999998,0.946498,0.710025
0,0,0,1,0.937897,1,0,0,0,0.999997,0.963984,0.718298
0,0,0,1,0.980048,0.198186,0,0,0,0.999965,0.946498,0.72594
0,0,0,0.99122,0.930147,1,0,0,0,1,0.974773,0.71721
0,0,0,0.982488,0.924686,1,0,0,0,1,0.970127,0.750736
0,0,0,0,0,0,0,0,0,0.999997,0.95222,0.68342
0,0,0,1,0.932847,1,0,0,0,0.91181,0.881207,0.703244
0,0,0,1,0.949448,0.336498,0,0,0,0.999988,0.965316,0.710226
0,0,0,1,0.956561,0.227354,0,0,0,1,0.961098,0.748352
0,0,0,1,0.933953,1,0,0,0,0.999997,0.971129,0.73412
0,0,0,0.976641,0.919615,1,0,0,0,0.999917,0.933673,0.695235
0,0,0,0.993192,0.912501,1,0,0,0,0.999998,0.961244,0.733547
0,0,0,1,0.958201,0.77176,0,0,0,0.999997,0.968738,0.725649
0,0,0,1,0.937486,0.462323,0,0,0,0.915053,0.834811,0.629888
0,0,0,0,0,0,0,0,0,0.912124,0.885829,0.686685
0,0,0,1,0.939626,1,0,0,0,0.99999,0.956715,0.717903
0,0,0,1,0.954182,0.244228,0,0,0,1,0.954732,0.713931
0,0,0,1,0.947798,1,0,0,0,0.976847,0.954052,0.769427
0,0,0,1,0.957525,1,0,0,0,1,0.96225,0.732783
0,0,0,1,0.937907,1,0,0,0,0.999987,0.962391,0.733356
0,0,0,0.993626,0.908849,1,0,0,0,0.997909,0.971564,0.789234
0,0,0,0,0,0,0,0,0,0.999999,0.959687,0.744285
0,0,0,1,0.949234,0.287619,0,0,0,0.999964,0.947866,0.695648
0,0,0,1,0.933451,0.981898,0,0,0,1,0.971939,0.745769
0,0,0,0.982247,0.924607,1,0,0,0,0.898589,0.846197,0.657868
0,0,0,1,0.937698,1,0,0,0,0.999307,0.964187,0.723895
0,0,0,1,0.941863,0.537075,0,0,0,0.99997,0.921358,0.672654
0,0,0,1,0.928782,0.614705,0,0,0,1,0.976625,0.727007
0,0,0,1,0.941752,0.536421,0,0,0,0.998807,0.931463,0.72594
0,0,0,1,0.981544,0.295481,0,0,0,0.873431,0.844409,0.636466
0,0,0,1,0.933814,0.879618,0,0,0,0.992711,0.973844,0.823754
0,0,0,0,0,0,0,0,0,0.888372,0.851953,0.679391
0,0,0,1,0.990229,0.531885,0,0,0,0.966851,0.931711,0.711431
0,0,0,0,0,0,0,0,0,0.903123,0.876951,0.677367
0,0,0,1,0.969212,0.209927,0,0,0,1,0.946399,0.694717
0,0,0,1,0.933815,0.879715,0,0,0,1,0.955319,0.728748
0,0,0,0.982426,0.984351,0.640796,0,0,0,0.985271,0.971779,0.848847
0,0,0,0.969206,0.931236,1,0,0,0,1,0.948822,0.696887
0,0,0,1,0.971258,0.20509,0,0,0,1,0.97419,0.728169
0,0,0,1,0.942224,1,0,0,0,0.999998,0.955817,0.725162
0,0,0,1,0.945027,1,0,0,0,1,0.948728,0.697918
0,0,0,1,0.951456,1,0,0,0,1,0.950319,0.694406
0,0,0,1,0.975512,0.192834,0,0,0,0.999997,0.964389,0.721939
0,0,0,0,0,0,0,0,0,0.920218,0.86212,0.690872
0,0,0,1,0.935222,0.743669,0,0,0,0.984456,0.966914,0.805479
0,0,0,0,0,0,0,0,0,0.934991,0.906653,0.729712
0,0,0,1,0.950335,1,0,0,0,0.999067,0.906983,0.678007
0,0,0,1,0.948996,1,0,0,0,0.947478,0.908942,0.750736
0,0,0,0,0,0,0,0,0,0.999998,0.946695,0.698432
0,0,0,0.996066,0.922213,1,0,0,0,0.981666,0.947186,0.739799
0,0,0,1,1,0.266165,0,0,0,0.999986,0.952486,0.704465
0,0,0,1,0.945026,1,0,0,0,0.999563,0.951142,0.740925
0,0,0,1,0.94155,1,0,0,0,0.999982,0.9255,0.677901
0,0,0,1,0.949267,0.335974,0,0,0,1,0.974965,0.710528
0,0,0,1,0.935579,1,0,0,0,0.999987,0.9255,0.679817
0,0,0,1,0.934635,0.787892,0,0,0,0.999843,0.957358,0.734691
0,0,0,1,0.948459,0.309925,0,0,0,1,0.957278,0.722135
0,0,0,0,0,0,0,0,0,1,0.957912,0.731251
0,0,0,1,0.967746,0.639656,0,0,0,0.999999,0.971725,0.703957
0,0,0,1,0.925482,1,0,0,0,1,0.953535,0.715225
0,0,0,1,0.955623,1,0,0,0,1,0.971019,0.745028
0,0,0,1,0.933948,1,0,0,0,0.996815,0.975992,0.800848
0,0,0,1,0.977507,0.531118,0,0,0,0.999529,0.966789,0.741861
0,0,0,0.983196,0.971471,0.840423,0,0,0,1,0.931088,0.68784
0,0,0,1,0.940175,1,0,0,0,0.999982,0.941654,0.715225
0,0,0,1,0.980379,0.409915,0,0,0,1,0.966347,0.740174
1.19209e-07,0,0,1,0.97114,0.204756,0,0,0,0.999959,0.919643,0.670285
0,0,0,1,0.94578,1,0,0,0,1,0.960287,0.719975
0,0,0,1,0.959875,0.209219,0,0,0,0.999992,0.925095,0.674587
0,0,0,1,0.94994,1,0,0,0,1,0.967839,0.720663
0,0,0,0.990688,0.936489,1,0,0,0,0.974917,0.951233,0.78016
0,0,0,1,0.975386,0.192414,0,0,0,0.999296,0.921499,0.69451
0,0,0,1,0.986277,0.313,0,0,0,0.999997,0.960731,0.728941
0,0,0,1,0.937895,0.365095,0,0,0,1,0.967533,0.727782
0,0,0,0.972823,0.913588,1,0,0,0,1,0.971456,0.731634
0,0,0,1,0.951438,1,0,0,0,0.970183,0.936285,0.762778
0,0,0,0,0,0,0,0,0,0.868269,0.826712,0.609408
0,0,0,1,0.924859,1,0,0,0,0.947672,0.919787,0.767167
0,0,0,0,0,0,0,0,0,0.996623,0.902952,0.672224
0,0,0,1,0.99785,0.313077,0,0,0,1,0.973944,0.747432
0,0,0,1,0.940225,1,0,0,0,0.969556,0.942612,0.757077
0,0,0,1,0.937767,0.365569,0,0,0,0.824462,0.789071,0.60964
0,0,0,1,0.980061,0.198247,0,0,0,1,0.973594,0.71423
0,0,0,1,0.946242,1,0,0,0,1,0.974043,0.722723
0,0,0,1,0.944301,0.365383,0,0,0,0.921499,0.874935,0.640861
0,0,0,0.948888,0.974858,0.839206,0,0,0,0.913522,0.869049,0.700792
0,0,0,1,0.952679,0.263596,0,0,0,0.999999,0.940134,0.700588
0,0,0,1,0.976994,0.204411,0,0,0,0.999997,0.949763,0.742982
0,0,0,1,0.939405,1,0,0,0,0.999986,0.929951,0.677047
0,0,0,0,0,0,0,0,0,0.964656,0.936518,0.787768
0,0,0,0.99234,0.95009,0.854946,0,0,0,0.999993,0.957833,0.742982
0,0,0,1,0.927713,0.656989,0,0,0,0.999127,0.945197,0.722233
0,0,0,1,0.982371,0.245538,0,0,0,1,0.956796,0.7413
0,0,0,0,0,0,0,0,0,0.868827,0.834677,0.633183
0,0,0,0,0,0,0,0,0,0.999997,0.952662,0.734501
0,0,0,1,0.959917,0.284537,0,0,0,1,0.964254,0.741861
0,0,0,1,0.981334,0.440261,0,0,0,1,0.952397,0.717111
0,0,0,0,0,0,0,0,0,1,0.951142,0.708515
0,0,0,1,0.946177,1,0,0,0,0.999952,0.967839,0.720368
0,0,0,0.982565,0.972775,0.586289,0,0,0,0.999999,0.966663,0.73678
0,0,0,1,0.936041,1,0,0,0,1,0.962036,0.70791
0,0,0,1,0.944824,1,0,0,0,0.999996,0.972934,0.75401
0,0,0,0.993278,0.917238,1,0,0,0,0.999999,0.955899,0.714827
0,0,0,1,0.949241,0.42919,0,0,0,1,0.947381,0.687105
0,0,0,1,0.93853,0.427983,0,0,0,0.999961,0.963643,0.734501
0,0,0,1,0.937382,0.702982,0,0,0,0.999994,0.949201,0.71123
0,0,0,1,0.936164,1,0,0,0,0.999997,0.927888,0.701815
0,0,0,1,0.944985,1,0,0,0,1,0.977671,0.747063
0,0,0,0.977577,0.934608,1,0,0,0,0.945197,0.911653,0.722821
0,0,0,0,0,0,0,0,0,0.940134,0.907148,0.723212
0,0,0,1,0.945363,0.926783,0,0,0,0.785144,0.737158,0.529598
0,0,0,1,0.943634,1,0,0,0,0.999999,0.943867,0.704973
0,0,0,0.99138,0.91419,1,0,0,0,0.999981,0.959988,0.738669
0,0,0,0.969019,0.931184,1,0,0,0,1,0.975437,0.747984
0,0,0,0,0,0,0,0,0,0.918918,0.887595,0.679817
0,0,0,1,0.957901,0.220273,0,0,0,0.942188,0.915658,0.73678
0,0,0,1,0.941825,0.536856,0,0,0,0.999242,0.928539,0.685002
0,0,0,1,0.934658,0.788702,0,0,0,0.999999,0.968797,0.736401
0,0,0,1,0.97127,0.205123,0,0,0,1,0.974869,0.718199
0,0,0,1,0.968221,0.212377,0,0,0,1,0.982423,0.715623
0,0,0,1,0.950889,0.309666,0,0,0,1,0.954647,0.718002
0,0,0,1,0.955062,1,0,0,0,1,0.950686,0.715523
0,0,0,0,0,0,0,0,0,0.999996,0.961893,0.711631
0,0,0,0,0,0,0,0,0,0.876529,0.850965,0.656768
0,0,0,1,0.937604,0.462847,0,0,0,0.993069,0.974239,0.811527
0,0,0,0,0,0,0,0,0,0.999999,0.961244,0.749271
0,0,0,1,0.976864,0.194809,0,0,0,1,0.979235,0.739799
0,0,0,1,0.998117,0.369808,0,0,0,0.999998,0.964921,0.741487
0,0,0,1,0.951552,1,0,0,0,1,0.966156,0.729809
0,0,0,1,0.945281,1,0,0,0,0.999967,0.946001,0.73077
0,0,0,1,0.933565,0.978022,0,0,0,0.999967,0.91383,0.676086
0,0,0,0,0,0,0,0,0,0.99967,0.950595,0.70069
0,0,0,1,0.951748,0.264586,0,0,0,0.999568,0.908618,0.672654
0,0,0,1,0.951495,1,0,0,0,1,0.951594,0.716417
0,0,0,0.982141,0.924526,1,0,0,0,0.999995,0.960063,0.690872
0,0,0,0,0,0,0,0,0,0.979511,0.936865,0.711631
0,0,0,0,0,0,0,0,0,1,0.973944,0.746878
0,0,0,1,0.938441,0.658528,0,0,0,0.999558,0.949763,0.741674
0,0,0,1,0.980752,0.20737,0,0,0,0.98347,0.891622,0.672977
0,0,0,0,0,0,0,0,0,0.999999,0.958069,0.742048
0,0,0,1,0.943593,1,0,0,0,1,0.950686,0.726037
0,0,0,1,0.973528,0.196004,0,0,0,0.999997,0.939803,0.700383
0,0,0,0.989925,0.913734,1,0,0,0,1,0.965381,0.739422
0,0,0,1,0.931887,1,0,0,0,0.996116,0.952838,0.729134
0,0,0,1,0.963592,0.242938,0,0,0,0.999998,0.971992,0.743354
0,0,0,1,0.9408,0.576516,0,0,0,1,0.967717,0.724383
0,0,0,1,0.935222,0.536874,0,0,0,0.975012,0.952926,0.79534
0,0,0,0,0,0,0,0,0,0.902093,0.87397,0.696887
0,0,0,0,0,0,0,0,0,0.816553,0.778649,0.595434
0,0,0,1,0.935818,0.701001,0,0,0,1,0.945197,0.690142
0,0,0,1,0.939457,0.615401,0,0,0,1,0.974239,0.720467
0,0,0,1,0.951633,1,0,0,0,0.999991,0.957833,0.736211
0,0,0,0.970387,0.941055,1,0,0,0,1,0.928279,0.685529
0,0,0,0,0,0,0,0,0,0.88779,0.858125,0.657209
0,0,0,0,0,0,0,0,0,0.91804,0.880283,0.690663
0,0,0,1,0.957499,1,0,0,0,0.999941,0.954647,0.73678
0,0,0,0.970711,0.941161,1,0,0,0,1,0.968141,0.735262
0,0,0,1,0.947476,0.365191,0,0,0,0.968679,0.944587,0.768212
0,0,0,1,0.937939,1,0,0,0,0.785144,0.758689,0.583797
0,0,0,0,0,0,0,0,0,0.926437,0.875361,0.703244
0,0,0,1,0.933617,1,0,0,0,0.990441,0.980205,0.852935
0,0,0,0.977468,0.945662,1,0,0,0,1,0.956957,0.71123
0,0,0,1,0.945618,1,0,0,0,0.999998,0.951594,0.705481
0,0,0,0.98831,0.997086,0.44084,0,0,0,0.999988,0.96944,0.73412
0,0,0,1,0.934148,1,0,0,0,0.999995,0.9633,0.738103
0,0,0,1,0.978755,0.195091,0,0,0,1,0.973795,0.72594
0,0,0,1,0.961564,0.706756,0,0,0,0.984094,0.934634,0.710829
0,0,0,1,0.940876,0.577049,0,0,0,0.997997,0.948155,0.724578
0,0,0,1,0.939183,1,0,0,0,0.999991,0.95877,0.713232
0,0,0,1,0.981642,0.202166,0,0,0,0.99585,0.990839,0.897874
0,0,0,1,0.933381,0.575287,0,0,0,0.959383,0.93196,0.781331
0,0,0,0,0,0,0,0,0,0.901921,0.835484,0.652684
0,0,0,0,0,0,0,0,0,0.899475,0.849222,0.635901
0,0,0,1,0.955522,1,0,0,0,1,0.959459,0.733165
0,0,0,1,0.948989,0.336153,0,0,0,0.999851,0.954223,0.727975
0,0,0,1,0.964648,1,0,0,0,1,0.97649,0.722331
0,0,0,0,0,0,0,0,0,0.999998,0.941223,0.697609
0,0,0,1,0.976939,0.410484,0,0,0,0.999861,0.917154,0.672224
0,0,0,1,0.959558,1,0,0,0,1,0.9799,0.735642
0,0,0,1,0.935249,0.744128,0,0,0,1,0.961822,0.73659
0,0,0,1,0.949306,0.336087,0,0,0,1,0.974965,0.747063
0,0,0,1,0.933874,1,0,0,0,0.999995,0.946794,0.711431
0,0,0,1,0.933239,0.574328,0,0,0,0.999922,0.94699,0.728362
0,0,0,1,0.938582,0.660009,0,0,0,0.991875,0.97859,0.853669
0,0,0,1,0.950428,0.286498,0,0,0,0.858719,0.828662,0.620277
0,0,0,1,0.98019,0.279547,0,0,0,0.999994,0.979745,0.791338
0,0,0,0,0,0,0,0,0,0.821331,0.779322,0.569434
0,0,0,1,0.934257,1,0,0,0,0.999998,0.966347,0.743541
0,0,0,0,0,0,0,0,0,0.976356,0.943867,0.734881
0,0,0,1,0.945802,1,0,0,0,0.90764,0.84556,0.673836
0,0,0,1,0.924196,0.787994,0,0,0,0.999993,0.93511,0.681409
0,0,0,1,0.937873,1,0,0,0,0.999233,0.963231,0.7413
0.002783,0.000658772,0,0,0,0,0,0,0,1,0.936285,0.682574
0,0,0,1,0.938379,0.657857,0,0,0,0.99989,0.958148,0.733356
0,0,0,1,0.926875,1,0,0,0,1,0.967656,0.708213
0,0,0,1,0.963469,0.242642,0,0,0,0.999993,0.970799,0.740362
0,0,0,1,0.949771,1,0,0,0,0.999878,0.944485,0.69946
0,0,0,0,0,0,0,0,0,0.992154,0.959988,0.75183
0.0313935,0.00932233,0,0.982315,0.924629,1,0,0,0,0.902952,0.875787,0.713731
0,0,0,1,0.976801,0.203541,0,0,0,0.999972,0.941115,0.71403
0,0,0,1,0.955866,0.230117,0,0,0,0.999952,0.943867,0.728652
0,0,0,1,0.951464,1,0,0,0,1,0.944177,0.689096
0,0,0,1,0.948034,0.310395,0,0,0,0.998901,0.91611,0.686055
0,0,0,1,0.95371,0.246423,0,0,0,1,0.964855,0.741674
0,0,0,1,0.958701,0.216775,0,0,0,0.999751,0.909747,0.67104
0,0,0,1,0.938059,1,0,0,0,0.963437,0.937669,0.76207
0,0,0,0,0,0,0,0,0,0.999318,0.920074,0.679604
0,0,0,0.992045,0.930411,1,0,0,0,0.863276,0.833731,0.626353
0,0,0,1,0.934017,1,0,0,0,1,0.940572,0.703651
0,0,0,1,0.934402,1,0,0,0,1,0.956227,0.730097
0,0,0,0,0,0,0,0,0,0.937096,0.90813,0.73431
0,0,0,1,0.94062,0.575249,0,0,0,0.999999,0.9659,0.72027
0,0,0,0,0,0,0,0,0,0.999985,0.958847,0.745213
0,0,0,1,0.980397,0.409003,0,0,0,0.99999,0.934275,0.680772
0,0,0,1,0.968426,0.212899,0,0,0,1,0.951142,0.701713
0,0,0,0,0,0,0,0,0,1,0.969671,0.742608
0,0,0,1,0.919282,1,0,0,0,1,0.977328,0.72487
0,0,0,0,0,0,0,0,0,1,0.966789,0.715722
0,0,0,0,0,0,0,0,0,0.99964,0.955817,0.718792
0,0,0,0.965071,0.934104,1,0,0,0,0.999997,0.962321,0.720368
0,0,0,1,0.945046,1,0,0,0,1,0.977284,0.743354
0,0,0,1,0.948365,1,0,0,0,0.964389,0.939692,0.767864
0,0,0,1,0.952094,1,0,0,0,0.999822,0.935582,0.729038
0,0,0,1,0.951691,1,0,0,0,1,0.951594,0.726814
0,0,0,1,0.940816,0.576627,0,0,0,0.956309,0.9255,0.771499
0,0,0,1,0.971125,0.204714,0,0,0,0.999991,0.959078,0.73659
0,0,0,1,0.976731,0.203225,0,0,0,0.999984,0.954478,0.729905
0,0,0,0,0,0,0,0,0,0.993333,0.947478,0.7413
0,0,0,1,0.97564,0.201908,0,0,0,1,0.973944,0.741674
0,0,0,1,0.93745,0.462158,0,0,0,0.997686,0.924824,0.713132
0,0,0,1,0.946313,0.397093,0,0,0,1,0.97622,0.744471
0,0,0,1,0.944393,0.365677,0,0,0,0.927888,0.899652,0.745398
0,0,0,1,0.947846,1,0,0,0,1,0.975249,0.717606
0,0,0,1,0.972316,0.202127,0,0,0,1,0.957833,0.695958
0,0,0,1,0.933457,1,0,0,0,1,0.970688,0.735071
0,0,0,0,0,0,0,0,0,0.98943,0.951953,0.745028
0,0,0,1,0.941672,0.535945,0,0,0,0.935935,0.907804,0.68458
0,0,0,1,0.948703,1,0,0,0,0.999998,0.94079,0.691393
0,0,0,1,0.937082,1,0,0,0,0.860017,0.830044,0.628749
0,0,0,1,0.950738,0.285634,0,0,0,0.999999,0.935582,0.679072
0,0,0,0.975439,0.919211,1,0,0,0,0.993281,0.936865,0.742048
0,0,0,0,0,0,0,0,0,0.971456,0.926037,0.735262
0,0,0,1,0.936285,0.498793,0,0,0,1,0.984927,0.75274
0,0,0,1,0.937203,1,0,0,0,1,0.9455,0.692226
0,0,0,1,0.935979,1,0,0,0,1,0.941223,0.696475
0,0,0,1,0.977026,0.204557,0,0,0,0.92657,0.892937,0.691081
0,0,0,1,0.974626,0.191001,0,0,0,0.900879,0.856812,0.685107
0,0,0,1,0.939781,1,0,0,0,1,0.971779,0.74055
0,0,0,0,0,0,0,0,0,0.999999,0.932453,0.680985
0,0,0,1,0.949822,1,0,0,0,1,0.975716,0.719679
0,0,0,1,0.981342,0.347734,0,0,0,0.999999,0.957755,0.737725
0,0,0,0,0,0,0,0,0,0.999994,0.941007,0.702836
0,0,0,1,0.935305,0.745312,0,0,0,0.999987,0.932821,0.696165
0,0,0,1,0.949607,1,0,0,0,0.999979,0.940353,0.71403
0,0,0,1,0.942691,0.464587,0,0,0,0.879354,0.852076,0.652795
0,0,0,0,0,0,0,0,0,0.835484,0.804252,0.595198
0,0,0,1,0.926906,1,0,0,0,0.999692,0.942401,0.704364
0,0,0,0.977986,0.928129,1,0,0,0,1,0.949576,0.715424
0,0,0,1,0.965815,0.227508,0,0,0,0.976038,0.960731,0.784154
0.012877,0.00264022,0,0,0,0,0,0,0,0.999833,0.924279,0.679923
0,0,0,1,0.935799,1,0,0,0,1,0.956715,0.706899
0,0,0,1,0.951669,1,0,0,0,0.999506,0.951414,0.736401
0,0,0,1,0.931532,1,0,0,0,1,0.975623,0.715126
0,0,0,1,0.958212,1,0,0,0,0.951504,0.915959,0.684264
0,0,0,1,0.9553,1,0,0,0,0.999914,0.917746,0.673299
0,0,0,1,0.936262,0.39639,0,0,0,0.876951,0.844024,0.641871
0,0,0,1,0.978613,0.194527,0,0,0,0.999487,0.957517,0.720073
0,0,0,1,0.974192,0.490046,0,0,0,1,0.948251,0.714728
0,0,0,0.971192,0.912196,1,0,0,0,1,0.977714,0.729423
0,0,0,1,0.939733,0.395422,0,0,0,0.998293,0.906488,0.668339
0,0,0,1,0.935033,1,0,0,0,0.999558,0.930458,0.702734
0,0,0,0.997432,0.922648,1,0,0,0,0.999994,0.9462,0.704668
0,0,0,1,0.941877,0.537153,0,0,0,1,0.943034,0.688049
0,0,0,1,0.964356,1,0,0,0,0.924824,0.894605,0.710628
0,0,0,1,0.950727,1,0,0,0,0.999857,0.95877,0.71721
0,0,0,1,0.93356,0.978325,0,0,0,0.99917,0.969032,0.774754
0,0,0,0.967663,0.936248,1,0,0,0,1,0.93196,0.681409
0,0,0,0,0,0,0,0,0,0.999999,0.931587,0.677261
0,0,0,1,0.969051,0.591041,0,0,0,1,0.974917,0.750553
0,0,0,1,0.949699,1,0,0,0,0.995133,0.971672,0.805173
0,0,0,1,0.976761,0.203359,0,0,0,0.999991,0.956634,0.707
0,0,0,0,0,0,0,0,0,0.856453,0.820901,0.612541
0,0,0,1,0.934405,1,0,0,0,0.999998,0.953708,0.712632
0,0,0,0.97972,0.944965,1,0,0,0,0.998463,0.961893,0.776962
0,0,0,0,0,0,0,0,0,0.986828,0.949389,0.762247
0,0,0,1,0.947695,0.365886,0,0,0,1,0.962321,0.723505
0,0,0,1,0.980052,0.325557,0,0,0,1,0.965119,0.727201
0,0,0,0.992051,0.950058,0.855303,0,0,0,1,0.966283,0.73659
0,0,0,1,0.949289,0.287766,0,0,0,1,0.954223,0.708011
0,0,0,0.986666,0.997055,0.441831,0,0,0,1,0.976084,0.737725
0,0,0,1,0.971246,0.205054,0,0,0,0.988668,0.968856,0.798187
0,0,0,0,0,0,0,0,0,0.999996,0.956391,0.706494
0,0,0,1,0.976942,0.410281,0,0,0,0.999473,0.934634,0.697094
0,0,0,1,0.937354,0.70257,0,0,0,1,0.978549,0.719876
0,0,0,1,0.931518,0.984464,0,0,0,0.999959,0.940898,0.708616
0,0,0,0.992972,0.95016,0.854171,0,0,0,0.999999,0.96378,0.743168
0,0,0,1,0.937583,0.462753,0,0,0,0.999354,0.935346,0.720467
0,0,0,1,0.909474,1,0,0,0,0.999869,0.910067,0.671686
0,0,0,1,0.961043,0.262763,0,0,0,0.980281,0.954984,0.804252
0,0,0,1,0.950522,0.286747,0,0,0,1,0.970854,0.7324
0,0,0,0.991955,0.950047,0.855421,0,0,0,1,0.975012,0.722331
0,0,0,1,0.946135,0.397035,0,0,0,0.999994,0.96175,0.738669
0,0,0,1,0.961522,0.707286,0,0,0,0.999907,0.934873,0.692642
0,0,0,1,0.957871,0.309921,0,0,0,1,0.945399,0.715523
0,0,0,1,0.953909,1,0,0,0,0.993902,0.948917,0.724091
0,0,0,0.967471,0.975022,0.775481,0,0,0,0.998439,0.909586,0.66769
0,0,0,1,0.958304,0.77049,0,0,0,0.999988,0.965771,0.741487
0,0,0,1,0.919689,1,0,0,0,1,0.954647,0.704567
0,0,0,1,0.935172,1,0,0,0,0.966914,0.934515,0.766643
0,0,0,0.981265,0.924282,1,0,0,0,0.99994,0.920647,0.674587
0,0,0,1,0.955222,1,0,0,0,0.998844,0.919643,0.679923
0,0,0,0.995528,0.92204,1,0,0,0,0.999876,0.926037,0.69285
0,0,0,1,0.984678,0.294634,0,0,0,0.963437,0.932207,0.719975
0,0,0,0,0,0,0,0,0,0.903805,0.873431,0.674265
0,0,0,1,0.949505,0.286714,0,0,0,0.999876,0.947381,0.726426
0,0,0,1,0.905534,1,0,0,0,0.925365,0.891622,0.698124
0,0,0,1,0.933555,0.978648,0,0,0,0.999988,0.952397,0.719088
0,0,0,1,0.956478,0.227147,0,0,0,0.999997,0.967225,0.724091
0.245163,0.0623655,0,0,0,0,0,0,0,1,0.932944,0.682045
0,0,0,1,0.941809,1,0,0,0,1,0.979938,0.728652
0,0,0,1,0.951472,1,0,0,0,0.999993,0.943138,0.695752
0,0,0,1,0.955583,1,0,0,0,0.999984,0.961822,0.708515
0,0,0,0,0,0,0,0,0,0.781164,0.735071,0.518394
0,0,0,1,0.927737,1,0,0,0,0.999993,0.957118,0.731826
0,0,0,0.993812,0.920027,1,0,0,0,0.999007,0.959611,0.751101
0,0,0,1,0.934882,1,0,0,0,1,0.970632,0.741487
0,0,0,1,0.93611,1,0,0,0,0.874507,0.84607,0.635675
0,0,0,1,0.935656,0.698719,0,0,0,0.921922,0.887984,0.700075
0.101714,0.0223986,0,0,0,0,0,0,0,0.999999,0.936285,0.681621
0.000497932,0,0,1,0.998501,0.2316,0,0,0,0.99986,0.925769,0.682045
0,0,0,1,0.933928,1,0,0,0,1,0.951323,0.703651
0,0,0,0.995544,0.922045,1,0,0,0,0.999768,0.910067,0.673729
0,0,0,1,0.93742,1,0,0,0,0.997659,0.969149,0.770637
0,0,0,1,0.982361,0.245436,0,0,0,1,0.972204,0.728362
0,0,0,1,0.919155,1,0,0,0,0.950227,0.929312,0.754734
0,0,0,1,0.938563,0.428114,0,0,0,0.999979,0.922622,0.669421
0,0,0,0.969139,0.936609,1,0,0,0,1,0.951594,0.715225
0,0,0,1,0.933817,0.879949,0,0,0,0.999993,0.964589,0.733738
0,0,0,0.981985,0.984325,0.641189,0,0,0,1,0.972099,0.760473
0,0,0,1,0.933269,0.882752,0,0,0,1,0.960878,0.746878
0,0,0,1,0.93332,0.574875,0,0,0,0.980015,0.960657,0.792464
0,0,0,1,0.948449,1,0,0,0,0.914291,0.882225,0.676727
0,0,0,1,0.946898,0.499604,0,0,0,0.99868,0.962883,0.775775
0,0,0,1,0.950949,1,0,0,0,1,0.952309,0.70304
0,0,0,0,0,0,0,0,0,0.887595,0.861538,0.665628
0,0,0,1,0.9417,0.536113,0,0,0,0.894789,0.854278,0.667581
0,0,0,1,0.937579,1,0,0,0,0.999699,0.922343,0.695855
0,0,0,1,0.935242,0.744026,0,0,0,0.999941,0.924824,0.692122
0,0,0,1,0.998115,0.370336,0,0,0,1,0.9455,0.689619
0,0,0,1,0.930961,1,0,0,0,0.999998,0.970688,0.727298
0,0,0,1,0.93496,0.5354,0,0,0,0.999988,0.939025,0.698535
0,0,0,1,0.96111,0.262929,0,0,0,0.999993,0.963575,0.739611
0,0,0,1,0.946711,1,0,0,0,0.999992,0.963643,0.740362
0,0,0,1,0.943559,1,0,0,0,0.999999,0.972831,0.76207
0,0,0,1,0.975439,0.192593,0,0,0,0.999728,0.961678,0.723993
0,0,0,1,0.933137,1,0,0,0,0.999999,0.955734,0.718199
0,0,0,0,0,0,0,0,0,0.937096,0.901575,0.666388
0,0,0,0,0,0,0,0,0,0.999975,0.945601,0.702428
0,0,0,1,0.934016,0.835476,0,0,0,0.917893,0.887205,0.689828
0,0,0,0.977927,0.944631,1,0,0,0,0.998073,0.970743,0.769946
0,0,0,1,0.986284,0.313268,0,0,0,0.999758,0.962673,0.728459
0,0,0,1,0.959539,1,0,0,0,0.9271,0.87925,0.683947
0,0,0,1,0.905843,1,0,0,0,0.990441,0.972467,0.809125
0,0,0,1,0.950369,0.286343,0,0,0,1,0.980949,0.758868
0,0,0,1,0.95351,1,0,0,0,0.896251,0.868604,0.660939
0,0,0,1,0.949038,1,0,0,0,0.959988,0.937669,0.734501
0.000966678,0.000121586,0,1,0.93326,0.886056,0,0,0,1,0.972467,0.738103
0,0,0,1,0.951305,1,0,0,0,1,0.951684,0.733165
0,0,0,0.982388,0.924654,1,0,0,0,0.992906,0.951414,0.78083
0,0,0,0.982835,0.924801,1,0,0,0,0.973993,0.943971,0.736401
0,0,0,0.991811,0.930337,1,0,0,0,1,0.969785,0.731442
0,0,0,0.96424,0.993774,0.530349,0,0,0,1,0.974337,0.711631
0,0,0,0.991892,0.916794,1,0,0,0,0.959762,0.932083,0.757256
0,0,0,1,0.948051,0.464187,0,0,0,0.999965,0.961025,0.733165
0,0,0,1,0.920029,1,0,0,0,0.999876,0.954563,0.735831
0,0,0,1,0.94271,0.464671,0,0,0,1,0.961316,0.696887
0,0,0,1,0.945225,1,0,0,0,1,0.9455,0.690037
0,0,0,1,0.935232,1,0,0,0,1,0.962321,0.737914
0,0,0,1,0.949622,1,0,0,0,0.999835,0.947769,0.700588
0,0,0,1,0.958447,1,0,0,0,1,0.965381,0.744656
0,0,0,1,0.948804,1,0,0,0,0.999947,0.929951,0.68941
0,0,0,0.986776,0.997057,0.441764,0,0,0,0.999999,0.940463,0.693058
0,0,0,1,0.980634,0.206733,0,0,0,1,0.9775,0.750553
0,0,0,1,0.944961,1,0,0,0,0.990216,0.935817,0.711832
0,0,0,1,0.944201,1,0,0,0,0.999605,0.959383,0.736211
0,0,0,0.990173,0.918446,1,0,0,0,0.999974,0.927495,0.682891
0,0,0,1,0.945313,1,0,0,0,0.971725,0.943764,0.799755
0,0,0,1,0.946284,0.396995,0,0,0,1,0.975343,0.717012
0,0,0,1,0.909462,1,0,0,0,1,0.952486,0.724773
0,0,0,0,0,0,0,0,0,0.894421,0.867598,0.665084
0,0,0,1,0.96928,0.58727,0,0,0,0.999994,0.962883,0.74055
0,0,0,1,0.927691,1,0,0,0,0.99983,0.951684,0.738292
0,0,0,1,0.936018,1,0,0,0,0.996503,0.937897,0.731442
0,0,0,1,0.933457,0.981349,0,0,0,0.971672,0.945701,0.776623
0,0,0,1,0.980188,0.198829,0,0,0,1,0.976038,0.742048
0,0,0,1,0.933263,0.883702,0,0,0,0.999518,0.941868,0.709019
0,0,0,1,0.982225,0.212112,0,0,0,0.999942,0.97959,0.781497
0,0,0,1,0.939681,0.617346,0,0,0,1,0.957675,0.72027
0,0,0,0,0,0,0,0,0,0.915507,0.887984,0.684897
0,0,0,1,0.949236,0.287623,0,0,0,0.999997,0.964589,0.73678
0,0,0,1,0.951305,1,0,0,0,0.999991,0.926037,0.675122
0,0,0,1,0.945142,1,0,0,0,0.999991,0.952838,0.744099
0,0,0,1,0.963956,0.201356,0,0,0,0.999995,0.962179,0.73848
0,0,0,1,0.932876,1,0,0,0,1,0.978467,0.721056
0,0,0,1,0.984695,0.295078,0,0,0,0.99996,0.961678,0.736021
0,0,0,1,0.95857,0.286591,0,0,0,0.967717,0.940353,0.771155
0,0,0,0.981431,0.98429,0.641682,0,0,0,1,0.960952,0.737158
0,0,0,1,0.953732,0.246482,0,0,0,1,0.951684,0.715026
0,0,0,1,0.944717,1,0,0,0,0.999999,0.96856,0.728362
0,0,0,1,0.947492,1,0,0,0,0.99764,0.968261,0.782496
0,0,0,1,0.975452,0.192636,0,0,0,0.998835,0.90878,0.683947
0,0,0,1,0.935182,0.742852,0,0,0,0.999323,0.927888,0.700895
0,0,0,1,0.93615,1,0,0,0,0.985552,0.949576,0.792946
0,0,0,0.976347,0.919516,1,0,0,0,1,0.971019,0.730963
0,0,0,0.991011,0.916511,1,0,0,0,0.956553,0.937211,0.767341
0,0,0,0.964864,0.962707,0.929234,0,0,0,0.848722,0.820326,0.628521
0,0,0,1,0.976937,0.41064,0,0,0,0.999856,0.951594,0.734501
0,0,0,1,0.938004,1,0,0,0,0.999979,0.964921,0.731442
0,0,0,1,0.934632,0.787832,0,0,0,1,0.95388,0.723114
0,0,0,0.991918,0.930371,1,0,0,0,0.999946,0.946597,0.727492
0,0,0,1,0.935937,1,0,0,0,0.999992,0.970352,0.735831
0,0,0,1,0.937498,0.462377,0,0,0,0.999711,0.916708,0.681833
0.0102888,0.000961795,0,1,0.980378,0.409925,0,0,0,0.999959,0.940243,0.709623
0,0,0,1,0.984676,0.29456,0,0,0,0.956553,0.92944,0.776623
0,0,0,1,0.933694,0.928069,0,0,0,1,0.953013,0.701713
0,0,0,1,0.948937,0.336,0,0,0,0.999568,0.963369,0.737725
0,0,0,1,0.952672,1,0,0,0,1,0.97024,0.725843
0,0,0,0.980085,0.957849,1,0,0,0,0.999998,0.938011,0.682468
0,0,0,1,0.980423,0.407738,0,0,0,1,0.950778,0.694406
0,0,0,1,0.93843,0.658413,0,0,0,0.999996,0.947962,0.741861
0,0,0,1,0.957003,1,0,0,0,1,0.959611,0.701406
0.0151012,0.00210897,0,0.982964,0.971447,0.8407,0,0,0,0.999998,0.932083,0.682997
0,0,0,1,0.947611,0.365618,0,0,0,1,0.981022,0.766119
0,0,0,1,0.931676,0.616252,0,0,0,0.998319,0.922622,0.688468
0,0,0,1,0.954549,1,0,0,0,1,0.972467,0.725454
0,0,0,1,0.979155,0.216584,0,0,0,1,0.96525,0.721939
0,0,0,1,0.951538,1,0,0,0,0.999999,0.966092,0.724578
0,0,0,1,0.935779,0.700452,0,0,0,1,0.955651,0.737725
0,0,0,0,0,0,0,0,0,0.931836,0.910863,0.742982
0,0,0,1,0.936857,0.499142,0,0,0,0.999999,0.957437,0.734881
0,0,0,1,0.933811,0.879324,0,0,0,1,0.9666,0.727492
0,0,0,1,0.919683,1,0,0,0,1,0.941223,0.691393
0,0,0,1,0.950684,1,0,0,0,0.999991,0.960435,0.727395
0,0,0,1,0.946237,0.336455,0,0,0,0.999975,0.928797,0.698946
0,0,0,1,0.916423,1,0,0,0,1,0.970854,0.75401
0,0,0,1,0.947718,1,0,0,0,1,0.956634,0.724286
0,0,0,1,0.95788,0.309947,0,0,0,0.945901,0.917303,0.764716
0,0,0,1,0.933266,0.883867,0,0,0,0.999793,0.942612,0.68437
0,0,0,1,0.972341,0.20221,0,0,0,1,0.959459,0.699973
0,0,0,1,0.933821,0.831081,0,0,0,1,0.948058,0.701509
0,0,0,1,0.948178,0.310802,0,0,0,0.999766,0.95275,0.730482
0,0,0,1,0.957869,0.309915,0,0,0,0.999999,0.955319,0.740925
0,0,0,1,0.933983,0.833102,0,0,0,1,0.974435,0.723212
0,0,0,1,0.943374,1,0,0,0,0.999369,0.940353,0.708313
0,0,0,1,0.936229,0.396274,0,0,0,0.999922,0.958382,0.739234
0,0,0,1,0.93398,1,0,0,0,0.999961,0.970409,0.7413
0,0,0,0,0,0,0,0,0,0.963437,0.939137,0.783823
0,0,0,0,0,0,0,0,0,0.960137,0.927888,0.769427
0,0,0,1,0.976968,0.204296,0,0,0,0.999991,0.962743,0.739046
0,0,0,1,0.937736,0.365469,0,0,0,1,0.976935,0.735071
0,0,0,1,0.982192,0.211913,0,0,0,0.75401,0.720467,0.545891
0,0,0,1,0.933997,1,0,0,0,0.967656,0.895888,0.677047
0,0,0,0,0,0,0,0,0,0.768907,0.728265,0.560283
0.00703655,0.0013589,0,0,0,0,0,0,0,0.61202,0.581244,0.435902
0,0,0,1,0.926974,1,0,0,0,0.948822,0.924415,0.747247
0,0,0,0.973216,0.913719,1,0,0,0,1,0.974141,0.737536
0,0,0,1,0.940821,1,0,0,0,0.999533,0.925769,0.682891
0,0,0,1,0.95396,1,0,0,0,0.999994,0.962743,0.73848
0,0,0,1,0.933396,0.57538,0,0,0,0.999999,0.966789,0.724578
0,0,0,1,0.982219,0.212076,0,0,0,0.999999,0.943138,0.704872
0,0,0,1,0.938452,0.658636,0,0,0,1,0.980091,0.76207
0,0,0,0,0,0,0,0,0,0.906818,0.877372,0.698227
0,0,0,1,0.941596,1,0,0,0,0.9229,0.892187,0.698844
0,0,0,1,0.956869,1,0,0,0,0.999887,0.928409,0.69233
0,0,0,1,0.937989,0.463782,0,0,0,0.997774,0.957991,0.735262
0,0,0,1,0.937923,1,0,0,0,1,0.962108,0.722723
0,0,0,1,0.973444,0.19575,0,0,0,0.999873,0.946695,0.701509
0,0,0,1,0.945731,1,0,0,0,0.999998,0.957912,0.738858
0,0,0,1,0.980064,0.326157,0,0,0,0.888566,0.810479,0.608827
0,0,0,0,0,0,0,0,0,0.998439,0.939582,0.703549
0,0,0,0,0,0,0,0,0,0.999997,0.945701,0.695855
0,0,0,1,0.937461,1,0,0,0,1,0.968141,0.750187
0,0,0,1,0.948679,0.31053,0,0,0,0.975437,0.957118,0.793106
0,0,0,1,0.949027,0.336266,0,0,0,0.999998,0.971074,0.727298
0,0,0,0.981069,0.945214,1,0,0,0,0.999715,0.951684,0.715623
0,0,0,1,0.937462,1,0,0,0,0.999999,0.93233,0.695855
0,0,0,0.995329,0.921976,1,0,0,0,0.999997,0.975716,0.742048
0,0,0,0.969267,0.931253,1,0,0,0,0.995263,0.978794,0.819171
0,0,0,1,0.98069,0.207036,0,0,0,0.999889,0.912436,0.686685
0,0,0,0,0,0,0,0,0,0.995208,0.910863,0.677474
0,0,0,1,0.981566,0.295955,0,0,0,1,0.974483,0.718397
0,0,0,1,0.933812,0.879392,0,0,0,0.999999,0.980543,0.740362
0,0,0,1,0.981547,0.295541,0,0,0,1,0.947962,0.691185
0,0,0,1,0.95182,1,0,0,0,0.999992,0.968915,0.737914
0,0,0,1,0.982372,0.245548,0,0,0,0.98599,0.952397,0.746878
0,0,0,0.993017,0.908673,1,0,0,0,0.997965,0.977883,0.805326
0,0,0,1,0.905725,1,0,0,0,0.866359,0.830732,0.665302
0,0,0,1,0.977059,0.204705,0,0,0,1,0.968381,0.720663
0,0,0,1,0.919735,1,0,0,0,1,0.972985,0.717705
0,0,0,0,0,0,0,0,0,0.9357,0.913368,0.735452
0,0,0,1,0.922758,1,0,0,0,0.974773,0.935346,0.753104
0,0,0,0,0,0,0,0,0,0.941654,0.919643,0.749454
0,0,0,1,0.950423,0.286483,0,0,0,0.999992,0.942929,0.695648
0,0,0,1,0.990255,0.531367,0,0,0,0.999999,0.950686,0.70253
0,0,0,1,0.981344,0.347936,0,0,0,0.999999,0.945901,0.708717
0,0,0,1,0.926935,1,0,0,0,0.99998,0.9549,0.702224
0,0,0,1,0.935329,1,0,0,0,0.859546,0.82755,0.652241
0,0,0,1,0.94576,0.39634,0,0,0,0.999973,0.953622,0.708918
0,0,0,0.987569,0.91272,1,0,0,0,0.974532,0.948442,0.800536
0,0,0,0.964577,0.96267,0.929627,0,0,0,0.999999,0.940898,0.687525
0,0,0,1,0.955492,1,0,0,0,0.999889,0.969957,0.731059
0,0,0,1,0.951566,1,0,0,0,1,0.972257,0.739611
0,0,0,0,0,0,0,0,0,0.999967,0.922062,0.674372
0,0,0,1,0.950488,0.286657,0,0,0,1,0.959459,0.735831
0,0,0,1,0.956834,1,0,0,0,0.999991,0.950503,0.745213
0,0,0,1,0.949105,0.310154,0,0,0,0.959307,0.930584,0.779993
0,0,0,0.993275,0.919906,1,0,0,0,0.999427,0.95096,0.739046
0,0,0,1,0.961326,0.709825,0,0,0,0.997242,0.973645,0.797557
0,0,0,1,0.927754,1,0,0,0,1,0.967778,0.736969
0,0,0,1,0.933718,1,0,0,0,0.999992,0.960212,0.712032
0,0,0,1,0.963798,1,0,0,0,1,0.957833,0.739234
0,0,0,1,0.950796,0.285783,0,0,0,1,0.968141,0.711431
0,0,0,0,0,0,0,0,0,0.999999,0.958226,0.737158
0,0,0,1,0.984653,0.293963,0,0,0,0.999844,0.957517,0.735071
0,0,0,1,0.957856,0.216185,0,0,0,0.999975,0.957517,0.73678
0,0,0,1,0.963289,0.242207,0,0,0,0.999981,0.962532,0.7413
0,0,0,1,0.982107,0.211372,0,0,0,1,0.955651,0.695958
0,0,0,1,0.935714,1,0,0,0,0.999988,0.956877,0.726329
0,0,0,1,0.926876,1,0,0,0,0.9549,0.919931,0.727879
0,0,0,1,0.934102,1,0,0,0,0.999995,0.955651,0.731826
0,0,0,0.977833,0.961734,0.769083,0,0,0,0.999999,0.951142,0.733929
0,0,0,0.993878,0.908921,1,0,0,0,0.976038,0.935582,0.756717
0,0,0,1,0.924048,1,0,0,0,1,0.954563,0.706899
0,0,0,1,0.97679,0.203492,0,0,0,1,0.974869,0.722918
0,0,0,0.993825,0.908809,1,0,0,0,0.999987,0.978177,0.746878
0,0,0,0.977132,0.923154,1,0,0,0,0.99999,0.971184,0.738292
0,0,0,1,0.92271,1,0,0,0,0.999998,0.96622,0.744842
0,0,0,0.967121,0.928804,1,0,0,0,0.996815,0.947381,0.749821
0,0,0,0.991532,0.914237,1,0,0,0,0.998897,0.91228,0.683525
0,0,0,1,0.943953,1,0,0,0,0.999989,0.953708,0.70477
0,0,0,1,0.934774,0.792024,0,0,0,0.99999,0.961822,0.739234
0,0,0,1,0.934744,0.791138,0,0,0,0.83868,0.800224,0.595022
0,0,0,1,0.947357,0.364809,0,0,0,0.984752,0.964722,0.813609
0,0,0,1,0.972326,0.202159,0,0,0,0.999993,0.971564,0.751648
0,0,0,1,0.981311,0.344487,0,0,0,1,0.96802,0.743168
0,0,0,0,0,0,0,0,0,0.866246,0.816845,0.635449
0,0,0,1,0.925303,1,0,0,0,0.999837,0.915356,0.671147
0,0,0,1,0.998119,0.369249,0,0,0,1,0.965316,0.727007
0,0,0,0.964163,0.962615,0.930195,0,0,0,0.999931,0.957038,0.743354
0,0,0,1,0.958555,0.286555,0,0,0,0.999998,0.947866,0.689306
0,0,0,1,0.970821,0.200065,0,0,0,0.994552,0.968856,0.80456
0,0,0,0.982607,0.924726,1,0,0,0,0.999997,0.955319,0.702326
0,0,0,1,0.956928,1,0,0,0,1,0.953535,0.727201
0,0,0,0,0,0,0,0,0,0.939582,0.900879,0.711732
0,0,0,1,0.949132,1,0,0,0,1,0.962462,0.745769
0,0,0,1,0.93537,1,0,0,0,0.999927,0.916708,0.671901
0,0,0,0,0,0,0,0,0,0.951414,0.92617,0.76454
0,0,0,1,0.944785,1,0,0,0,1,0.96622,0.712232
0.0706164,0.0184842,0,1,0.933381,1,0,0,0,0.572065,0.538043,0.410343
0,0,0,1,0.945103,1,0,0,0,0.588061,0.553716,0.414188
0,0,0,1,0.946145,0.397069,0,0,0,0.999997,0.968797,0.723993
0,0,0,1,0.938718,0.428204,0,0,0,0.948442,0.92373,0.723212
0,0,0,0,0,0,0,0,0,1,0.950227,0.695648
0,0,0,0.970618,0.94113,1,0,0,0,0.999421,0.933794,0.719482
0,0,0,1,0.985309,0.225921,0,0,0,0.947962,0.923316,0.765593
0,0,0,0,0,0,0,0,0,0.735262,0.694924,0.529431
0,0,0,1,0.968227,0.212392,0,0,0,1,0.961606,0.733547
0,0,0,1,0.947492,0.36524,0,0,0,0.997876,0.969382,0.795499
0,0,0,0.964208,0.962621,0.930134,0,0,0,1,0.973645,0.731059
0.00114197,0.000130645,0,1,0.915788,1,0,0,0,0.976401,0.932207,0.704973
0,0,0,1,0.963253,1,0,0,0,1,0.97658,0.761006
0,0,0,1,0.966145,0.224614,0,0,0,0.999993,0.930458,0.68342
0,0,0,1,0.97102,0.200585,0,0,0,0.896795,0.873215,0.689933
0,0,0,1,0.951868,1,0,0,0,1,0.959687,0.719482
0,0,0,1,0.927734,0.657198,0,0,0,0.999804,0.91383,0.676192
0,0,0,1,0.947192,1,0,0,0,1,0.963575,0.715821
0,0,0,1,0.974684,0.19116,0,0,0,1,0.960435,0.744285
0,0,0,1,0.926794,1,0,0,0,1,0.973795,0.727492
0,0,0,1,0.937683,0.462798,0,0,0,0.919063,0.883034,0.695545
0,0,0,1,0.93483,1,0,0,0,0.999984,0.952662,0.729327
0,0,0,1,0.926958,1,0,0,0,1,0.946498,0.725843
0,0,0,1,0.958246,0.77121,0,0,0,1,0.977284,0.707506
0,0,0,0,0,0,0,0,0,0.849347,0.820182,0.620162
0,0,0,1,0.938264,1,0,0,0,0.99976,0.934155,0.691497
0,0,0,1,0.984114,0.254204,0,0,0,0.999993,0.969613,0.741674
0,0,0,0,0,0,0,0,0,0.999336,0.956472,0.729327
0,0,0,0.948967,0.961405,1,0,0,0,1,0.97553,0.74872
0,0,0,0,0,0,0,0,0,0.999134,0.912592,0.677474
0,0,0,1,0.943775,1,0,0,0,0.97649,0.961171,0.783492
0,0,0,0,0,0,0,0,0,1,0.951504,0.706596
0,0,0,1,0.959551,1,0,0,0,1,0.941868,0.713132
3.45706e-06,0,0,0,0,0,0,0,0,0.895888,0.862468,0.69946
0,0,0,1,0.936808,0.498907,0,0,0,1,0.96796,0.748352
0,0,0,1,0.947744,1,0,0,0,0.999998,0.967101,0.73431
0,0,0,1,0.955917,0.230249,0,0,0,1,0.969728,0.740362
0,0,0,0.993284,0.908645,1,0,0,0,0.998779,0.968381,0.778649
0,0,0,1,0.938278,1,0,0,0,0.999999,0.966789,0.722821
0,0,0,1,0.990285,0.530756,0,0,0,0.999999,0.945399,0.706899
0,0,0,0.994758,0.950357,0.851994,0,0,0,0.940681,0.91626,0.757436
0,0,0,1,0.960685,0.204513,0,0,0,0.801315,0.763131,0.576959
0,0,0,0,0,0,0,0,0,0.997439,0.966474,0.775945
0,0,0,0.992155,0.912229,1,0,0,0,0.999974,0.947478,0.732209
0,0,0,1,0.940617,0.575227,0,0,0,1,0.945096,0.689724
0.000154841,9.17907e-06,0,0,0,0,0,0,0,0.901748,0.859664,0.633183
0,0,0,1,0.933611,0.976935,0,0,0,1,0.970465,0.739986
0,0,0,0.982398,0.98435,0.64082,0,0,0,0.999994,0.960731,0.719975
0,0,0,1,0.933659,1,0,0,0,1,0.975762,0.704262
0.0599656,0.0086261,0,1,0.946188,0.336309,0,0,0,1,0.934515,0.685213
0,0,0,1,0.933548,0.979111,0,0,0,0.999981,0.947962,0.699357
0,0,0,1,0.997837,0.312643,0,0,0,0.999998,0.943867,0.716814
0,0,0,0.991554,0.950002,0.855918,0,0,0,0.99315,0.919353,0.681409
0,0,0,1,1,0.312401,0,0,0,0.999998,0.968081,0.743727
0,0,0,1,0.972265,0.201959,0,0,0,0.999983,0.969556,0.723993
0,0,0,1,0.945054,1,0,0,0,0.999998,0.953188,0.721547
0,0,0,1,0.941371,1,0,0,0,0.999996,0.955569,0.736211
0,0,0,1,0.949576,1,0,0,0,1,0.962462,0.693577
0,0,0,1,0.998123,0.368542,0,0,0,1,0.969843,0.733929
0,0,0,1,0.931214,1,0,0,0,0.994531,0.974629,0.818592
0,0,0,1,0.945218,1,0,0,0,0.877477,0.847337,0.648021
0,0,0,1,0.944151,1,0,0,0,1,0.943971,0.720172
0,0,0,1,0.933722,0.926599,0,0,0,0.887984,0.857171,0.679817
0,0,0,1,0.946426,0.337018,0,0,0,0.996322,0.951414,0.747616
0,0,0,1,0.950293,0.28614,0,0,0,1,0.957437,0.734691
0,0,0,1,0.939763,1,0,0,0,0.999987,0.955899,0.708918
0,0,0,0,0,0,0,0,0,0.948346,0.927232,0.775095
0,0,0,1,0.935023,0.535756,0,0,0,0.999993,0.954478,0.710126
0,0,0,0.992034,0.91684,1,0,0,0,0.999997,0.967225,0.743913
0,0,0,1,0.984689,0.294916,0,0,0,0.999998,0.959001,0.734691
0,0,0,1,0.936117,0.498251,0,0,0,1,0.96796,0.730194
0,0,0,1,0.93331,0.574808,0,0,0,1,0.976802,0.721939
0,0,0,1,0.961165,0.263064,0,0,0,0.920074,0.867934,0.651466
0,0,0,1,0.956394,0.230448,0,0,0,0.999976,0.922343,0.674158
0,0,0,1,0.973709,0.196547,0,0,0,0.869271,0.839734,0.665954
0,0,0,1,0.933718,0.927259,0,0,0,1,0.945197,0.691602
0,0,0,0,0,0,0,0,0,0.853425,0.81772,0.623835
0,0,0,0,0,0,0,0,0,0.977414,0.898411,0.669637
0,0,0,0.990892,0.916472,1,0,0,0,1,0.9549,0.694199
0,0,0,1,0.944499,0.366013,0,0,0,0.999989,0.969613,0.727104
0,0,0,1,0.969283,0.58722,0,0,0,1,0.973645,0.735452
0,0,0,1,0.941654,1,0,0,0,0.999637,0.943243,0.717903
0,0,0,0.968265,0.975096,0.774593,0,0,0,1,0.965835,0.745954
0,0,0,1,0.954313,0.244554,0,0,0,0.999427,0.957833,0.744099
0,0,0,1,0.94332,1,0,0,0,1,0.977799,0.757256
0,0,0,1,0.952663,1,0,0,0,0.999997,0.940898,0.706292
0,0,0,0.97702,0.92313,1,0,0,0,0.902266,0.822617,0.621311
0,0,0,0,0,0,0,0,0,0.963916,0.944995,0.787114
0,0,0,1,0.933533,1,0,0,0,1,0.959762,0.706899
0,0,0,1,0.981575,0.296156,0,0,0,0.997584,0.976979,0.80271
0,0,0,0,0,0,0,0,0,0.989791,0.971402,0.800068
0,0,0,1,0.937419,0.703508,0,0,0,0.998012,0.926304,0.690768
0,0,0,1,0.937936,1,0,0,0,0.999477,0.910863,0.679179
0,0,0,1,0.933253,0.574426,0,0,0,0.99703,0.979036,0.81538
0,0,0,1,0.971238,0.205032,0,0,0,0.982691,0.888372,0.674587
0,0,0,1,0.964916,1,0,0,0,0.999398,0.90599,0.67104
0,0,0,0.99066,0.913965,1,0,0,0,1,0.957278,0.707708
0,0,0,1,0.936173,1,0,0,0,1,0.969091,0.73431
0,0,0,0,0,0,0,0,0,0.999999,0.948728,0.700075
0,0,0,1,0.909891,1,0,0,0,1,0.968141,0.739234
0,0,0,0.992693,0.908579,1,0,0,0,1,0.974677,0.712932
0,0,0,1,0.935753,1,0,0,0,1,0.968856,0.722821
0,0,0,0.993655,0.912622,1,0,0,0,1,0.954647,0.735831
0,0,0,1,0.940628,0.575307,0,0,0,1,0.959913,0.738292
0,0,0,1,0.917759,1,0,0,0,0.999525,0.920218,0.691185
1.02824,0.764041,0.270892,1,0.947582,1,0,0,0,0.955569,0.927757,0.712132
0,0,0,0,0,0,0,0,0,0.999998,0.961025,0.728362
0,0,0,0,0,0,0,0,0,0.999999,0.942612,0.700895
0,0,0,1,0.978615,0.194533,0,0,0,0.910067,0.880386,0.671578
0,0,0,1,0.937361,1,0,0,0,0.999999,0.967656,0.724773
0,0,0,0,0,0,0,0,0,0.999883,0.924688,0.692538
0,0,0,1,0.949284,0.429361,0,0,0,1,0.959837,0.737914
0,0,0,0,0,0,0,0,0,0.999999,0.965446,0.719285
0,0,0,0.98227,0.984342,0.640934,0,0,0,0.981418,0.946597,0.774754
0,0,0,1,0.968294,0.212563,0,0,0,0.999994,0.961171,0.710729
0,0,0,1,0.982595,0.226335,0,0,0,0.999154,0.953013,0.746324
0,0,0,0.984286,0.984465,0.639154,0,0,0,0.886027,0.857887,0.662251
0,0,0,1,0.993578,0.442157,0,0,0,1,0.973544,0.716119
0,0,0,1,0.945256,1,0,0,0,0.906983,0.850469,0.672869
0,0,0,0,0,0,0,0,0,0.922622,0.88642,0.670285
0,0,0,1,0.961296,0.710212,0,0,0,0.999996,0.949201,0.733929
0,0,0,1,0.956719,1,0,0,0,0.999998,0.9659,0.742608
0,0,0,1,0.922008,1,0,0,0,0.997527,0.967656,0.787605
0,0,0,0,0,0,0,0,0,1,0.967656,0.719778
0,0,0,1,0.93526,0.744432,0,0,0,1,0.975296,0.735071
0,0,0,1,0.936182,0.656449,0,0,0,0.999994,0.931213,0.694613
3.86231e-05,4.05311e-06,0,0,0,0,0,0,0,0.782164,0.751283,0.58439
0,0,0,1,0.93406,0.838458,0,0,0,1,0.974043,0.746693
0,0,0,1,0.935175,1,0,0,0,1,0.971564,0.724773
0,0,0,1,0.951966,0.265147,0,0,0,0.870597,0.813609,0.614625
0,0,0,1,0.960667,0.204464,0,0,0,1,0.942401,0.684475
0,0,0,0.963294,0.933547,1,0,0,0,0.967225,0.940572,0.761006
0,0,0,1,0.933261,0.884868,0,0,0,0.999947,0.962036,0.729327
0,0,0,1,0.946686,1,0,0,0,1,0.976758,0.722037
0,0,0,1,0.957422,1,0,0,0,1,0.957755,0.719088
0,0,0,0,0,0,0,0,0,0.933794,0.897516,0.735262
0,0,0,1,0.948984,0.336139,0,0,0,1,0.976758,0.743913
0,0,0,0,0,0,0,0,0,0.966283,0.940024,0.759404
0,0,0,1,0.941601,1,0,0,0,0.996765,0.951684,0.732592
0,0,0,0,0,0,0,0,0,0.900705,0.86212,0.667256
0,0,0,0,0,0,0,0,0,0.823328,0.795499,0.601711
0,0,0,0.967242,0.928841,1,0,0,0,1,0.972519,0.732209
0,0,0,1,0.917788,1,0,0,0,1,0.975809,0.74872
0.00689733,0.00198632,0,1,0.951694,1,0,0,0,1,0.963161,0.71123
0,0,0,0.991443,0.930218,1,0,0,0,0.995702,0.900879,0.672977
0,0,0,0,0,0,0,0,0,0.987853,0.95388,0.727975
0,0,0,0,0,0,0,0,0,1,0.978672,0.748168
0,0,0,1,0.934752,0.791327,0,0,0,1,0.945197,0.688678
0,0,0,1,0.948558,1,0,0,0,1,0.972623,0.736969
0,0,0,1,0.938263,1,0,0,0,0.988313,0.970465,0.807916
0,0,0,1,0.944462,0.365894,0,0,0,1,0.973594,0.743541
0,0,0,0,0,0,0,0,0,0.908618,0.880489,0.68721
0,0,0,1,0.953301,1,0,0,0,1,0.961098,0.750187
0,0,0,0,0,0,0,0,0,0.980319,0.961025,0.77373
0,0,0,1,0.936166,0.656281,0,0,0,1,0.975762,0.758511
0.00158328,0.000312995,0,0,0,0,0,0,0,0.870597,0.817574,0.614799
0,0,0,0.963285,0.9625,0.931406,0,0,0,0.999999,0.978915,0.741674
0,0,0,0.97566,0.919286,1,0,0,0,1,0.973544,0.727685
0,0,0,1,0.951884,0.264933,0,0,0,1,0.973993,0.750553
0,0,0,1,0.945719,0.396194,0,0,0,1,0.969382,0.743541
0,0,0,0,0,0,0,0,0,0.873215,0.844152,0.642657
0,0,0,1,0.933971,1,0,0,0,0.997834,0.960805,0.780328
0,0,0,1,0.967485,1,0,0,0,0.991422,0.983534,0.865338
0,0,0,1,0.937506,1,0,0,0,0.999812,0.912124,0.674158
0,0,0,1,0.950259,1,0,0,0,0.782164,0.735071,0.514019
0,0,0,1,0.95167,1,0,0,0,0.999961,0.92617,0.705886
0,0,0,1,0.954437,0.244863,0,0,0,1,0.939913,0.686055
0,0,0,1,0.971078,0.204579,0,0,0,0.999991,0.955899,0.742982
0,0,0,1,0.949092,0.310117,0,0,0,0.999991,0.951774,0.6973
0,0,0,1,0.975269,0.19202,0,0,0,1,0.961316,0.73431
0,0,0,1,0.934025,0.836283,0,0,0,0.999996,0.942082,0.701406
0,0,0,1,0.97866,0.194713,0,0,0,0.999996,0.963369,0.735831
0,0,0,1,0.934911,0.535118,0,0,0,0.906818,0.863046,0.702836
0,0,0,1,0.935322,1,0,0,0,0.96944,0.945298,0.773045
0,0,0,1,0.948249,0.311005,0,0,0,0.999997,0.962953,0.720565
0,0,0,1,0.938834,1,0,0,0,1,0.976979,0.732018
0,0,0,0.980369,0.945085,1,0,0,0,0.999835,0.957517,0.723895
0,0,0,1,0.934416,1,0,0,0,0.999999,0.957675,0.728748
0,0,0,0,0,0,0,0,0,0.955734,0.921358,0.709221
0,0,0,1,0.933493,0.576026,0,0,0,0.977926,0.955068,0.807764
0,0,0,1,0.982517,0.225722,0,0,0,0.999999,0.957675,0.733165
0,0,0,1,0.937967,1,0,0,0,1,0.967163,0.73678
0,0,0,1,0.93407,0.838319,0,0,0,1,0.968201,0.743913
0,0,0,0,0,0,0,0,0,0.958693,0.91383,0.699665
0,0,0,1,0.927831,1,0,0,0,0.99997,0.920647,0.666605
0,0,0,1,0.941132,1,0,0,0,0.999849,0.914138,0.687105
0,0,0,1,0.945372,0.926691,0,0,0,0.999972,0.951863,0.720467
0,0,0,1,0.910447,1,0,0,0,0.999999,0.955152,0.730001
0,0,0,1,0.931096,1,0,0,0,0.999997,0.925634,0.683631
0,0,0,0.967399,0.930734,1,0,0,0,0.840259,0.809728,0.606032
0,0,0,0,0,0,0,0,0,0.926304,0.906322,0.730482
0,0,0,0.968781,0.931118,1,0,0,0,1,0.972257,0.723016
0,0,0,0.997357,0.922624,1,0,0,0,0.992274,0.9549,0.741861
0,0,0,0.994229,0.950299,0.852635,0,0,0,0.999998,0.939137,0.681303
0,0,0,1,0.947671,1,0,0,0,0.909586,0.875787,0.688678
0,0,0,0,0,0,0,0,0,0.958226,0.916409,0.692538
0,0,0,1,0.97342,0.19568,0,0,0,1,0.969498,0.732974
0,0,0,1,0.946269,1,0,0,0,0.978343,0.956634,0.801004
0,0,0,0.993104,0.912478,1,0,0,0,0.999999,0.950041,0.70619
0,0,0,1,0.976952,0.204221,0,0,0,0.999992,0.949012,0.725065
0,0,0,0.966273,0.944746,1,0,0,0,0.999997,0.944995,0.708213
0,0,0,1,0.934674,0.789295,0,0,0,0.971886,0.948442,0.785638
0,0,0,1,0.946081,1,0,0,0,0.998812,0.903294,0.673299
0,0,0,1,0.980699,0.207089,0,0,0,0.978549,0.958693,0.795817
0,0,0,0.981489,0.984294,0.641631,0,0,0,0.99994,0.971725,0.749454
0,0,0,1,0.91946,1,0,0,0,0.999167,0.898944,0.675551
0,0,0,0.990622,0.930006,1,0,0,0,0.947478,0.928409,0.752195
0,0,0,1,0.938889,0.428871,0,0,0,0.999999,0.948058,0.711531
0,0,0,1,0.953368,1,0,0,0,0.849971,0.799599,0.577078
0,0,0,1,0.981596,0.20192,0,0,0,0.999969,0.958148,0.723016
0,0,0,1,0.974175,0.490462,0,0,0,0.959535,0.931711,0.778818
0,0,0,1,0.976997,0.204424,0,0,0,0.999996,0.956957,0.724188
0,0,0,0.979477,0.935035,1,0,0,0,0.99981,0.964589,0.705278
0,0,0,1,0.98228,0.212461,0,0,0,1,0.946498,0.711631
0,0,0,1,0.977707,0.489252,0,0,0,1,0.956796,0.718199
0,0,0,0.982317,0.924585,1,0,0,0,0.99997,0.931338,0.690246
0,0,0,1,0.93576,0.700205,0,0,0,1,0.975155,0.719482
0,0,0,1,0.94152,1,0,0,0,0.999968,0.939248,0.726523
0,0,0,1,0.99027,0.531067,0,0,0,0.999851,0.944177,0.721351
0,0,0,1,0.944268,0.429322,0,0,0,0.999998,0.932944,0.67822
0,0,0,1,0.934451,1,0,0,0,0.999989,0.964456,0.723895
0,0,0,1,0.937105,1,0,0,0,1,0.974239,0.761538
0,0,0,1,0.981311,0.344511,0,0,0,1,0.974043,0.747247
0,0,0,1,0.935052,0.535925,0,0,0,1,0.936401,0.686055
0,0,0,0.992588,0.917017,1,0,0,0,0.939913,0.912592,0.703651
0,0,0,0,0,0,0,0,0,0.999998,0.951953,0.71403
0,0,0,1,0.949289,1,0,0,0,0.999554,0.91626,0.693265
0,0,0,1,0.951167,1,0,0,0,1,0.954137,0.718397
0,0,0,1,0.924028,1,0,0,0,0.940681,0.911338,0.715424
0,0,0,0,0,0,0,0,0,0.999857,0.959078,0.712232
0,0,0,1,0.939487,1,0,0,0,1,0.975623,0.725162
0,0,0,1,0.94581,0.396518,0,0,0,1,0.97539,0.726426
0,0,0,1,0.9451,1,0,0,0,0.999995,0.958148,0.713032
2.38419e-07,0,0,1,0.970958,0.200422,0,0,0,0.913213,0.870267,0.698844
0,0,0,0.993286,0.919909,1,0,0,0,0.928668,0.877267,0.675122
0,0,0,0,0,0,0,0,0,1,0.970183,0.745954
2.38419e-07,0,0,1,0.922012,1,0,0,0,0.999999,0.959001,0.731251
0,0,0,1,0.943292,1,0,0,0,0.999889,0.946001,0.702734
0,0,0,1,0.958219,0.771543,0,0,0,0.99989,0.940353,0.706292
0,0,0,1,0.933668,0.9295,0,0,0,0.99721,0.915658,0.700178
0,0,0,1,0.934023,0.836206,0,0,0,0.999611,0.964522,0.73659
0,0,0,1,0.981331,0.346677,0,0,0,0.974043,0.952309,0.782663
0,0,0,1,0.952578,0.263344,0,0,0,0.999995,0.929568,0.675978
0,0,0,1,0.93841,0.658177,0,0,0,0.999999,0.960137,0.724286
0,0,0,1,0.927059,1,0,0,0,0.998533,0.962532,0.754192
0,0,0,1,0.957257,1,0,0,0,0.999895,0.922761,0.677901
0,0,0,1,0.933735,1,0,0,0,0.999262,0.953708,0.71423
0,0,0,0,0,0,0,0,0,0.840259,0.812421,0.624179
0,0,0,1,0.944965,1,0,0,0,1,0.953708,0.744842
0,0,0,1,0.934007,1,0,0,0,0.794704,0.767864,0.589126
0,0,0,1,0.94897,0.336097,0,0,0,1,0.976802,0.729134
0,0,0,1,0.910921,1,0,0,0,0.999994,0.963916,0.7413
0,0,0,1,0.927201,1,0,0,0,0.915507,0.86681,0.695958
0,0,0,0,0,0,0,0,0,0.914138,0.881411,0.67662
0,0,0,1,0.947413,0.364988,0,0,0,0.999999,0.939803,0.682679
0,0,0,1,0.951702,1,0,0,0,1,0.974092,0.723212
0,0,0,1,0.977782,0.487624,0,0,0,0.999867,0.913058,0.669853
0,0,0,1,0.946397,1,0,0,0,1,0.982014,0.742235
0,0,0,0.990506,0.929985,1,0,0,0,0.974092,0.947478,0.76856
0,0,0,0.991847,0.912148,1,0,0,0,0.760828,0.73077,0.537284
0,0,0,0.993361,0.917264,1,0,0,0,1,0.966789,0.740362
0,0,0,1,0.935157,0.742304,0,0,0,0.975012,0.952397,0.790692
0,0,0,0.962785,0.962434,0.932098,0,0,0,1,0.976401,0.722233
0,0,0,0,0,0,0,0,0,1,0.958615,0.717705
0,0,0,0.980132,0.957856,1,0,0,0,0.99877,0.906983,0.66769
0,0,0,1,0.945998,0.396558,0,0,0,0.999997,0.959762,0.724188
0,0,0,1,0.951672,1,0,0,0,0.999982,0.948537,0.739986
0,0,0,1,0.934974,0.535479,0,0,0,1,0.965771,0.732592
0,0,0,1,0.934254,1,0,0,0,0.999917,0.991221,0.847337
0,0,0,1,0.977694,0.489543,0,0,0,1,0.963916,0.7478
0,0,0,1,0.947199,0.365082,0,0,0,0.942082,0.901401,0.713032
0,0,0,1,0.933729,1,0,0,0,1,0.962743,0.719088
0,0,0,1,0.944645,0.430311,0,0,0,0.99811,0.967225,0.777469
0,0,0,1,0.967626,0.216169,0,0,0,1,0.975901,0.745028
0,0,0,1,0.94427,1,0,0,0,0.834002,0.757974,0.566978
0,0,0,0,0,0,0,0,0,0.998573,0.9271,0.700997
0,0,0,0.977776,0.934653,1,0,0,0,0.919353,0.896976,0.731251
0,0,0,0,0,0,0,0,0,0.938576,0.904987,0.73412
0,0,0,1,0.94176,1,0,0,0,1,0.974869,0.733356
0,0,0,1,1,0.266753,0,0,0,0.999999,0.96862,0.745213
0,0,0,1,0.943699,1,0,0,0,1,0.971618,0.747616
0,0,0,0,0,0,0,0,0,0.866923,0.839471,0.642096
0,0,0,1,0.955835,0.230037,0,0,0,0.951051,0.922761,0.752377
0,0,0,0,0,0,0,0,0,0.989265,0.949763,0.742795
0,0,0,1,0.944566,1,0,0,0,0.999974,0.915959,0.68742
0,0,0,1,0.975537,0.201512,0,0,0,0.999999,0.976625,0.715921
0,0,0,0.978721,0.934866,1,0,0,0,1,0.970183,0.725551
0,0,0,0.993307,0.919914,1,0,0,0,0.99992,0.95096,0.722233
0,0,0,0,0,0,0,0,0,0.999998,0.961822,0.73848
0,0,0,0,0,0,0,0,0,0.914749,0.872782,0.688887
0,0,0,1,0.936753,0.498639,0,0,0,0.999979,0.969498,0.746509
0,0,0,1,0.946532,1,0,0,0,0.964119,0.936401,0.757615
0,0,0,1,0.946379,0.397319,0,0,0,0.99999,0.962953,0.71721
0,0,0,0,0,0,0,0,0,0.838812,0.807612,0.591074
0,0,0,1,0.990196,0.532565,0,0,0,1,0.955569,0.718792
0,0,0,1,0.936373,1,0,0,0,0.962603,0.940898,0.769773
0,0,0,0.966303,0.944752,1,0,0,0,0.999999,0.960361,0.7324
0,0,0,1,0.975524,0.192875,0,0,0,1,0.969728,0.730963
0,0,0,1,0.922013,1,0,0,0,0.999997,0.969032,0.739046
0,0,0,0.99419,0.908921,1,0,0,0,0.844281,0.798658,0.580947
0,0,0,1,0.953668,0.246315,0,0,0,0.903635,0.87213,0.687
0,0,0,1,0.931481,0.98482,0,0,0,0.999925,0.91804,0.670932
0,0,0,1,0.95871,1,0,0,0,0.999381,0.943243,0.71889
0,0,0,1,0.954513,0.24505,0,0,0,0.999999,0.944177,0.69035
1.54971e-05,1.19209e-06,0,0,0,0,0,0,0,0.994043,0.942929,0.742422
0,0,0,0,0,0,0,0,0,0.988928,0.940898,0.725454
0,0,0,1,0.948275,0.311078,0,0,0,1,0.961461,0.740925
0,0,0,0.989558,0.918249,1,0,0,0,0.966851,0.942401,0.7773
0,0,0,1,0.934421,1,0,0,0,0.999999,0.965185,0.707203
0,0,0,0,0,0,0,0,0,0.904987,0.877791,0.683842
0,0,0,1,0.936099,1,0,0,0,0.999892,0.959459,0.716615
0,0,0,0.969563,0.975216,0.773152,0,0,0,0.909103,0.867485,0.669096
0,0,0,1,0.945744,0.396281,0,0,0,0.999849,0.935465,0.705481
0,0,0,0.993473,0.908702,1,0,0,0,0.999987,0.9271,0.690142
0,0,0,1,0.933504,0.980225,0,0,0,1,0.967349,0.737347
0,0,0,1,0.932383,0.933979,0,0,0,1,0.947866,0.707
0,0,0,1,0.960647,0.204407,0,0,0,1,0.976935,0.726814
0,0,0,1,0.935724,0.699679,0,0,0,0.999997,0.936749,0.682362
0,0,0,1,0.933943,1,0,0,0,0.999996,0.963369,0.742048
0,0,0,1,0.945403,1,0,0,0,1,0.959762,0.729809
0,0,0,1,0.970805,0.200023,0,0,0,0.999843,0.966283,0.735642
0,0,0,1,0.973397,0.190548,0,0,0,0.994314,0.973544,0.817137
0,0,0,1,0.915982,1,0,0,0,0.997547,0.954478,0.74872
0,0,0,0,0,0,0,0,0,1,0.96741,0.743168
0,0,0,1,0.998115,0.370186,0,0,0,0.914291,0.886813,0.70028
0,0,0,1,0.94166,0.535875,0,0,0,1,0.973088,0.746324
0,0,0,1,0.916472,1,0,0,0,0.891622,0.865452,0.668123
0,0,0,1,0.982572,0.226159,0,0,0,1,0.967472,0.73412
0,0,0,1,0.998116,0.370112,0,0,0,0.999857,0.915205,0.676834
0,0,0,1,0.932383,0.934484,0,0,0,0.918187,0.895157,0.705886
0,0,0,1,0.938071,1,0,0,0,0.985773,0.931587,0.705176
0,0,0,1,0.99848,0.231406,0,0,0,0.963506,0.918918,0.722135
0,0,0,1,0.939784,1,0,0,0,1,0.971833,0.723505
0,0,0,1,0.92651,0.698991,0,0,0,0.930584,0.911022,0.735071
0,0,0,1,0.934729,0.790805,0,0,0,0.999963,0.971402,0.756358
0,0,0,1,0.950701,1,0,0,0,0.99998,0.931587,0.68742
0,0,0,1,0.919572,1,0,0,0,0.999988,0.961461,0.73678
0,0,0,1,0.948484,1,0,0,0,0.999935,0.925095,0.68437
0,0,0,0.966771,0.936029,1,0,0,0,0.999998,0.957437,0.70304
0,0,0,1,0.933629,0.975946,0,0,0,1,0.976625,0.721154
0,0,0,0.967958,0.936321,1,0,0,0,0.99999,0.971184,0.754192
0,0,0,1,0.933667,0.929764,0,0,0,0.999999,0.958304,0.708515
0,0,0,1,0.954295,0.24451,0,0,0,1,0.969382,0.717705
0,0,0,1,0.951455,1,0,0,0,0.999999,0.959001,0.731059
0,0,0,1,0.951658,0.264353,0,0,0,0.998601,0.970854,0.779825
0,0,0,1,0.981324,0.345883,0,0,0,0.998266,0.9455,0.7237
0,0,0,1,0.937451,0.703902,0,0,0,0.998408,0.913677,0.69181
0,0,0,1,0.935998,1,0,0,0,1,0.973844,0.731826
0,0,0,0,0,0,0,0,0,0.961606,0.921922,0.707506
0,0,0,1,0.978662,0.19472,0,0,0,0.999976,0.968738,0.747247
0,0,0,1,0.949466,0.336547,0,0,0,1,0.973844,0.746509
0,0,0,0.987521,0.912706,1,0,0,0,0.979629,0.887595,0.676406
0,0,0,1,0.946348,0.397213,0,0,0,1,0.952042,0.69987
0,0,0,1,0.937489,0.462336,0,0,0,0.945096,0.921074,0.759404
0,0,0,0.989961,0.92974,1,0,0,0,0.995898,0.949856,0.738292
0,0,0,1,0.951996,1,0,0,0,0.999997,0.953275,0.743354
0,0,0,1,0.976843,0.203732,0,0,0,0.999999,0.960287,0.736969
0,0,0,1,0.998421,0.210922,0,0,0,0.981131,0.947088,0.744471
0,0,0,1,0.935181,0.742845,0,0,0,0.865452,0.794066,0.589126
0,0,0,1,0.953627,0.246207,0,0,0,1,0.985552,0.730097
0,0,0,1,0.936173,0.396081,0,0,0,0.962179,0.933673,0.774242
0,0,0,1,0.92765,0.656375,0,0,0,0.999984,0.976979,0.762778
0,0,0,1,0.933936,1,0,0,0,0.999972,0.950411,0.732974
0.000178798,9.65591e-06,0,1,0.915715,1,0,0,0,0.915809,0.885829,0.699254
0,0,0,0.992884,0.91242,1,0,0,0,0.999987,0.939803,0.701509
0,0,0,1,0.935923,1,0,0,0,0.999994,0.942612,0.704567
0,0,0,1,0.927159,1,0,0,0,1,0.984276,0.771155
0,0,0,0.993268,0.908746,1,0,0,0,1,0.9455,0.691602
0,0,0,1,0.937942,1,0,0,0,0.996205,0.938576,0.729038
0,0,0,0.968335,0.929172,1,0,0,0,0.999981,0.931711,0.694613
0,0,0,1,0.941636,0.535731,0,0,0,0.999999,0.964722,0.687945
0,0,0,0,0,0,0,0,0,0.992739,0.930962,0.703855
0,0,0,0.989802,0.918327,1,0,0,0,1,0.974629,0.715722
0,0,0,1,0.97531,0.192161,0,0,0,1,0.977414,0.763836
0,0,0,0,0,0,0,0,0,0.901575,0.873431,0.665628
0,0,0,0,0,0,0,0,0,0.93744,0.90261,0.686265
0,0,0,0.99505,0.95039,0.851639,0,0,0,0.991015,0.885631,0.661486
0,0,0,1,0.93668,1,0,0,0,0.904144,0.878419,0.693265
0,0,0,0.994307,0.950308,0.852541,0,0,0,0.999393,0.960878,0.728941
0,0,0,1,0.927311,1,0,0,0,0.999713,0.949012,0.709523
0,0,0,0,0,0,0,0,0,0.999998,0.962391,0.715821
0,0,0,1,0.939587,1,0,0,0,0.999925,0.953449,0.709422
0,0,0,0,0,0,0,0,0,0.99983,0.919063,0.670177
0,0,0,1,0.978439,0.207012,0,0,0,1,0.97458,0.712832
0,0,0,1,0.958186,1,0,0,0,0.999998,0.952486,0.725357
0,0,0,1,0.928828,0.615074,0,0,0,0.999996,0.967225,0.712832
0,0,0,0.999476,0.961209,0.711342,0,0,0,0.995189,0.966663,0.811078
0,0,0,1,0.947898,1,0,0,0,0.999996,0.941975,0.717111
0,0,0,1,0.973464,0.190733,0,0,0,1,0.969324,0.73412
0,0,0,1,0.960705,0.204568,0,0,0,0.999964,0.953362,0.741487
0,0,0,1,0.975625,0.193214,0,0,0,0.999999,0.971129,0.716913
0,0,0,0,0,0,0,0,0,0.888372,0.859074,0.645232
0,0,0,1,0.915761,1,0,0,0,0.956796,0.934035,0.762424
0,0,0,1,0.94187,0.537118,0,0,0,0.999943,0.959535,0.722135
0,0,0,0,0,0,0,0,0,0.930584,0.903294,0.727492
0,0,0,1,0.93442,1,0,0,0,0.942188,0.915356,0.739611
0,0,0,0.973548,0.913831,1,0,0,0,0.999049,0.93196,0.700178
0,0,0,1,0.939872,1,0,0,0,0.999019,0.961965,0.76454
0,0,0,0,0,0,0,0,0,0.697815,0.655777,0.482642
0,0,0,1,0.95536,1,0,0,0,1,0.955402,0.713931
0,0,0,1,0.946054,0.396756,0,0,0,0.991587,0.973745,0.822474
0,0,0,0,0,0,0,0,0,0.947284,0.900004,0.678007
0,0,0,1,0.976806,0.194584,0,0,0,0.999998,0.9462,0.685318
0,0,0,1,0.952638,0.263494,0,0,0,0.99978,0.914596,0.670608
0,0,0,1,0.940299,1,0,0,0,0.999918,0.914138,0.672332
0,0,0,0.995382,0.913068,1,0,0,0,0.999998,0.948251,0.721547
0,0,0,0,0,0,0,0,0,0.999822,0.922482,0.678114
0,0,0,1,0.972289,0.202038,0,0,0,0.999999,0.97631,0.753829
0,0,0,1,0.935158,0.536519,0,0,0,1,0.9633,0.726523
0,0,0,1,0.947241,0.365217,0,0,0,0.999964,0.964789,0.721449
0,0,0,0.993988,0.950273,0.852928,0,0,0,0.999998,0.960435,0.740925
0,0,0,1,0.975395,0.192446,0,0,0,0.999999,0.975343,0.742608
0,0,0,1,0.941848,1,0,0,0,0.999916,0.951863,0.716615
0.000685695,4.9113e-05,0,0.961695,0.934286,1,0,0,0,0.898411,0.872565,0.702632
0,0,0,1,0.955524,1,0,0,0,1,0.953449,0.701713
0,0,0,1,0.933642,1,0,0,0,1,0.977629,0.726717
0,0,0,0,0,0,0,0,0,0.916857,0.891055,0.692954
0,0,0,1,0.966119,0.224554,0,0,0,0.998326,0.971725,0.776962
0,0,0,1,0.976884,0.185276,0,0,0,0.963092,0.928409,0.756537
0,0,0,1,0.943548,1,0,0,0,0.999493,0.952309,0.740174
0,0,0,1,0.934425,1,0,0,0,0.969556,0.939248,0.794225
0,0,0,1,0.945709,0.39616,0,0,0,0.999161,0.964855,0.747063
0,0,0,1,0.980048,0.325339,0,0,0,1,0.964254,0.746509
0,0,0,1,0.935798,1,0,0,0,1,0.966474,0.70791
0,0,0,1,0.971176,0.204858,0,0,0,0.999988,0.963643,0.732783
0,0,0,1,0.963494,0.242703,0,0,0,0.995801,0.919787,0.727298
0,0,0,1,0.935746,0.700023,0,0,0,1,0.94366,0.68784
0,0,0,1,0.958612,0.216536,0,0,0,0.999695,0.972623,0.757436
0,0,0,0.992783,0.908491,1,0,0,0,0.999999,0.961678,0.735452
0,0,0,1,0.925315,1,0,0,0,0.84556,0.808672,0.603348
0,0,0,1,0.957551,1,0,0,0,0.904313,0.860838,0.620679
0,0,0,1,0.937364,0.702762,0,0,0,1,0.970799,0.74872
0,0,0,1,0.951376,1,0,0,0,0.963575,0.939692,0.771327
0,0,0,1,0.927198,1,0,0,0,0.892375,0.853913,0.669745
0,0,0,0.973089,0.913677,1,0,0,0,0.991187,0.951684,0.748352
0,0,0,1,0.933283,0.574629,0,0,0,0.936749,0.915959,0.731059
0,0,0,1,0.934466,1,0,0,0,0.88263,0.857052,0.667906
0,0,0,1,0.930482,1,0,0,0,1,0.977284,0.75037
0,0,0,0,0,0,0,0,0,0.869382,0.824885,0.603698
0,0,0,0,0,0,0,0,0,0.96225,0.929696,0.757436
3.45706e-06,2.38419e-07,0,0,0,0,0,0,0,1,0.967287,0.73431
0,0,0,1,0.944662,1,0,0,0,0.999999,0.937669,0.697094
0,0,0,0.987673,0.971219,0.638421,0,0,0,1,0.981979,0.743913
0,0,0,0,0,0,0,0,0,0.903465,0.860252,0.642432
0,0,0,0,0,0,0,0,0,0.941223,0.917451,0.706494
0,0,0,1,0.931165,1,0,0,0,0.999933,0.966537,0.741487
0,0,0,1,0.934277,1,0,0,0,0.999994,0.964456,0.738669
0,0,0,1,0.93346,0.98108,0,0,0,0.999999,0.973544,0.715821
0,0,0,1,0.949531,1,0,0,0,0.992304,0.928018,0.71423
0,0,0,1,0.951694,1,0,0,0,0.901575,0.860134,0.670608
0,0,0,0,0,0,0,0,0,0.999997,0.953708,0.735262
0,0,0,0.988842,0.913392,1,0,0,0,0.932699,0.870927,0.660939
0,0,0,1,0.935012,0.535693,0,0,0,1,0.949201,0.714429
0,0,0,1,0.960678,0.204496,0,0,0,0.831691,0.811527,0.597373
0,0,0,1,0.980415,0.408145,0,0,0,0.970576,0.898232,0.710528
0,0,0,1,0.938995,1,0,0,0,0.997327,0.969957,0.792785
0,0,0,1,0.935798,0.700752,0,0,0,0.999974,0.951863,0.713731
0,0,0,1,0.954118,0.244068,0,0,0,1,0.964321,0.722429
0,0,0,0,0,0,0,0,0,0.91611,0.874292,0.676727
0,0,0,1,0.934219,1,0,0,0,1,0.966092,0.726134
0,0,0,1,0.980364,0.410664,0,0,0,0.999957,0.968738,0.729616
0,0,0,1,0.937989,0.463778,0,0,0,0.999566,0.915507,0.695855
0,0,0,1,0.923948,1,0,0,0,0.999998,0.972675,0.755096
0,0,0,1,0.973947,0.453306,0,0,0,1,0.947962,0.69368
0,0,0,0,0,0,0,0,0,0.891244,0.867373,0.680879
0,0,0,1,0.935946,1,0,0,0,0.999995,0.924415,0.678114
2.38419e-07,0,0,1,0.934668,0.788934,0,0,0,0.69285,0.651466,0.480905
0,0,0,1,0.948783,0.310814,0,0,0,0.99884,0.951323,0.750736
0,0,0,1,0.934744,0.791369,0,0,0,0.999996,0.932083,0.683525
0,0,0,1,0.909703,1,0,0,0,1,0.971992,0.724481
0,0,0,0.977622,0.914285,1,0,0,0,0.937783,0.912748,0.733547
0,0,0,1,0.934759,0.791695,0,0,0,0.999672,0.952574,0.722429
0,0,0,1,0.973703,0.196531,0,0,0,0.999288,0.995263,0.907312
0,0,0,1,0.938266,1,0,0,0,0.956472,0.929951,0.776792
0,0,0,1,0.963926,0.241529,0,0,0,0.999985,0.958693,0.70912
0,0,0,0,0,0,0,0,0,0.891999,0.841305,0.656438
0,0,0,0.988336,0.912952,1,0,0,0,0.963984,0.933915,0.744656
0,0,0,1,0.950419,0.286475,0,0,0,1,0.951051,0.709019
0,0,0,1,0.945955,1,0,0,0,0.999998,0.968201,0.744285
0,0,0,0.990804,0.930041,1,0,0,0,0.999892,0.93196,0.707
0,0,0,1,0.948926,1,0,0,0,0.999999,0.938011,0.689201
2.16959e-05,1.07288e-06,0,1,0.944158,1,0,0,0,0.999941,0.928149,0.684791
0,0,0,1,0.982677,0.226973,0,0,0,1,0.96622,0.741861
0,0,0,1,0.95364,0.24624,0,0,0,1,0.972362,0.734881
0,0,0,1,0.948585,0.310273,0,0,0,1,0.972727,0.740925
0,0,0,1,0.970879,0.200217,0,0,0,0.999974,0.928926,0.685107
0,0,0,1,0.998482,0.231423,0,0,0,0.936981,0.915053,0.735642
0,0,0,0.98813,0.91289,1,0,0,0,0.999998,0.92523,0.698021
0,0,0,1,0.9449,1,0,0,0,1,0.975437,0.722233
0,0,0,1,0.933575,0.977444,0,0,0,0.999968,0.942929,0.734881
0,0,0,0.987854,0.997077,0.441114,0,0,0,0.999996,0.9455,0.703651
0,0,0,1,0.946801,0.336958,0,0,0,0.951414,0.929824,0.757256
0,0,0,1,0.957568,1,0,0,0,1,0.943034,0.701202
0,0,0,1,0.951766,1,0,0,0,1,0.975343,0.771843
0,0,0,1,0.942204,1,0,0,0,0.990025,0.90878,0.682256
0,0,0,1,0.980041,0.198152,0,0,0,0.965771,0.943764,0.777131
0,0,0,1,0.937459,1,0,0,0,0.999989,0.922062,0.672332
0,0,0,1,0.948037,0.310403,0,0,0,1,0.971779,0.752013
0,0,0,0,0,0,0,0,0,0.999992,0.949669,0.733929
0,0,0,1,0.951577,1,0,0,0,0.896976,0.865565,0.670177
0,0,0,1,1,0.266462,0,0,0,1,0.961893,0.727104
0,0,0,1,0.968466,0.213003,0,0,0,1,0.949389,0.70416
0,0,0,1,0.974116,0.491977,0,0,0,0.999971,0.968141,0.750187
0,0,0,1,0.978564,0.207656,0,0,0,1,0.975992,0.747063
0,0,0,1,0.97339,0.195587,0,0,0,0.999999,0.969208,0.745213
0,0,0,1,0.936983,1,0,0,0,0.98163,0.961822,0.798344
0,0,0,0,0,0,0,0,0,0.859074,0.830319,0.627381
0,0,0,1,0.981582,0.296304,0,0,0,0.909586,0.864768,0.624064
0,0,0,1,0.980407,0.408519,0,0,0,1,0.966283,0.739422
0,0,0,0,0,0,0,0,0,1,0.977883,0.748904
0,0,0,1,0.932406,0.932682,0,0,0,0.928539,0.895157,0.68941
0,0,0,1,0.93887,1,0,0,0,1,0.974965,0.715623
0,0,0,1,0.935183,0.74287,0,0,0,0.96378,0.933794,0.743354
0,0,0,1,0.933864,1,0,0,0,0.999932,0.945096,0.708717
0,0,0,1,0.945898,1,0,0,0,0.930711,0.894237,0.715921
0,0,0,1,0.935183,0.742879,0,0,0,0.999999,0.967899,0.743354
0,0,0,1,0.943486,1,0,0,0,0.998451,0.926703,0.691914
0,0,0,1,0.935655,0.698697,0,0,0,1,0.941761,0.68742
0,0,0,1,0.958472,1,0,0,0,1,0.968441,0.757436
0,0,0,1,0.941606,1,0,0,0,0.924552,0.8874,0.721056
0,0,0,1,0.935298,1,0,0,0,1,0.982757,0.764716
0,0,0,1,0.978543,0.207551,0,0,0,1,0.960657,0.716913
0,0,0,1,0.937352,0.702548,0,0,0,0.885037,0.855127,0.637257
0,0,0,1,0.951821,1,0,0,0,0.99923,0.913522,0.684791
0,0,0,1,0.947997,1,0,0,0,0.959611,0.933066,0.777975
0,0,0,0.993472,0.9173,1,0,0,0,1,0.973393,0.724481
0,0,0,0.966369,0.944766,1,0,0,0,1,0.944689,0.690037
0,0,0,0.991657,0.914276,1,0,0,0,1,0.954816,0.703753
0,0,0,0,0,0,0,0,0,0.999288,0.92657,0.69946
0,0,0,1,0.933362,0.575159,0,0,0,1,0.957675,0.718989
0,0,0,1,0.975413,0.192505,0,0,0,1,0.974725,0.716318
0,0,0,1,0.933835,1,0,0,0,0.993537,0.950319,0.741487
0,0,0,1,0.940817,1,0,0,0,0.98652,0.959001,0.803482
0,0,0,1,0.949567,1,0,0,0,0.999949,0.952926,0.735452
0,0,0,1,0.977544,0.5304,0,0,0,0.909425,0.873431,0.686475
0,0,0,0.970225,0.941003,1,0,0,0,0.999997,0.929568,0.682362
0,0,0,1,0.968394,0.212817,0,0,0,0.999993,0.951051,0.747616
0,0,0,1,0.981313,0.344762,0,0,0,0.999982,0.913677,0.683947
0,0,0,1,0.951723,1,0,0,0,0.999998,0.960435,0.731251
0,0,0,0.968925,0.931158,1,0,0,0,0.999867,0.915507,0.672977
0,0,0,1,0.951463,1,0,0,0,0.999896,0.953013,0.71413
0,0,0,1,0.985296,0.225806,0,0,0,1,0.952309,0.696681
0,0,0,1,0.96443,1,0,0,0,0.999998,0.929055,0.676513
7.15256e-07,0,0,0,0,0,0,0,0,0.998972,0.923178,0.683525
0,0,0,0,0,0,0,0,0,1,0.969091,0.744656
0,0,0,1,0.963478,0.242664,0,0,0,0.997686,0.974141,0.790045
0.0751773,0.0128473,0,1,0.971014,0.20057,0,0,0,0.791821,0.759761,0.572364
0,0,0,0,0,0,0,0,0,1,0.963231,0.744471
0,0,0,1,0.944626,0.430237,0,0,0,0.963506,0.934991,0.784814
0,0,0,1,0.96608,0.224462,0,0,0,0.992851,0.903294,0.672762
0,0,0,1,0.940872,0.577014,0,0,0,0.999999,0.956391,0.707
0,0,0,1,0.958793,0.285482,0,0,0,1,0.955734,0.719778
0,0,0,1,0.933622,1,0,0,0,0.999883,0.922622,0.676727
0,0,0,0,0,0,0,0,0,0.908293,0.883034,0.705684
0,0,0,1,0.948226,0.310939,0,0,0,1,0.969266,0.738669
0,0,0,1,0.951339,1,0,0,0,1,0.959837,0.750736
0,0,0,1,0.940638,1,0,0,0,1,0.957517,0.698329
0,0,0,1,0.977008,0.204472,0,0,0,0.973993,0.956063,0.757794
5.96046e-07,0,0,1,0.941404,1,0,0,0,0.90764,0.879458,0.700075
0,0,0,1,0.935298,0.745187,0,0,0,1,0.97419,0.733356
3.33785e-06,0,0,1,0.974584,0.190884,0,0,0,0.986777,0.959687,0.767516
0,0,0,1,0.911077,1,0,0,0,0.961822,0.935228,0.779993
0,0,0,1,0.933703,1,0,0,0,0.962743,0.931463,0.734501
0,0,0,0,0,0,0,0,0,0.906322,0.865565,0.673729
0,0,0,1,0.937781,1,0,0,0,1,0.955981,0.707708
0,0,0,1,0.951464,1,0,0,0,0.999996,0.92944,0.675015
0,0,0,1,0.94765,0.365742,0,0,0,0.999998,0.967163,0.713032
0,0,0,1,0.965586,1,0,0,0,0.999964,0.928018,0.688259
0,0,0,1,0.990184,0.532791,0,0,0,1,0.962953,0.743727
0,0,0,1,0.93355,0.979,0,0,0,1,0.955651,0.729423
0,0,0,1,0.947495,0.365251,0,0,0,0.999992,0.95877,0.732783
0,0,0,0,0,0,0,0,0,0.797557,0.766468,0.559621
0,0,0,1,0.933942,1,0,0,0,1,0.955734,0.713432
0,0,0,1,0.982358,0.212944,0,0,0,1,0.974725,0.713132
0,0,0,1,0.968351,0.21271,0,0,0,1,0.972519,0.736969
0,0,0,1,0.945985,1,0,0,0,1,0.967472,0.729809
0,0,0,1,0.944214,1,0,0,0,0.999997,0.950686,0.707809
0,0,0,1,0.95076,0.285691,0,0,0,0.999981,0.935817,0.70304
0,0,0,0,0,0,0,0,0,0.866359,0.799599,0.607256
0,0,0,0,0,0,0,0,0,1,0.959687,0.701917
5.00678e-06,0,0,0,0,0,0,0,0,0.999983,0.931213,0.688049
0,0,0,1,0.941558,1,0,0,0,0.999859,0.913677,0.672547
0,0,0,1,0.937977,0.463727,0,0,0,0.999989,0.965512,0.742795
0,0,0,1,0.980202,0.198897,0,0,0,0.999989,0.971184,0.753104
0,0,0,1,0.976974,0.20432,0,0,0,0.998457,0.924688,0.676834
0,0,0,0,0,0,0,0,0,0.867373,0.838548,0.655997
0,0,0,0.990837,0.930024,1,0,0,0,0.962108,0.934515,0.784484
0,0,0,1,0.950484,0.286645,0,0,0,1,0.957437,0.700178
0,0,0,1,0.945403,1,0,0,0,0.99918,0.918187,0.679285
0,0,0,1,0.939587,1,0,0,0,0.999994,0.967101,0.706798
0,0,0,1,0.969062,0.590862,0,0,0,1,0.975946,0.719581
1.19209e-07,0,0,0,0,0,0,0,0,0.946695,0.921922,0.739611
0,0,0,1,0.934036,0.836703,0,0,0,0.997941,0.913677,0.682256
0,0,0,1,0.998409,0.210845,0,0,0,1,0.976401,0.741674
0,0,0,0.968247,0.93097,1,0,0,0,0.945801,0.925634,0.764012
0,0,0,0.972736,0.913558,1,0,0,0,0.999993,0.945096,0.705278
0,0,0,0,0,0,0,0,0,0.922482,0.890675,0.698124
0,0,0,1,0.981323,0.440662,0,0,0,0.865793,0.847211,0.630344
0,0,0,1,0.949438,0.336468,0,0,0,0.999999,0.939803,0.682891
0,0,0,1,0.933998,0.834265,0,0,0,0.999534,0.928797,0.69946
0,0,0,1,0.948915,1,0,0,0,0.999994,0.958069,0.687
0,0,0,1,0.982182,0.211843,0,0,0,0.999711,0.948537,0.730866
0,0,0,0.987123,0.912586,1,0,0,0,0.97622,0.952838,0.804866
0,0,0,1,0.94915,1,0,0,0,0.999929,0.962603,0.726717
0,0,0,1,0.931909,1,0,0,0,0.997584,0.90599,0.677261
0,0,0,1,0.970859,0.200164,0,0,0,0.999897,0.947962,0.744099
0,0,0,1,0.945895,1,0,0,0,0.999999,0.956553,0.688259
0,0,0,1,0.920006,1,0,0,0,0.998871,0.91626,0.687
0,0,0,1,0.909206,1,0,0,0,1,0.935935,0.68679
0,0,0,1,0.998113,0.370823,0,0,0,1,0.981311,0.760117
0,0,0,1,0.976969,0.204298,0,0,0,1,0.978094,0.730674
0,0,0,1,0.969204,0.20991,0,0,0,1,0.981666,0.722527
0,0,0,1,0.958735,0.216867,0,0,0,0.999998,0.929184,0.67971
0,0,0,0.989359,0.918185,1,0,0,0,0.999293,0.906653,0.670824
0,0,0,1,0.93478,0.79215,0,0,0,1,0.976935,0.746878
0,0,0,0.983174,0.971469,0.840449,0,0,0,0.999997,0.959383,0.717606
0,0,0,0.990526,0.913923,1,0,0,0,1,0.974435,0.713531
0,0,0,1,0.933954,1,0,0,0,0.999999,0.964722,0.708717
0,0,0,0,0,0,0,0,0,0.999984,0.944689,0.700383
0,0,0,0,0,0,0,0,0,0.983407,0.903294,0.681197
0,0,0,1,0.96916,0.589235,0,0,0,1,0.963643,0.714329
0,0,0,0,0,0,0,0,0,0.999804,0.927232,0.683631
0,0,0,1,0.939036,1,0,0,0,1,0.967717,0.743913
0,0,0,1,0.954905,1,0,0,0,1,0.956472,0.725454
0,0,0,1,0.941327,1,0,0,0,0.997876,0.948346,0.754553
0,0,0,0,0,0,0,0,0,0.870927,0.813164,0.622689
0,0,0,0,0,0,0,0,0,1,0.967163,0.736211
0,0,0,1,0.985071,0.210717,0,0,0,0.999647,0.95275,0.713631
0,0,0,0.966294,0.935727,1,0,0,0,1,0.976535,0.722625
0,0,0,1,0.955762,0.229846,0,0,0,0.999996,0.927757,0.675872
0,0,0,1,0.937365,0.702772,0,0,0,0.999706,0.923316,0.675336
0,0,0,1,0.993582,0.441997,0,0,0,0.999963,0.958304,0.710729
0,0,0,1,0.941155,1,0,0,0,0.936749,0.905155,0.697403
0,0,0,0.977738,0.934644,1,0,0,0,0.996637,0.969091,0.804252
0,0,0,1,0.973956,0.453043,0,0,0,0.999982,0.949949,0.739986
0,0,0,1,0.954038,1,0,0,0,0.997199,0.968974,0.787768
0,0,0,1,0.964826,1,0,0,0,1,0.954563,0.741112
0,0,0,1,0.9352,1,0,0,0,1,0.94699,0.69368
0,0,0,0,0,0,0,0,0,0.999969,0.951594,0.718199
0,0,0,0.987914,0.997079,0.441078,0,0,0,0.999445,0.966537,0.731826
0,0,0,1,0.981577,0.296179,0,0,0,1,0.969382,0.739986
0,0,0,1,0.933962,1,0,0,0,1,0.982757,0.715325
0,0,0,1,0.943922,1,0,0,0,1,0.960878,0.733929
0,0,0,1,0.966401,0.224982,0,0,0,0.896614,0.865906,0.681197
0,0,0,1,0.973613,0.19626,0,0,0,0.870377,0.838548,0.61682
0,0,0,0.981781,0.972732,0.586928,0,0,0,0.979156,0.955402,0.808067
0,0,0,1,0.981346,0.348111,0,0,0,0.999049,0.905823,0.673729
0,0,0,1,0.941376,1,0,0,0,0.997317,0.969032,0.789396
0,0,0,0.982409,0.972766,0.586416,0,0,0,1,0.964321,0.731251
0,0,0,0.991196,0.930139,1,0,0,0,1,0.975577,0.721253
0,0,0,0.994476,0.909008,1,0,0,0,0.999945,0.956877,0.73431
0,0,0,1,0.961501,0.707556,0,0,0,0.954984,0.9357,0.796767
0,0,0,0.979522,0.957767,1,0,0,0,0.999989,0.969556,0.737536
0,0,0,1,0.938495,0.427841,0,0,0,0.998539,0.930332,0.723114
0,0,0,1,0.939408,1,0,0,0,0.973844,0.951414,0.791015
0,0,0,0.979997,0.984202,0.64297,0,0,0,1,0.953966,0.722037
0,0,0,1,0.945152,1,0,0,0,0.999985,0.949295,0.725649
0,0,0,1,0.935053,0.535926,0,0,0,0.999981,0.949763,0.726911
0,0,0,0.975653,0.919283,1,0,0,0,1,0.971564,0.731442
0,0,0,0.977115,0.945549,1,0,0,0,0.999994,0.941654,0.704262
0,0,0,0,0,0,0,0,0,0.968915,0.943138,0.768907
0,0,0,1,0.941672,1,0,0,0,1,0.948442,0.697094
0,0,0,0,0,0,0,0,0,0.999997,0.928668,0.68215
0,0,0,0,0,0,0,0,0,0.999935,0.937783,0.709724
0,0,0,1,0.998397,0.210762,0,0,0,0.999999,0.962179,0.720762
0,0,0,0,0,0,0,0,0,0.945399,0.913522,0.731826
0,0,0,1,0.982632,0.226621,0,0,0,0.995114,0.900179,0.672009
0,0,0,1,0.938784,0.428459,0,0,0,1,0.970465,0.747432
0,0,0,0.993557,0.908728,1,0,0,0,0.99999,0.959078,0.724091
0,0,0,1,0.93406,0.837978,0,0,0,0.99998,0.955899,0.741112
0,0,0,1,0.941639,0.535747,0,0,0,0.999998,0.967101,0.741861
0,0,0,1,0.943411,1,0,0,0,1,0.959307,0.730097
0,0,0,1,0.997853,0.313178,0,0,0,0.999998,0.958382,0.735262
0,0,0,1,0.978532,0.207491,0,0,0,0.947962,0.910704,0.708515
0,0,0,1,0.937367,1,0,0,0,0.946597,0.913677,0.717705
0,0,0,1,0.927738,1,0,0,0,0.999999,0.96641,0.721253
0,0,0,1,0.934767,0.791886,0,0,0,0.989632,0.964656,0.814053
0,0,0,1,0.947897,1,0,0,0,0.999959,0.946892,0.693784
0,0,0,1,0.97916,0.216615,0,0,0,1,0.974725,0.727201
0,0,0,1,0.951969,0.265154,0,0,0,0.999903,0.953535,0.742235
0,0,0,1,0.941878,1,0,0,0,0.999726,0.950041,0.7011
0,0,0,1,0.947918,0.463915,0,0,0,1,0.956472,0.730866
0,0,0,0,0,0,0,0,0,0.999999,0.930836,0.676513
0,0,0,1,0.968343,0.212688,0,0,0,0.999999,0.968141,0.724188
0,0,0,0,0,0,0,0,0,0.999997,0.946794,0.698021
0,0,0,1,0.982301,0.212587,0,0,0,0.996378,0.914749,0.681303
0,0,0,0,0,0,0,0,0,1,0.963575,0.74872
0,0,0,0,0,0,0,0,0,0.993096,0.947866,0.744285
0,0,0,1,0.946163,1,0,0,0,0.999978,0.925095,0.67854
0,0,0,0.967837,0.930857,1,0,0,0,0.999999,0.966851,0.741861
0,0,0,1,0.968602,0.213347,0,0,0,0.999997,0.931338,0.681091
0,0,0,0.964017,0.993765,0.530514,0,0,0,0.943243,0.918626,0.732592
0,0,0,0.980556,0.94512,1,0,0,0,0.999988,0.961316,0.738858
0,0,0,1,0.935442,1,0,0,0,0.929824,0.892563,0.704058
0,0,0,1,0.955621,1,0,0,0,0.999992,0.958538,0.727782
0,0,0,1,0.928792,0.61478,0,0,0,1,0.9699,0.731059
0,0,0,1,0.985274,0.225624,0,0,0,1,0.953188,0.725551
0,0,0,1,0.947374,0.364862,0,0,0,0.951323,0.90878,0.686685
0,0,0,0,0,0,0,0,0,0.743727,0.7011,0.506927
0,0,0,1,0.976928,0.411276,0,0,0,1,0.97419,0.739422
0,0,0,1,0.919239,1,0,0,0,0.999995,0.967656,0.730482
0,0,0,1,0.937967,0.463683,0,0,0,1,0.981736,0.757077
0,0,0,1,0.954856,1,0,0,0,0.997077,0.978631,0.812719
0,0,0,0.967171,0.93067,1,0,0,0,1,0.959459,0.700792
0,0,0,1,0.946309,1,0,0,0,1,0.979156,0.725746
0,0,0,0.991341,0.916617,1,0,0,0,0.999483,0.945601,0.721351
0,0,0,1,0.934371,1,0,0,0,1,0.940353,0.685739
0,0,0,1,0.943142,1,0,0,0,0.99997,0.958069,0.711732
0,0,0,0.994502,0.912841,1,0,0,0,0.992154,0.963161,0.764188
0,0,0,1,0.973955,0.453071,0,0,0,0.999981,0.960805,0.723505
0,0,0,1,0.943408,1,0,0,0,0.999945,0.961606,0.742982
0,0,0,1,0.949706,1,0,0,0,0.999998,0.950503,0.708515
0,0,0,1,0.984191,0.255146,0,0,0,0.828384,0.800848,0.608071
0,0,0,0,0,0,0,0,0,0.999918,0.938801,0.696475
0,0,0,1,0.94682,0.337011,0,0,0,0.92944,0.90764,0.72526
0,0,0,1,0.969243,0.210003,0,0,0,1,0.974483,0.712632
0,0,0,1,0.945914,0.396266,0,0,0,0.99987,0.9255,0.692746
0,0,0,0.993699,0.912633,1,0,0,0,0.999208,0.954732,0.732209
0,0,0,1,0.926671,1,0,0,0,0.999917,0.947478,0.698638
0,0,0,1,0.97552,0.201444,0,0,0,1,0.966663,0.714728
0,0,0,1,0.947678,0.365834,0,0,0,0.999722,0.933673,0.680879
0,0,0,1,0.973951,0.453211,0,0,0,1,0.964987,0.74872
0,0,0,1,0.936334,0.499042,0,0,0,0.999944,0.922622,0.674479
0,0,0,1,0.955195,1,0,0,0,0.999999,0.9666,0.741674
0.00106266,7.51016e-06,0,1,0.998122,0.368539,0,0,0,1,0.934035,0.680454
0,0,0,1,0.96346,0.24262,0,0,0,1,0.956145,0.721351
0,0,0,0,0,0,0,0,0,0.999981,0.947186,0.699562
0,0,0,1,0.935815,0.700973,0,0,0,0.999842,0.951504,0.710427
0,0,0,1,0.922832,1,0,0,0,0.951142,0.908293,0.692954
0,0,0,1,0.949619,1,0,0,0,1,0.977543,0.726426
0,0,0,0,0,0,0,0,0,0.954647,0.913522,0.690872
0,0,0,1,0.956582,1,0,0,0,1,0.963437,0.722625
0,0,0,1,0.938292,1,0,0,0,0.999996,0.927888,0.67694
0,0,0,1,0.968533,0.213173,0,0,0,1,0.959611,0.698432
0,0,0,1,0.934301,1,0,0,0,0.958538,0.927626,0.740174
0,0,0,1,0.944171,1,0,0,0,0.999071,0.91626,0.686475
0,0,0,1,0.933308,0.574791,0,0,0,0.999997,0.955981,0.727589
0,0,0,1,0.93349,0.576009,0,0,0,1,0.951142,0.705988
0,0,0,1,0.933632,0.975776,0,0,0,0.999875,0.923039,0.691393
0,0,0,1,0.950805,1,0,0,0,1,0.970127,0.734501
0,0,0,0.978815,0.934887,1,0,0,0,0.999531,0.916409,0.688259
0,0,0,1,0.941847,0.536978,0,0,0,0.879665,0.845815,0.643777
0,0,0,1,0.980385,0.409624,0,0,0,0.999999,0.937096,0.704465
0,0,0,0,0,0,0,0,0,0.936401,0.904987,0.718594
0,0,0,1,0.940808,1,0,0,0,0.950778,0.928018,0.729905
0,0,0,1,0.937464,1,0,0,0,0.933309,0.907804,0.738292
0,0,0,0,0,0,0,0,0,1,0.960657,0.729905
0,0,0,0,0,0,0,0,0,0.999967,0.933552,0.687735
0,0,0,1,0.984164,0.254821,0,0,0,1,0.959154,0.739422
0,0,0,1,0.944786,1,0,0,0,1,0.96622,0.729905
0,0,0,1,0.969173,0.209835,0,0,0,1,0.950134,0.71721
0,0,0,1,0.932668,1,0,0,0,1,0.963161,0.723212
0,0,0,0.968183,0.975088,0.774685,0,0,0,1,0.968141,0.733356
0,0,0,1,0.946369,1,0,0,0,0.999996,0.943452,0.705886
0,0,0,1,0.98412,0.254273,0,0,0,0.895157,0.867934,0.677047
0,0,0,1,0.933567,0.977902,0,0,0,0.954563,0.922062,0.774754
0,0,0,1,0.998117,0.369892,0,0,0,1,0.975155,0.747616
0,0,0,0,0,0,0,0,0,0.998654,0.9271,0.700895
0,0,0,0,0,0,0,0,0,0.775265,0.728652,0.534035
0,0,0,1,0.933997,1,0,0,0,0.999999,0.965835,0.716516
0,0,0,0.992699,0.908465,1,0,0,0,0.999868,0.917746,0.676406
0,0,0,1,0.93797,1,0,0,0,0.999996,0.956309,0.721449
0,0,0,1,0.935275,1,0,0,0,0.999972,0.954052,0.740737
0,0,0,0.977878,0.928101,1,0,0,0,0.850965,0.819316,0.608245
0,0,0,0,0,0,0,0,0,0.989306,0.900179,0.671147
0,0,0,1,0.942297,1,0,0,0,1,0.953708,0.705379
0,0,0,1,0.973499,0.195917,0,0,0,0.920647,0.88642,0.698638
0,0,0,0.976626,0.919609,1,0,0,0,0.999989,0.944995,0.731634
0,0,0,1,0.941915,0.537381,0,0,0,0.999998,0.979977,0.761538
0,0,0,0.991176,0.930133,1,0,0,0,1,0.970688,0.726911
0,0,0,1,0.977712,0.48916,0,0,0,1,0.97458,0.716516
0,0,0,1,0.936142,0.498378,0,0,0,1,0.948822,0.697197
0,0,0,1,0.980216,0.279987,0,0,0,0.999879,0.916559,0.670716
0,0,0,1,0.953385,1,0,0,0,0.98315,0.957991,0.806548
1.96693e-05,0,0,0,0,0,0,0,0,0.999787,0.912592,0.677474
0,0,0,0,0,0,0,0,0,0.973745,0.945801,0.73659
0,0,0,1,0.973429,0.190635,0,0,0,1,0.961822,0.723407
0,0,0,1,0.998118,0.36962,0,0,0,0.999996,0.962321,0.717903
0,0,0,0,0,0,0,0,0,0.856212,0.819026,0.601711
0,0,0,1,0.933903,1,0,0,0,1,0.96525,0.728748
0,0,0,1,0.951522,1,0,0,0,1,0.95275,0.703651
0,0,0,1,0.915598,1,0,0,0,0.999998,0.965053,0.741112
0,0,0,1,0.949793,1,0,0,0,0.999886,0.940134,0.70253
0,0,0,1,0.96571,0.227248,0,0,0,0.999085,0.903465,0.669313
0,0,0,0,0,0,0,0,0,1,0.967533,0.745398
0,0,0,0.990958,0.93007,1,0,0,0,0.999536,0.961893,0.746324
0,0,0,1,0.936042,1,0,0,0,0.997989,0.934395,0.697094
0,0,0,1,0.944494,1,0,0,0,0.999996,0.960952,0.737725
0,0,0,1,0.95166,1,0,0,0,0.999944,0.955899,0.708717
0,0,0,0.987499,0.971208,0.638577,0,0,0,0.999972,0.922622,0.675658
0,0,0,1,0.946946,0.499845,0,0,0,1,0.952574,0.701917
0,0,0,1,0.96772,0.640056,0,0,0,0.999999,0.960212,0.732209
0,0,0,1,0.919121,1,0,0,0,1,0.962391,0.735452
0,0,0,1,0.944318,0.36544,0,0,0,0.942082,0.88263,0.695131
0,0,0,1,0.93528,1,0,0,0,0.936634,0.911495,0.751466
0,0,0,1,0.936195,0.656615,0,0,0,1,0.965119,0.742982
0,0,0,1,0.938642,0.66064,0,0,0,1,0.975577,0.710929
0,0,0,1,0.946432,0.337035,0,0,0,0.973594,0.951051,0.776962
0,0,0,0,0,0,0,0,0,0.853791,0.804252,0.593433
0,0,0,1,0.954401,0.244773,0,0,0,0.997973,0.910704,0.690976
0,0,0,1,0.947625,0.365664,0,0,0,1,0.971886,0.75037
0,0,0,0,0,0,0,0,0,0.899121,0.855127,0.685423
0,0,0,1,0.998424,0.210947,0,0,0,0.933431,0.899121,0.695235
0,0,0,0,0,0,0,0,0,0.930205,0.896795,0.722527
0,0,0,1,0.950805,0.309436,0,0,0,1,0.977586,0.749271
0,0,0,0.981122,0.924235,1,0,0,0,1,0.957912,0.722821
0,0,0,0,0,0,0,0,0,0.999996,0.942401,0.705379
0,0,0,1,0.934694,0.789785,0,0,0,0.998918,0.941654,0.71721
0,0,0,0.986884,0.912513,1,0,0,0,0.999999,0.954984,0.73412
0,0,0,1,0.950783,0.285751,0,0,0,0.999997,0.959383,0.727492
0,0,0,1,0.941819,1,0,0,0,0.968321,0.9462,0.776284
0,0,0,0,0,0,0,0,0,0.998487,0.951863,0.727685
0,0,0,1,0.909254,1,0,0,0,1,0.956957,0.731442
0,0,0,1,0.955696,1,0,0,0,0.894605,0.869271,0.675336
0,0,0,1,0.926522,0.699178,0,0,0,0.999395,0.947769,0.728362
0,0,0,1,0.933564,0.978074,0,0,0,0.999987,0.947381,0.710427
0,0,0,1,0.936188,1,0,0,0,0.999974,0.922482,0.688678
1.19209e-07,0,0,0,0,0,0,0,0,1,0.972623,0.742608
0,0,0,0.976656,0.91962,1,0,0,0,0.99984,0.950134,0.699973
0,0,0,1,0.95101,1,0,0,0,1,0.982288,0.762954
0,0,0,1,0.937025,1,0,0,0,0.850841,0.812421,0.595845
0,0,0,1,0.998373,0.210601,0,0,0,0.999999,0.966851,0.72952
0,0,0,1,0.955759,0.229837,0,0,0,1,0.953535,0.711832
0,0,0,0.974666,0.948817,0.924525,0,0,0,0.898411,0.871037,0.675551
0,0,0,0,0,0,0,0,0,1,0.982823,0.748168
0,0,0,1,0.945739,0.396266,0,0,0,1,0.981239,0.746139
0,0,0,1,0.944763,1,0,0,0,0.999985,0.957912,0.726717
0,0,0,1,0.950976,1,0,0,0,0.999987,0.958226,0.708515
0,0,0,1,0.951755,0.264604,0,0,0,0.999962,0.943556,0.715821
0.000446697,1.56163e-05,0,0,0,0,0,0,0,0.800692,0.760651,0.563978
0,0,0,1,0.981329,0.346427,0,0,0,0.950411,0.923592,0.769254
0,0,0,1,0.975615,0.201811,0,0,0,1,0.973894,0.713332
0,0,0,1,0.949001,0.336191,0,0,0,1,0.967039,0.737347
0,0,0,1,0.933723,1,0,0,0,0.972831,0.955899,0.795817
0,0,0,0,0,0,0,0,0,0.791499,0.76454,0.586286
0,0,0,1,0.958566,0.216413,0,0,0,0.999995,0.928149,0.675658
0,0,0,1,0.97675,0.203311,0,0,0,1,0.966663,0.741674
0,0,0,1,0.951721,0.264515,0,0,0,0.999726,0.944485,0.70791
0,0,0,0.988225,0.913196,1,0,0,0,0.982889,0.963161,0.808521
0,0,0,1,0.936823,0.498976,0,0,0,1,0.952838,0.713631
0,0,0,1,0.926928,1,0,0,0,1,0.968797,0.728362
0,0,0,0.993295,0.908648,1,0,0,0,0.999967,0.954732,0.736401
0,0,0,1,0.93661,0.497946,0,0,0,1,0.960435,0.71889
0,0,0,1,0.943964,1,0,0,0,0.999971,0.941439,0.713931
0,0,0,1,0.945336,1,0,0,0,0.999992,0.956553,0.708414
0,0,0,1,0.980097,0.19841,0,0,0,0.999405,0.952926,0.739046
0,0,0,1,0.947933,0.46398,0,0,0,1,0.957596,0.732018
0,0,0,1,0.998452,0.231154,0,0,0,0.923454,0.886813,0.718594
0,0,0,1,0.977016,0.192614,0,0,0,0.998984,0.941868,0.723407
0,0,0,1,0.985125,0.211074,0,0,0,0.999995,0.93511,0.703549
0,0,0,1,0.924936,1,0,0,0,0.999962,0.954052,0.730963
0,0,0,0.981132,0.924238,1,0,0,0,1,0.958304,0.697197
0,0,0,0.999713,0.961227,0.711105,0,0,0,0.978426,0.919931,0.715523
0,0,0,0.993567,0.950226,0.853442,0,0,0,1,0.946597,0.692434
0,0,0,1,0.962945,0.202939,0,0,0,0.990441,0.974043,0.825027
0,0,0,1,0.938013,1,0,0,0,1,0.935346,0.686475
0,0,0,1,0.933854,1,0,0,0,0.999999,0.931836,0.683102
0,0,0,1,0.966077,0.224454,0,0,0,0.877477,0.843766,0.628635
0,0,0,1,0.948791,0.310838,0,0,0,0.929184,0.907476,0.755276
0,0,0,1,0.981526,0.295085,0,0,0,0.99896,0.967349,0.758511
0,0,0,0,0,0,0,0,0,0.924142,0.895705,0.696165
0,0,0,1,0.912053,1,0,0,0,0.99999,0.962813,0.738103
0,0,0,0.968677,0.936497,1,0,0,0,0.999997,0.965446,0.740362
0,0,0,1,0.97128,0.20515,0,0,0,0.999997,0.924415,0.695855
0,0,0,1,0.981558,0.295787,0,0,0,0.999899,0.91626,0.688468
0,0,0,1,0.946436,0.337046,0,0,0,0.999999,0.937897,0.681939
0,0,0,0,0,0,0,0,0,0.937783,0.917598,0.750918
0,0,0,1,0.958053,1,0,0,0,0.999709,0.952486,0.741487
0,0,0,0.987946,0.913107,1,0,0,0,1,0.969556,0.723993
0,0,0,1,0.937174,1,0,0,0,0.991938,0.949576,0.739422
0,0,0,1,0.941373,1,0,0,0,1,0.94366,0.688887
4.76836e-06,3.57628e-07,0,0,0,0,0,0,0,0.734881,0.708918,0.553475
0,0,0,1,0.944011,1,0,0,0,0.978219,0.953362,0.807764
0,0,0,1,0.944303,1,0,0,0,1,0.954223,0.704872
0,0,0,1,0.934882,0.53495,0,0,0,1,0.951323,0.713332
0,0,0,0.994086,0.950284,0.852808,0,0,0,1,0.981095,0.762247
0,0,0,1,0.936209,0.747842,0,0,0,1,0.96862,0.719679
0,0,0,1,0.997842,0.312825,0,0,0,0.999534,0.959383,0.722821
0,0,0,0.995731,0.913158,1,0,0,0,1,0.973139,0.725551
0,0,0,1,0.976806,0.203564,0,0,0,0.999964,0.959307,0.693161
0,0,0,1,0.975623,0.201842,0,0,0,0.908293,0.875041,0.679391
0,0,0,1,0.981318,0.345283,0,0,0,1,0.958382,0.705379
0,0,0,0,0,0,0,0,0,0.999997,0.937897,0.695235
0,0,0,1,0.955585,1,0,0,0,1,0.971238,0.723798
0,0,0,1,1,0.266217,0,0,0,0.999092,0.946892,0.722135
0,0,0,0,0,0,0,0,0,1,0.975577,0.745398
0,0,0,1,0.938025,1,0,0,0,1,0.956227,0.727395
0,0,0,1,0.933516,0.979297,0,0,0,0.893495,0.858363,0.653569
0,0,0,0,0,0,0,0,0,1,0.964855,0.744842
0,0,0,1,0.951594,1,0,0,0,1,0.960137,0.698021
0,0,0,0.978405,0.928237,1,0,0,0,1,0.962462,0.700178
0,0,0,0.994747,0.921788,1,0,0,0,0.999989,0.959837,0.712932
0,0,0,0,0,0,0,0,0,0.999979,0.930078,0.685529
0,0,0,0,0,0,0,0,0,0.887009,0.860369,0.659734
0,0,0,1,0.946365,0.39727,0,0,0,0.999998,0.965576,0.741487
0,0,0,0.983019,0.984388,0.64027,0,0,0,0.958382,0.932083,0.776284
0,0,0,1,0.934676,0.789117,0,0,0,0.999966,0.921781,0.673406
0,0,0,1,0.990202,0.532427,0,0,0,0.999995,0.967039,0.735262
0,0,0,1,0.923912,1,0,0,0,0.999975,0.931711,0.688364
0,0,0,1,0.926861,1,0,0,0,0.999995,0.952131,0.746878
0,0,0,1,0.933994,0.834087,0,0,0,1,0.975202,0.723993
0,0,0,1,0.937471,0.462253,0,0,0,0.993069,0.896251,0.669529
0,0,0,1,0.934624,0.787605,0,0,0,0.999665,0.948155,0.751101
0,0,0,0.991541,0.916681,1,0,0,0,0.97151,0.941223,0.743354
0,0,0,1,0.946083,1,0,0,0,0.97553,0.946001,0.746509
0,0,0,1,0.934759,0.791704,0,0,0,1,0.941975,0.688887
0,0,0,1,0.985093,0.210864,0,0,0,0.996752,0.953794,0.746139
0,0,0,1,0.984141,0.254543,0,0,0,0.956957,0.919643,0.744656
0,0,0,0,0,0,0,0,0,0.936285,0.914901,0.749271
0,0,0,1,0.998427,0.21097,0,0,0,1,0.96741,0.721449
0,0,0,1,0.984194,0.255183,0,0,0,0.999964,0.928149,0.685318
0,0,0,0,0,0,0,0,0,0.994112,0.908456,0.666497
0,0,0,1,0.945812,1,0,0,0,0.999966,0.958148,0.740362
0,0,0,1,0.947904,1,0,0,0,0.999999,0.970743,0.743354
0,0,0,1,0.93575,1,0,0,0,0.999518,0.922203,0.676406
0,0,0,1,0.93472,0.790592,0,0,0,0.938576,0.902781,0.709321
0,0,0,1,0.972323,0.20215,0,0,0,0.999082,0.930711,0.686055
0,0,0,1,0.935271,0.744626,0,0,0,0.997317,0.961461,0.764716
0,0,0,1,0.978694,0.19485,0,0,0,1,0.956472,0.71721
0,0,0,1,0.938049,1,0,0,0,0.999992,0.955734,0.7324
0,0,0,1,0.937403,1,0,0,0,1,0.962743,0.733165
0,0,0,1,0.939587,0.616529,0,0,0,1,0.957198,0.720958
0,0,0,0.994611,0.921744,1,0,0,0,1,0.943348,0.68721
0,0,0,1,0.937717,0.462949,0,0,0,0.999996,0.967656,0.735831
0,0,0,1,0.980107,0.198455,0,0,0,0.999998,0.951863,0.682574
0,0,0,1,0.9385,0.65916,0,0,0,1,0.959762,0.717507
0,0,0,0.969137,0.975177,0.773623,0,0,0,0.945901,0.895523,0.715921
0,0,0,0.982829,0.971433,0.840861,0,0,0,1,0.95388,0.717012
0,0,0,0,0,0,0,0,0,0.988358,0.947575,0.738292
0,0,0,1,0.923898,1,0,0,0,0.999997,0.929312,0.676086
0,0,0,0.969194,0.975182,0.773561,0,0,0,0.999999,0.939359,0.714827
0,0,0,1,0.93959,1,0,0,0,1,0.972415,0.740737
0,0,0,1,0.933621,1,0,0,0,0.999998,0.933915,0.681833
0,0,0,1,0.936057,1,0,0,0,1,0.958847,0.706292
0,0,0,1,0.942744,0.464816,0,0,0,0.999672,0.956796,0.729327
0,0,0,0,0,0,0,0,0,0.834542,0.759761,0.590897
0,0,0,1,0.947108,1,0,0,0,1,0.980394,0.755997
0,0,0,1,0.911978,1,0,0,0,0.999998,0.932453,0.678007
0,0,0,1,0.935281,1,0,0,0,0.996406,0.964389,0.801159
0,0,0,1,0.977712,0.48915,0,0,0,0.999996,0.958304,0.732592
0,0,0,0.99336,0.950203,0.853695,0,0,0,1,0.967839,0.747063
0,0,0,1,0.97691,0.185354,0,0,0,0.999996,0.946794,0.71123
0,0,0,1,0.946191,0.336317,0,0,0,0.995056,0.976038,0.79534
0,0,0,1,0.946179,0.397189,0,0,0,0.999944,0.953535,0.742235
0,0,0,1,0.939817,1,0,0,0,0.993855,0.975343,0.813313
0,0,0,1,0.947362,0.364824,0,0,0,1,0.959535,0.698021
0,0,0,1,0.98236,0.245425,0,0,0,0.999998,0.954478,0.695958
0,0,0,1,0.944503,0.429766,0,0,0,0.999998,0.936168,0.679604
0,0,0,1,0.951601,1,0,0,0,0.998807,0.903805,0.676834
0,0,0,1,0.929767,0.57342,0,0,0,0.90599,0.882833,0.6973
0.00067962,6.55649e-06,0,0,0,0,0,0,0,0.930078,0.901575,0.709724
0,0,0,1,0.933702,1,0,0,0,0.964987,0.946794,0.780662
0,0,0,1,0.965704,0.227232,0,0,0,1,0.943971,0.689515
0,0,0,1,0.938507,0.659225,0,0,0,0.999999,0.964855,0.724188
0,0,0,0,0,0,0,0,0,0.999995,0.940024,0.69987
0,0,0,1,0.940637,1,0,0,0,0.999956,0.928409,0.674479
0,0,0,0.997964,0.922816,1,0,0,0,0.999961,0.95877,0.740174
0,0,0,1,0.974123,0.491806,0,0,0,0.999995,0.953362,0.737725
0,0,0,1,0.998115,0.370354,0,0,0,0.995408,0.899828,0.672547
0,0,0,1,0.950312,0.286189,0,0,0,0.999161,0.953449,0.74055
0,0,0,1,0.936754,0.498645,0,0,0,0.917006,0.889912,0.72594
0,0,0,1,0.935722,1,0,0,0,0.847084,0.816406,0.603698
0,0,0,0,0,0,0,0,0,0.999999,0.937783,0.683208
0,0,0,1,0.934278,1,0,0,0,0.999999,0.947478,0.712232
0,0,0,0.992759,0.908483,1,0,0,0,1,0.96862,0.727298
0.000497813,8.46382e-06,0,0,0,0,0,0,0,0.99995,0.919931,0.673084
0,0,0,1,0.936336,0.499052,0,0,0,1,0.979275,0.763484
0,0,0,1,0.914032,1,0,0,0,0.87289,0.846578,0.64713
0,0,0,1,0.95177,1,0,0,0,1,0.96051,0.745769
0,0,0,0.977116,0.923151,1,0,0,0,0.97711,0.953708,0.790854
0,0,0,1,0.9454,1,0,0,0,0.999991,0.953101,0.704668
0,0,0,1,0.944509,0.42979,0,0,0,1,0.954984,0.710829
0,0,0,1,0.981332,0.346748,0,0,0,0.999822,0.956877,0.715225
0,0,0,1,0.949197,0.287519,0,0,0,0.998066,0.967101,0.791176
0,0,0,1,0.977719,0.489008,0,0,0,0.999999,0.930332,0.67822
0,0,0,1,1,0.266614,0,0,0,0.999949,0.973695,0.758153
0,0,0,1,0.937926,1,0,0,0,0.999997,0.942507,0.704973
0,0,0,0.992701,0.912372,1,0,0,0,0.908942,0.868604,0.720073
0,0,0,1,0.945806,0.396502,0,0,0,0.999999,0.948155,0.703957
0,0,0,1,0.953302,1,0,0,0,0.999996,0.956553,0.707708
0,0,0,0,0,0,0,0,0,0.999983,0.945197,0.710628
0,0,0,0.989942,0.938862,1,0,0,0,1,0.966028,0.728845
0,0,0,1,0.94452,0.366079,0,0,0,0.99912,0.966347,0.750187
0,0,0,1,0.946415,0.336984,0,0,0,1,0.947575,0.693265
0,0,0,1,0.980049,0.325416,0,0,0,0.99711,0.948537,0.739799
0,0,0,1,0.997855,0.313246,0,0,0,0.990587,0.956391,0.755997
0,0,0,1,0.958594,0.216487,0,0,0,1,0.950227,0.716318
0,0,0,1,0.968588,0.213309,0,0,0,0.999937,0.944791,0.719384
0,0,0,1,0.933543,1,0,0,0,0.999997,0.963643,0.743541
0,0,0,0,0,0,0,0,0,0.999933,0.936749,0.694406
0,0,0,1,0.949294,1,0,0,0,0.903294,0.869825,0.66454
0,0,0,1,0.95166,1,0,0,0,1,0.954393,0.701304
0,0,0,1,0.936426,0.396285,0,0,0,1,0.954478,0.723602
0,0,0,0,0,0,0,0,0,0.999995,0.956715,0.742422
0,0,0,1,0.936699,1,0,0,0,0.9879,0.969613,0.752922
0,0,0,1,0.946851,0.499369,0,0,0,0.996852,0.956227,0.762778
0,0,0,0.978634,0.944764,1,0,0,0,0.999998,0.965446,0.713332
0,0,0,1,0.970959,0.200427,0,0,0,0.999903,0.945399,0.717408
0,0,0,0,0,0,0,0,0,1,0.941547,0.686475
0,0,0,0,0,0,0,0,0,0.999996,0.940134,0.699152
0,0,0,0.981465,0.984293,0.641652,0,0,0,0.999996,0.938688,0.70416
0,0,0,1,0.960638,0.204381,0,0,0,0.9357,0.914444,0.695235
0,0,0,0,0,0,0,0,0,0.999999,0.933066,0.68458
0,0,0,0,0,0,0,0,0,0.865338,0.832781,0.608885
0,0,0,0,0,0,0,0,0,0.79053,0.754192,0.587588
0,0,0,1,0.963439,0.24257,0,0,0,0.998035,0.9462,0.705988
0,0,0,1,0.949268,1,0,0,0,1,0.980243,0.745769
0,0,0,1,0.936173,0.498532,0,0,0,0.96856,0.941115,0.792785
0.115767,0.049122,0.00485076,0,0,0,0,0,0,0.960212,0.920504,0.743727
0,0,0,0,0,0,0,0,0,0.919931,0.898411,0.724188
0,0,0,1,0.931345,1,0,0,0,1,0.98222,0.760651
0,0,0,1,0.932462,1,0,0,0,0.999747,0.910704,0.683208
0,0,0,1,0.922919,1,0,0,0,0.999879,0.913368,0.671578
0,0,0,1,0.934321,1,0,0,0,1,0.949389,0.696578
0,0,0,1,0.980429,0.407452,0,0,0,0.999992,0.922482,0.673836
0,0,0,1,0.969008,0.59175,0,0,0,0.962883,0.906488,0.690037
0,0,0,1,0.985825,0.266896,0,0,0,0.999997,0.936285,0.683102
0,0,0,1,1,0.267308,0,0,0,0.985158,0.901575,0.670716
0,0,0,1,0.909781,1,0,0,0,1,0.975577,0.72086
1.19209e-07,0,0,0,0,0,0,0,0,0.982356,0.957118,0.779993
0,0,0,1,0.926693,1,0,0,0,0.999993,0.964722,0.737914
0,0,0,1,0.971044,0.204485,0,0,0,1,0.972985,0.722331
0,0,0,1,0.933953,1,0,0,0,1,0.944177,0.691914
0,0,0,0.977931,0.928114,1,0,0,0,1,0.936052,0.69035
0,0,0,1,0.93346,0.981121,0,0,0,1,0.955236,0.732018
0,0,0,1,0.937793,1,0,0,0,0.999998,0.96175,0.699152
0,0,0,1,0.977777,0.48773,0,0,0,1,0.959913,0.736211
0,0,0,1,0.935363,1,0,0,0,0.999982,0.961534,0.739799
0,0,0,1,0.911172,1,0,0,0,0.99622,0.964987,0.794544
0,0,0,1,0.933294,0.574702,0,0,0,0.807764,0.763836,0.567757
0,0,0,1,0.971071,0.200719,0,0,0,0.998433,0.952131,0.73077
0,0,0,1,0.980228,0.199013,0,0,0,0.947575,0.914138,0.76908
0,0,0,1,0.938207,1,0,0,0,0.929951,0.904313,0.724578
0,0,0,0,0,0,0,0,0,0.891999,0.866359,0.673406
0,0,0,1,0.944964,1,0,0,0,0.737158,0.699768,0.496573
0,0,0,1,0.930597,1,0,0,0,0.941223,0.91848,0.739046
0,0,0,1,0.975955,0.382552,0,0,0,0.999992,0.954984,0.701713
0,0,0,1,0.967732,0.639873,0,0,0,1,0.962532,0.72662
0,0,0,1,0.981605,0.201972,0,0,0,1,0.931836,0.68437
0,0,0,1,0.969132,0.589705,0,0,0,0.999852,0.955068,0.731442
0,0,0,1,0.91966,1,0,0,0,0.992481,0.891999,0.66356
0,0,0,1,0.93841,0.658182,0,0,0,0.999999,0.967039,0.740737
0.312629,0.138304,0.0142469,0,0,0,0,0,0,0.828939,0.793266,0.597021
0,0,0,1,0.959809,0.209022,0,0,0,1,0.984516,0.743727
0,0,0,0,0,0,0,0,0,0.869493,0.835618,0.650689
0,0,0,0,0,0,0,0,0,1,0.931711,0.70477
0,0,0,0,0,0,0,0,0,0.999979,0.935228,0.69181
0,0,0,0,0,0,0,0,0,0.94366,0.92617,0.759939
0,0,0,1,0.975552,0.19297,0,0,0,0.999997,0.969613,0.720663
0,0,0,1,0.951646,0.264321,0,0,0,0.999999,0.964656,0.741112
0,0,0,0.966459,0.944785,1,0,0,0,0.999999,0.936634,0.681727
0,0,0,0,0,0,0,0,0,0.844665,0.781997,0.594728
0,0,0,1,0.933986,0.83377,0,0,0,1,0.960657,0.743168
0,0,0,1,0.937952,1,0,0,0,0.948058,0.918772,0.73412
0,0,0,1,0.944744,1,0,0,0,0.999997,0.957198,0.716814
0,0,0,1,0.936275,0.498745,0,0,0,0.999971,0.976401,0.765593
0,0,0,1,0.976941,0.410336,0,0,0,0.999985,0.951594,0.728362
0,0,0,1,0.978688,0.194827,0,0,0,1,0.966474,0.738858
0,0,0,0,0,0,0,0,0,0.998633,0.938237,0.731826
0,0,0,1,0.943419,1,0,0,0,0.910067,0.882833,0.690559
0,0,0,1,0.976801,0.194567,0,0,0,1,0.97419,0.746139
0,0,0,0,0,0,0,0,0,1,0.975855,0.748536
0,0,0,0.980659,0.935298,1,0,0,0,0.999412,0.901748,0.673514
0,0,0,1,0.955247,1,0,0,0,0.999997,0.963575,0.72594
0,0,0,1,0.946506,1,0,0,0,0.999999,0.956553,0.701202
0,0,0,1,0.93381,0.879186,0,0,0,0.955319,0.927232,0.759582
0,0,0,1,0.95568,1,0,0,0,0.999999,0.970127,0.723016
8.34465e-07,0,0,0,0,0,0,0,0,0.902781,0.840783,0.628749
0,0,0,0.970929,0.941231,1,0,0,0,0.916409,0.884838,0.690768
0,0,0,1,0.94364,1,0,0,0,0.995151,0.960878,0.747984
0,0,0,0,0,0,0,0,0,0.999929,0.919498,0.670932
0,0,0,1,0.946712,0.336699,0,0,0,1,0.976265,0.723602
0,0,0,1,0.934251,1,0,0,0,0.853669,0.819171,0.636692
0,0,0,1,0.9254,0.743338,0,0,0,0.961606,0.943867,0.776623
0,0,0,0.975745,0.919314,1,0,0,0,0.999995,0.952486,0.711531
0,0,0,1,0.969217,0.209941,0,0,0,1,0.97567,0.748168
0,0,0,1,0.982127,0.211503,0,0,0,0.999996,0.969957,0.722918
0,0,0,0.989994,0.929751,1,0,0,0,0.999965,0.959687,0.735262
0,0,0,1,0.955282,1,0,0,0,0.999855,0.907804,0.675658
0,0,0,0,0,0,0,0,0,0.996925,0.934873,0.708717
0,0,0,1,0.958544,1,0,0,0,0.887009,0.827967,0.61202
0,0,0,1,0.947465,0.365155,0,0,0,0.999995,0.934275,0.680135
0,0,0,1,0.934283,1,0,0,0,0.999998,0.962036,0.726426
0,0,0,1,0.93751,0.46243,0,0,0,0.956227,0.931338,0.754553
0,0,0,0.982098,0.97275,0.58667,0,0,0,1,0.962321,0.733929
0.000361496,0,0,1,0.974173,0.490518,0,0,0,1,0.977284,0.750004
0,0,0,1,0.958802,0.285505,0,0,0,0.949389,0.929312,0.754734
0,0,0,1,0.924056,1,0,0,0,1,0.973139,0.732974
0,0,0,1,0.955533,1,0,0,0,0.999972,0.954478,0.742982
0,0,0,1,0.94464,1,0,0,0,0.949295,0.924005,0.713032
0,0,0,1,0.942646,0.498129,0,0,0,0.9999,0.955319,0.708011
0,0,0,0,0,0,0,0,0,0.797241,0.754915,0.564158
0,0,0,0.964667,0.993792,0.530033,0,0,0,0.998996,0.935346,0.705988
0,0,0,1,0.93784,1,0,0,0,0.999998,0.958382,0.739799
0,0,0,1,0.934418,1,0,0,0,0.998364,0.908618,0.674372
0,0,0,1,0.939623,1,0,0,0,0.999983,0.972727,0.732974
0,0,0,0.96896,0.97516,0.77382,0,0,0,0.999998,0.964522,0.742982
0,0,0,1,0.977718,0.48901,0,0,0,1,0.968856,0.739234
0,0,0,0,0,0,0,0,0,0.999731,0.953013,0.740737
0,0,0,1,0.937781,0.463232,0,0,0,1,0.949106,0.703753
0,0,0,1,0.980057,0.325836,0,0,0,1,0.977883,0.752013
0,0,0,1,0.997826,0.312265,0,0,0,0.999873,0.955569,0.729327
0,0,0,1,0.94579,0.396444,0,0,0,0.999993,0.963916,0.735262
0,0,0,1,0.940302,1,0,0,0,1,0.95846,0.697506
0,0,0,1,0.937891,0.463711,0,0,0,0.99999,0.944485,0.710628
0,0,0,0,0,0,0,0,0,0.999838,0.931463,0.693577
0,0,0,1,0.98063,0.206712,0,0,0,0.999942,0.919931,0.673514
0,0,0,1,0.948194,0.310849,0,0,0,0.918626,0.884639,0.690768
0,0,0,0,0,0,0,0,0,0.906818,0.881411,0.70253
0,0,0,1,0.93346,1,0,0,0,0.965316,0.939248,0.78842
0,0,0,1,0.970825,0.200075,0,0,0,0.999023,0.96802,0.756717
0,0,0,1,0.99783,0.312373,0,0,0,0.919498,0.891244,0.708717
0,0,0,1,0.933533,1,0,0,0,0.999992,0.958069,0.711832
0,0,0,1,0.977769,0.487902,0,0,0,1,0.971564,0.733165
0,0,0,1,0.933925,1,0,0,0,1,0.969032,0.727685
0,0,0,1,0.933951,1,0,0,0,1,0.965641,0.731634
0,0,0,1,0.951495,1,0,0,0,0.956796,0.931088,0.768733
0,0,0,1,0.958535,0.286503,0,0,0,0.990366,0.956145,0.760117
0,0,0,1,0.951452,1,0,0,0,0.980876,0.958538,0.790369
0,0,0,1,0.946326,0.397139,0,0,0,0.999999,0.948058,0.71103
0,0,0,1,0.934021,0.836138,0,0,0,0.986151,0.96378,0.813016
0,0,0,1,0.971118,0.20084,0,0,0,1,0.975577,0.730963
0,0,0,1,0.947889,1,0,0,0,1,0.935935,0.705075
0,0,0,1,0.982107,0.211378,0,0,0,1,0.941331,0.685634
0,0,0,1,0.934016,0.835458,0,0,0,1,0.962743,0.74872
0,0,0,1,0.957574,1,0,0,0,1,0.965512,0.712832
0,0,0,0,0,0,0,0,0,1,0.940134,0.682679
0,0,0,0,0,0,0,0,0,0.99911,0.949856,0.722821
0,0,0,1,0.948816,0.310905,0,0,0,1,0.951233,0.700075
0,0,0,1,0.97846,0.207124,0,0,0,0.887009,0.858955,0.684159
0.00257375,0.000168309,0,0,0,0,0,0,0,0.908618,0.864996,0.627609
0,0,0,1,0.911929,1,0,0,0,0.999993,0.961606,0.738858
0,0,0,1,0.979326,0.382057,0,0,0,0.997042,0.945801,0.741112
0,0,0,1,0.998117,0.369806,0,0,0,0.999994,0.93196,0.68742
0,0,0,0,0,0,0,0,0,1,0.949763,0.712932
0,0,0,0.982674,0.971417,0.841047,0,0,0,0.999997,0.927626,0.683102
0,0,0,0.988146,0.912895,1,0,0,0,1,0.950503,0.733738
0,0,0,1,0.938939,1,0,0,0,1,0.975762,0.717804
0,0,0,0.976668,0.919624,1,0,0,0,1,0.977241,0.727879
0,0,0,1,0.931444,1,0,0,0,0.999741,0.933066,0.690768
0,0,0,0,0,0,0,0,0,0.867822,0.835349,0.608536
0,0,0,0.967403,0.936185,1,0,0,0,0.78316,0.755276,0.566019
0,0,0,1,0.980666,0.206908,0,0,0,0.984985,0.947186,0.73848
0,0,0,1,0.922895,1,0,0,0,1,0.974043,0.721154
0,0,0,1,0.937778,1,0,0,0,1,0.958615,0.720073
0,0,0,1,0.937054,1,0,0,0,0.97649,0.947962,0.768733
0,0,0,1,0.943752,1,0,0,0,1,0.969671,0.714628
0,0,0,1,0.934855,0.534796,0,0,0,0.999597,0.908456,0.675765
0,0,0,1,0.93372,0.926977,0,0,0,0.999993,0.959611,0.72952
0,0,0,1,0.933625,0.976162,0,0,0,1,0.969957,0.725843
0,0,0,1,0.948138,0.31069,0,0,0,1,0.958538,0.723993
0,0,0,1,0.926523,0.699191,0,0,0,0.999141,0.910863,0.668339
0,0,0,1,0.946681,1,0,0,0,0.978508,0.956634,0.804406
0,0,0,0.991471,0.908223,1,0,0,0,0.99999,0.924415,0.69233
0,0,0,1,0.976838,0.194708,0,0,0,0.999905,0.914444,0.670932
0,0,0,1,0.93859,0.660091,0,0,0,0.999998,0.950227,0.706393
0,0,0,0,0,0,0,0,0,1,0.972519,0.739986
0,0,0,1,0.95555,1,0,0,0,0.999948,0.919208,0.669421
0,0,0,1,0.976923,0.185394,0,0,0,0.961534,0.939582,0.762601
0,0,0,1,0.981573,0.296115,0,0,0,1,0.950227,0.700792
0,0,0,1,0.948543,1,0,0,0,0.999995,0.944382,0.706697
0,0,0,0,0,0,0,0,0,0.92944,0.904144,0.717705
0,0,0,1,0.933441,1,0,0,0,0.999998,0.93196,0.680454
0,0,0,1,0.948379,1,0,0,0,0.999999,0.947381,0.71721
0,0,0,1,0.946831,0.337042,0,0,0,0.99997,0.948442,0.695752
0,0,0,0,0,0,0,0,0,0.969382,0.942295,0.770292
0.0733202,0.0204729,0.000355657,1,0.932406,0.93339,0,0,0,0.765067,0.732974,0.576304
0,0,0,1,0.946526,0.337313,0,0,0,0.964389,0.936168,0.754553
0,0,0,1,0.956722,1,0,0,0,0.999823,0.941547,0.733165
0,0,0,0,0,0,0,0,0,0.978467,0.954478,0.771155
0,0,0,1,0.936294,0.396501,0,0,0,0.999999,0.956227,0.739234
0,0,0,1,0.971162,0.204819,0,0,0,0.999991,0.964254,0.742048
0,0,0,1,0.949086,1,0,0,0,0.996517,0.963506,0.766119
0,0,0,0.98951,0.918233,1,0,0,0,0.998066,0.901401,0.67104
0,0,0,1,0.94815,0.310724,0,0,0,1,0.958304,0.73029
0,0,0,0,0,0,0,0,0,0.908293,0.885037,0.694924
0,0,0,1,0.9242,0.788086,0,0,0,0.999995,0.962321,0.730963
0,0,0,1,0.922763,1,0,0,0,1,0.963022,0.743541
0,0,0,1,0.94937,1,0,0,0,1,0.984215,0.771499
0,0,0,1,0.984658,0.294091,0,0,0,0.972099,0.949576,0.77949
0,0,0,0.989318,0.918171,1,0,0,0,0.999977,0.934515,0.687945
0,0,0,1,0.938387,0.657936,0,0,0,0.999997,0.935817,0.68056
0,0,0,1,0.944732,1,0,0,0,0.999998,0.968441,0.744285
0,0,0,1,0.93783,1,0,0,0,0.974629,0.947284,0.772015
0,0,0,1,0.93406,0.838453,0,0,0,1,0.94079,0.683947
0,0,0,1,0.971075,0.204572,0,0,0,0.999996,0.945601,0.715126
0,0,0,0.963415,0.933586,1,0,0,0,0.937555,0.910067,0.753829
0,0,0,1,0.967644,0.216217,0,0,0,0.793426,0.762601,0.553023
0,0,0,1,0.981657,0.202243,0,0,0,0.980469,0.960287,0.796925
0,0,0,0,0,0,0,0,0,0.989511,0.939248,0.733738
0,0,0,1,0.92392,1,0,0,0,1,0.971129,0.724968
0,0,0,1,0.975371,0.192365,0,0,0,1,0.964254,0.738669
0,0,0,0,0,0,0,0,0,0.865679,0.824744,0.626124
0,0,0,1,0.930641,1,0,0,0,1,0.967472,0.747063
0,0,0,0,0,0,0,0,0,0.910227,0.871256,0.687525
0,0,0,1,0.93568,0.699027,0,0,0,0.999995,0.962108,0.718298
0,0,0,1,0.919865,1,0,0,0,0.987759,0.946892,0.759404
0,0,0,1,0.94996,1,0,0,0,1,0.943034,0.688364
0,0,0,1,0.949199,0.287523,0,0,0,0.999157,0.916559,0.677261
0,0,0,1,0.935121,0.536313,0,0,0,0.955734,0.921922,0.718298
0.000319787,4.29153e-06,0,0,0,0,0,0,0,0.809427,0.769427,0.588121
0,0,0,1,0.955894,0.23019,0,0,0,0.938688,0.917746,0.733738
0,0,0,0.989216,0.918138,1,0,0,0,0.969613,0.945399,0.7696
0,0,0,1,0.926748,1,0,0,0,1,0.969785,0.736401
0,0,0,1,0.916422,1,0,0,0,0.959687,0.930078,0.763131
0,0,0,1,0.939801,0.61834,0,0,0,0.856573,0.825308,0.606207
0,0,0,0.977225,0.923174,1,0,0,0,1,0.977968,0.742235
0,0,0,1,0.944306,0.3654,0,0,0,0.999999,0.965835,0.739799
0,0,0,1,0.959618,1,0,0,0,0.956634,0.914749,0.702122
0,0,0,1,0.937869,1,0,0,0,0.999968,0.924552,0.67662
0,0,0,1,0.944516,0.429814,0,0,0,1,0.96802,0.715722
0,0,0,1,0.944496,0.429737,0,0,0,0.907804,0.861422,0.681833
0,0,0,1,0.933271,0.884282,0,0,0,1,0.941654,0.686895
0,0,0,1,0.919664,1,0,0,0,0.999999,0.934634,0.680348
0,0,0,1,0.927043,1,0,0,0,0.999999,0.928539,0.678327
0,0,0,1,0.950182,1,0,0,0,0.962673,0.94428,0.779322
0,0,0,0.978961,0.93492,1,0,0,0,0.999902,0.936865,0.698638
0,0,0,0,0,0,0,0,0,0.897336,0.81626,0.617397
0,0,0,1,0.937751,1,0,0,0,1,0.940572,0.685213
0,0,0,1,0.938231,1,0,0,0,0.999986,0.970521,0.754734
0,0,0,1,0.947988,1,0,0,0,0.907967,0.890865,0.717606
0,0,0,1,0.990176,0.53297,0,0,0,0.999965,0.953535,0.74055
0,0,0,0.966899,0.928736,1,0,0,0,1,0.963092,0.750187
0,0,0,1,0.943316,1,0,0,0,1,0.945901,0.691393
0,0,0,1,0.958189,1,0,0,0,0.99998,0.956063,0.730482
0,0,0,1,0.959962,0.284651,0,0,0,0.999996,0.923454,0.676834
0,0,0,1,0.998118,0.369689,0,0,0,1,0.949106,0.706596
0,0,0,1,0.990163,0.533214,0,0,0,0.983279,0.963231,0.797714
0,0,0,0.99485,0.950368,0.851882,0,0,0,1,0.963369,0.733356
0,0,0,1,0.961525,0.707256,0,0,0,0.914444,0.889337,0.695958
0,0,0,1,0.933264,0.88509,0,0,0,0.870597,0.815673,0.625781
0,0,0,1,0.937648,0.462643,0,0,0,1,0.945601,0.693161
0,0,0,1,0.935663,0.6988,0,0,0,0.993562,0.972519,0.829354
0,0,0,1,0.943166,1,0,0,0,0.947478,0.918626,0.733165
0,0,0,1,0.961299,0.710173,0,0,0,1,0.975155,0.742048
0,0,0,1,0.927649,0.656369,0,0,0,1,0.962036,0.748168
0,0,0,1,0.944817,1,0,0,0,1,0.967656,0.736211
0,0,0,0,0,0,0,0,0,0.888178,0.86212,0.665628
0,0,0,1,0.942035,1,0,0,0,0.999218,0.91611,0.685213
0,0,0,1,0.980119,0.224342,0,0,0,0.856092,0.813461,0.593904
0,0,0,0,0,0,0,0,0,1,0.979823,0.745213
0,0,0,1,0.95263,1,0,0,0,0.999999,0.954393,0.717804
0,0,0,1,0.933387,0.57532,0,0,0,0.953535,0.922622,0.776623
0,0,0,0.968374,0.931006,1,0,0,0,0.999996,0.964321,0.733165
0,0,0,1,0.911875,1,0,0,0,1,0.976129,0.729905
0,0,0,1,0.94227,1,0,0,0,0.99992,0.94366,0.701815
0,0,0,1,0.982362,0.212966,0,0,0,0.999977,0.971129,0.740737
0,0,0,1,0.937938,1,0,0,0,1,0.972362,0.728362
0,0,0,1,0.951442,1,0,0,0,1,0.960361,0.719482
0,0,0,0,0,0,0,0,0,0.999999,0.958693,0.743354
0,0,0,1,0.950733,0.285621,0,0,0,1,0.951684,0.717705
0,0,0,1,0.99812,0.369151,0,0,0,0.998745,0.951142,0.735642
0,0,0,1,0.984147,0.254613,0,0,0,0.999067,0.958924,0.720368
0,0,0,1,0.928756,0.614499,0,0,0,1,0.950411,0.697506
0,0,0,1,0.934275,1,0,0,0,0.99492,0.889912,0.670177
0,0,0,1,0.94999,1,0,0,0,1,0.967287,0.7237
0,0,0,1,0.9633,0.242234,0,0,0,0.949576,0.924415,0.767516
0,0,0,1,0.96759,0.216072,0,0,0,0.999993,0.926835,0.672977
0,0,0,1,0.955321,1,0,0,0,1,0.963916,0.75037
0,0,0,0.978632,0.944763,1,0,0,0,0.997556,0.965185,0.774583
0,0,0,1,0.945049,0.930183,0,0,0,0.999438,0.90549,0.678114
0,0,0,1,0.939527,1,0,0,0,0.999999,0.971833,0.741674
0,0,0,1,0.951389,1,0,0,0,0.933673,0.880797,0.685739
0,0,0,1,0.949358,1,0,0,0,0.864081,0.833189,0.635675
0,0,0,1,0.978624,0.194571,0,0,0,1,0.972727,0.730674
0,0,0,1,0.994337,0.201822,0,0,0,1,0.966028,0.745398
0,0,0,1,0.932649,1,0,0,0,1,0.967225,0.739986
0,0,0,1,0.934058,0.838394,0,0,0,0.999834,0.946695,0.716516
0,0,0,0,0,0,0,0,0,0.923178,0.895157,0.7324
0,0,0,1,0.940878,0.577061,0,0,0,0.995408,0.937897,0.699357
3.57628e-07,0,0,1,0.934941,1,0,0,0,0.67854,0.637934,0.474022
0,0,0,1,0.973546,0.196059,0,0,0,1,0.971184,0.760295
0,0,0,1,0.945497,0.925352,0,0,0,1,0.949482,0.719679
0,0,0,1,0.954733,1,0,0,0,0.922343,0.893867,0.730866
0,0,0,1,0.925395,0.743262,0,0,0,0.99991,0.914901,0.6705
0,0,0,1,0.932407,0.933361,0,0,0,1,0.973393,0.726911
0,0,0,1,0.98527,0.225585,0,0,0,0.999978,0.963369,0.713831
0,0,0,0.982179,0.971365,0.84164,0,0,0,0.999299,0.90878,0.677687
0,0,0,0,0,0,0,0,0,0.831964,0.804252,0.611904
0,0,0,1,0.944415,0.429427,0,0,0,0.999999,0.933431,0.700485
0,0,0,1,0.946136,0.39704,0,0,0,0.999995,0.962883,0.727395
0,0,0,1,0.970876,0.200209,0,0,0,1,0.954137,0.719088
0,0,0,0,0,0,0,0,0,0.940898,0.916857,0.756897
0,0,0,0,0,0,0,0,0,0.889912,0.843638,0.660282
0,0,0,1,0.95332,1,0,0,0,1,0.963369,0.720467
0,0,0,1,0.984172,0.254913,0,0,0,0.999997,0.936168,0.681091
0,0,0,1,0.935707,0.699447,0,0,0,0.999999,0.942823,0.68679
0,0,0,1,0.941762,1,0,0,0,0.999992,0.962532,0.740174
0,0,0,1,0.961289,0.710305,0,0,0,1,0.945801,0.701917
0,0,0,1,0.949407,0.336378,0,0,0,0.999632,0.954308,0.710528
0,0,0,0,0,0,0,0,0,1,0.974677,0.743913
0,0,0,1,0.909556,1,0,0,0,0.998286,0.901053,0.672009
0,0,0,0,0,0,0,0,0,1,0.949482,0.708515
0,0,0,0,0,0,0,0,0,0.999583,0.931213,0.68941
0.0144467,0.00170562,0,1,0.969225,0.588161,0,0,0,0.999995,0.973342,0.735831
0,0,0,1,0.969104,0.590162,0,0,0,0.959078,0.918626,0.710427
0,0,0,0,0,0,0,0,0,0.694613,0.654343,0.481896
0,0,0,0,0,0,0,0,0,0.99998,0.93835,0.713631
0,0,0,1,0.939413,1,0,0,0,1,0.9775,0.763131
0,0,0,1,0.933563,0.978152,0,0,0,1,0.979707,0.728169
0,0,0,1,0.958381,1,0,0,0,1,0.965641,0.742795
0,0,0,1,0.937756,1,0,0,0,1,0.958069,0.71889
0,0,0,1,0.940678,0.575658,0,0,0,0.735831,0.70253,0.524653
0,0,0,0.982429,0.924622,1,0,0,0,1,0.947186,0.703957
0,0,0,1,0.981587,0.296416,0,0,0,0.957675,0.920932,0.739046
0,0,0,1,0.933618,0.976509,0,0,0,0.999999,0.955068,0.738858
0,0,0,0.977513,0.961704,0.769437,0,0,0,0.883638,0.85753,0.662578
0,0,0,1,0.934051,1,0,0,0,0.999946,0.923868,0.685107
0,0,0,1,0.964734,1,0,0,0,0.999996,0.945298,0.709925
0,0,0,1,0.958523,0.216297,0,0,0,0.999636,0.917746,0.68437
0,0,0,0.994113,0.908898,1,0,0,0,1,0.972675,0.733929
0,0,0,1,0.981322,0.345705,0,0,0,0.999995,0.958148,0.715424
0,0,0,0.990654,0.930012,1,0,0,0,0.999997,0.942295,0.704567
0,0,0,0.963486,0.933609,1,0,0,0,1,0.971779,0.746878
0,0,0,1,0.951382,1,0,0,0,0.827689,0.788583,0.57946
0,0,0,1,0.955738,0.229784,0,0,0,1,0.966726,0.717705
0,0,0,0,0,0,0,0,0,0.99998,0.933431,0.687105
0,0,0,0,0,0,0,0,0,0.999975,0.947381,0.72086
0,0,0,0.982035,0.958127,1,0,0,0,0.999994,0.96225,0.738292
0,0,0,1,0.940798,0.576503,0,0,0,0.99999,0.937669,0.700075
0,0,0,0.994123,0.921586,1,0,0,0,1,0.968501,0.724675
0,0,0,1,0.936126,1,0,0,0,0.95096,0.899121,0.696268
0,0,0,1,0.938067,1,0,0,0,0.999999,0.946001,0.71123
0,0,0,1,0.940574,0.574917,0,0,0,0.99903,0.950041,0.729616
0,0,0,0,0,0,0,0,0,0.975577,0.947186,0.732209
0,0,0,1,0.973423,0.195688,0,0,0,0.998293,0.921074,0.696165
0,0,0,1,0.951421,1,0,0,0,0.982423,0.964589,0.803328
0,0,0,1,0.977697,0.489487,0,0,0,0.999969,0.966726,0.75037
0,0,0,1,0.933494,0.98093,0,0,0,0.880283,0.827131,0.622459
0,0,0,1,0.946187,1,0,0,0,0.842734,0.806243,0.61451
0,0,0,0.970713,0.941161,1,0,0,0,1,0.973944,0.722625
0,0,0,0,0,0,0,0,0,0.999998,0.94079,0.696784
0,0,0,1,0.936109,1,0,0,0,0.999728,0.970799,0.761361
0,0,0,1,0.947271,0.365313,0,0,0,0.999823,0.936518,0.715921
0,0,0,0,0,0,0,0,0,0.792946,0.747984,0.531696
0,0,0,1,0.956433,0.230553,0,0,0,0.999999,0.948632,0.71423
0,0,0,1,0.934272,1,0,0,0,0.999806,0.938124,0.70069
0,0,0,1,0.934759,0.791706,0,0,0,0.999999,0.955981,0.726717
0,0,0,1,0.975628,0.193221,0,0,0,0.999762,0.959762,0.717111
0,0,0,1,0.948545,1,0,0,0,1,0.970521,0.7324
0,0,0,1,0.948902,1,0,0,0,0.999943,0.928539,0.719186
0,0,0,1,0.937791,0.365647,0,0,0,1,0.962673,0.739422
0,0,0,1,0.958598,1,0,0,0,0.999998,0.957198,0.743354
0,0,0,0.988985,0.918063,1,0,0,0,1,0.976265,0.725357
0,0,0,1,0.926577,0.699826,0,0,0,0.999616,0.942188,0.737158
0,0,0,1,0.937789,0.36564,0,0,0,0.999953,0.955068,0.72952
0,0,0,1,0.964248,1,0,0,0,0.999144,0.948346,0.73412
0,0,0,1,0.933808,0.878936,0,0,0,0.964656,0.9357,0.786623
0,0,0,0,0,0,0,0,0,0.87821,0.835349,0.638272
0,0,0,1,0.935174,0.536613,0,0,0,0.999998,0.941223,0.695131
0,0,0,0.970188,0.975274,0.772464,0,0,0,0.999481,0.909425,0.667039
0,0,0,1,0.955732,0.229768,0,0,0,1,0.973795,0.737914
0,0,0,1,0.977542,0.530437,0,0,0,1,0.975577,0.721449
0,0,0,1,0.949057,0.310024,0,0,0,0.818737,0.776284,0.592549
0,0,0,0,0,0,0,0,0,0.984456,0.956145,0.774071
0,0,0,0,0,0,0,0,0,0.828662,0.749087,0.569254
0,0,0,1,0.936154,0.498438,0,0,0,1,0.974337,0.731442
0,0,0,0.965609,0.935504,1,0,0,0,0.999998,0.939359,0.681939
0,0,0,0,0,0,0,0,0,0.999979,0.922482,0.668447
0,0,0,1,0.973618,0.196274,0,0,0,0.999992,0.96944,0.747247
0,0,0,1,0.941795,0.536677,0,0,0,0.999416,0.965835,0.760828
0,0,0,1,0.949046,0.336322,0,0,0,0.978094,0.947575,0.736211
0,0,0,1,0.940673,0.575629,0,0,0,1,0.945901,0.698741
0,0,0,1,0.951801,0.264723,0,0,0,1,0.952042,0.692642
0,0,0,1,0.934637,0.788159,0,0,0,0.999998,0.935582,0.702734
0,0,0,1,0.965857,0.227615,0,0,0,0.99395,0.957912,0.753829
0,0,0,1,0.937106,1,0,0,0,1,0.977371,0.726426
0,0,0,1,0.942742,0.46481,0,0,0,0.999998,0.957517,0.728362
0,0,0,1,0.909806,1,0,0,0,1,0.974532,0.750187
0,0,0,1,0.919538,1,0,0,0,1,0.961678,0.72662
0,0,0,1,0.981505,0.201445,0,0,0,0.999959,0.960952,0.740362
0,0,0,1,0.97465,0.191066,0,0,0,1,0.975249,0.739799
0,0,0,1,0.982333,0.245145,0,0,0,0.999952,0.975901,0.749271
0,0,0,0.991179,0.94996,0.856383,0,0,0,1,0.970013,0.75183
0,0,0,1,0.919758,1,0,0,0,1,0.960063,0.703855
0,0,0,1,0.947911,1,0,0,0,0.999964,0.946597,0.708918
0,0,0,0.983042,0.924868,1,0,0,0,1,0.97826,0.729616
0,0,0,1,0.976997,0.204426,0,0,0,0.997925,0.906322,0.66888
0,0,0,0.967679,0.975041,0.775248,0,0,0,0.993759,0.897874,0.669313
0,0,0,1,0.943078,1,0,0,0,0.999988,0.947284,0.713132
0,0,0,1,0.96561,1,0,0,0,1,0.975946,0.723505
0,0,0,1,0.99026,0.531263,0,0,0,1,0.969208,0.745028
0,0,0,1,0.936208,0.498714,0,0,0,1,0.978467,0.753467
0,0,0,1,0.937473,1,0,0,0,0.999999,0.970743,0.713831
0,0,0,1,0.981533,0.295247,0,0,0,1,0.973695,0.740737
0,0,0,1,0.99358,0.442087,0,0,0,0.999999,0.941439,0.687105
0,0,0,0,0,0,0,0,0,0.869271,0.83868,0.642208
0,0,0,1,0.960646,0.204405,0,0,0,0.957118,0.930836,0.774242
0,0,0,0,0,0,0,0,0,0.909265,0.883638,0.696475
0,0,0,1,0.973931,0.453811,0,0,0,0.999984,0.958847,0.743168
0,0,0,1,0.951632,1,0,0,0,0.956391,0.928668,0.749087
0,0,0,0,0,0,0,0,0,0.999999,0.96175,0.749637
0,0,0,1,0.94925,0.429226,0,0,0,0.999932,0.948346,0.700383
0,0,0,1,0.970959,0.204242,0,0,0,0.999471,0.94079,0.687945
0,0,0,0.967008,0.928769,1,0,0,0,0.856212,0.763307,0.572424
0,0,0,1,0.955233,1,0,0,0,0.999999,0.965964,0.721056
0,0,0,1,0.941548,1,0,0,0,0.999994,0.923454,0.671255
0,0,0,0,0,0,0,0,0,0.999011,0.952838,0.725065
0,0,0,1,0.948743,1,0,0,0,0.999131,0.953101,0.718989
0,0,0,1,0.954406,0.244786,0,0,0,1,0.970743,0.725454
0,0,0,1,0.93442,1,0,0,0,0.999999,0.959231,0.711832
0,0,0,0.997625,0.922709,1,0,0,0,1,0.957912,0.728555
0,0,0,0,0,0,0,0,0,0.999809,0.919208,0.67694
0,0,0,0.963836,0.993758,0.530647,0,0,0,1,0.967163,0.739422
0,0,0,0,0,0,0,0,0,0.934873,0.859074,0.67971
0,0,0,1,0.990271,0.531047,0,0,0,0.999966,0.970854,0.754915
0,0,0,1,0.935279,1,0,0,0,1,0.976038,0.722625
0,0,0,1,0.93123,1,0,0,0,1,0.949389,0.693992
0,0,0,1,0.976919,0.204073,0,0,0,0.989751,0.973944,0.837221
0,0,0,1,0.946454,1,0,0,0,0.963575,0.930711,0.71413
0,0,0,1,0.934058,0.837931,0,0,0,0.999936,0.949763,0.719581
0,0,0,1,0.945776,0.396395,0,0,0,1,0.94699,0.689619
0,0,0,0,0,0,0,0,0,0.997379,0.965641,0.747247
0,0,0,1,0.925501,1,0,0,0,0.999999,0.975437,0.733738
0,0,0,0.989922,0.913734,1,0,0,0,1,0.951774,0.736021
0,0,0,0,0,0,0,0,0,0.836154,0.807612,0.616647
0,0,0,0,0,0,0,0,0,0.951323,0.890865,0.672009
0,0,0,1,0.947219,1,0,0,0,1,0.974725,0.72594
0,0,0,0,0,0,0,0,0,0.922343,0.893123,0.709623
0,0,0,1,0.959548,1,0,0,0,1,0.941007,0.688364
0,0,0,0.964023,0.933777,1,0,0,0,0.999996,0.964119,0.741674
0,0,0,0.970138,0.975269,0.772518,0,0,0,1,0.971293,0.725454
0,0,0,1,0.941756,0.53645,0,0,0,0.999619,0.910863,0.674801
0,0,0,1,0.922973,1,0,0,0,0.998939,0.954732,0.754373
0,0,0,1,0.934272,1,0,0,0,0.949482,0.922622,0.767864
0,0,0,1,0.976823,0.203638,0,0,0,0.989055,0.934275,0.732209
0,0,0,1,0.981543,0.201646,0,0,0,1,0.967472,0.735262
3.57628e-07,0,0,1,0.984165,0.254827,0,0,0,0.921216,0.859074,0.694613
0,0,0,0,0,0,0,0,0,0.869049,0.833325,0.629888
0,0,0,1,0.990162,0.533239,0,0,0,1,0.96175,0.721253
0,0,0,1,0.923913,1,0,0,0,0.969556,0.945096,0.771327
0,0,0,0.980843,0.984255,0.642209,0,0,0,0.963984,0.935228,0.790207
0,0,0,1,0.971163,0.204821,0,0,0,0.999999,0.972934,0.739422
0,0,0,1,0.934863,0.534838,0,0,0,0.999991,0.934873,0.695028
0,0,0,1,0.933667,0.92999,0,0,0,1,0.979393,0.735452
0,0,0,1,0.951401,1,0,0,0,0.999979,0.927363,0.680348
0,0,0,1,0.944914,1,0,0,0,0.999566,0.949295,0.744471
0,0,0,1,0.998372,0.21059,0,0,0,1,0.963231,0.721056
0,0,0,0,0,0,0,0,0,1,0.941761,0.687105
0,0,0,0.990626,0.913954,1,0,0,0,1,0.94428,0.689096
0,0,0,1,0.909772,1,0,0,0,0.999994,0.934155,0.680135
0,0,0,1,0.935753,0.700105,0,0,0,0.999931,0.918772,0.671255
0,0,0,0.992016,0.912193,1,0,0,0,0.999999,0.943243,0.688678
0,0,0,1,0.934618,0.787457,0,0,0,0.999023,0.937211,0.707405
0,0,0,1,0.945679,0.396051,0,0,0,0.999996,0.949295,0.724481
0,0,0,1,0.940809,0.576582,0,0,0,0.955068,0.92523,0.745398
0,0,0,1,0.947212,1,0,0,0,0.999955,0.926437,0.682679
0,0,0,1,0.968264,0.212486,0,0,0,1,0.961025,0.726426
0,0,0,1,0.945046,1,0,0,0,1,0.949949,0.720958
0,0,0,1,0.933272,0.884347,0,0,0,0.999994,0.95096,0.719778
0,0,0,1,0.97932,0.382505,0,0,0,1,0.981701,0.764188
0,0,0,0,0,0,0,0,0,0.999982,0.962462,0.702326
0,0,0,0.994796,0.950362,0.851947,0,0,0,0.999581,0.942295,0.708918
0,0,0,1,0.936422,0.396271,0,0,0,1,0.954816,0.709221
0,0,0,1,0.985107,0.210955,0,0,0,0.962813,0.946101,0.780997
0,0,0,1,0.926566,0.699699,0,0,0,0.999998,0.963643,0.741112
0,0,0,1,0.951384,1,0,0,0,0.999999,0.943764,0.703957
0,0,0,1,0.922023,1,0,0,0,1,0.960731,0.721841
0,0,0,0,0,0,0,0,0,0.999951,0.920504,0.682256
0,0,0,0.964841,0.934033,1,0,0,0,1,0.943971,0.688364
0,0,0,1,0.927679,0.656671,0,0,0,0.968441,0.944074,0.769254
0,0,0,0,0,0,0,0,0,0.999999,0.955569,0.733547
0,0,0,1,0.973638,0.196334,0,0,0,0.930836,0.907967,0.721547
0,0,0,1,0.969235,0.588009,0,0,0,0.998871,0.949012,0.727879
0,0,0,1,0.946034,1,0,0,0,0.999999,0.939692,0.69946
0,0,0,0.968594,0.936477,1,0,0,0,0.999934,0.953794,0.742235
0,0,0,1,0.945557,0.924702,0,0,0,0.999977,0.934991,0.70304
0,0,0,0,0,0,0,0,0,0.787605,0.754915,0.550819
0,0,0,1,0.957314,1,0,0,0,0.91611,0.88779,0.701202
0,0,0,0,0,0,0,0,0,0.8321,0.795975,0.585634
0,0,0,1,0.943378,1,0,0,0,0.999468,0.92523,0.683525
0,0,0,1,0.933719,0.927024,0,0,0,1,0.955651,0.724481
0,0,0,1,0.935303,1,0,0,0,1,0.957038,0.735831
0,0,0,1,0.943621,1,0,0,0,0.889529,0.865338,0.674372
0,0,0,1,0.925535,1,0,0,0,0.999991,0.959988,0.736211
0,0,0,1,0.97694,0.410424,0,0,0,1,0.956715,0.72027
0,0,0,1,0.93406,0.83848,0,0,0,0.999994,0.94079,0.701509
0,0,0,0,0,0,0,0,0,0.858125,0.831417,0.644001
0,0,0,1,0.974582,0.190877,0,0,0,1,0.973139,0.716219
0,0,0,0,0,0,0,0,0,0.999803,0.932944,0.691289
0,0,0,0.967922,0.929047,1,0,0,0,1,0.971184,0.726523
0,0,0,1,0.919833,1,0,0,0,0.99996,0.95222,0.717705
0,0,0,1,0.93355,1,0,0,0,0.999999,0.966663,0.732018
0,0,0,0.995,0.91297,1,0,0,0,1,0.969785,0.748904
0,0,0,1,0.930639,1,0,0,0,0.899652,0.865679,0.662251
0,0,0,1,0.971155,0.200938,0,0,0,0.999819,0.962108,0.747247
0,0,0,0,0,0,0,0,0,0.915658,0.873323,0.670393
0,0,0,1,0.964893,1,0,0,0,0.999962,0.939692,0.715026
0,0,0,1,0.9755,0.192797,0,0,0,1,0.96051,0.694821
0,0,0,1,0.970799,0.200007,0,0,0,1,0.952042,0.700997
0,0,0,1,0.933299,0.574734,0,0,0,1,0.959307,0.721449
0,0,0,0.995009,0.912972,1,0,0,0,1,0.984215,0.715126
0,0,0,1,0.948171,0.310783,0,0,0,1,0.944689,0.692434
0,0,0,1,0.93863,0.660517,0,0,0,0.999967,0.953449,0.721351
0,0,0,1,0.911905,1,0,0,0,0.999998,0.956063,0.731251
0,0,0,0,0,0,0,0,0,0.999992,0.964987,0.716814
0,0,0,0,0,0,0,0,0,0.772531,0.732209,0.527636
0,0,0,1,0.931357,1,0,0,0,0.986205,0.949669,0.790854
0,0,0,1,0.936787,0.498804,0,0,0,1,0.978672,0.736021
0,0,0,1,0.945655,0.395967,0,0,0,0.999993,0.963848,0.730963
0,0,0,1,0.94824,0.310978,0,0,0,0.999998,0.952309,0.736969
0,0,0,1,0.933807,1,0,0,0,0.999994,0.956145,0.735831
0,0,0,1,0.958211,1,0,0,0,1,0.953449,0.693265
0,0,0,0,0,0,0,0,0,0.999795,0.923592,0.677794
0,0,0,1,0.935313,0.745437,0,0,0,0.999989,0.951233,0.742048
0,0,0,0.968303,0.930986,1,0,0,0,0.999998,0.974773,0.730578
0,0,0,1,0.935766,1,0,0,0,0.99859,0.972882,0.782164
0,0,0,1,0.955475,1,0,0,0,0.999998,0.953362,0.742422
0,0,0,1,0.94689,0.499562,0,0,0,1,0.957517,0.719581
0,0,0,1,0.935249,0.744143,0,0,0,0.863507,0.824744,0.626581
0,0,0,0,0,0,0,0,0,0.999991,0.933066,0.691185
0,0,0,1,0.957513,1,0,0,0,0.97631,0.952926,0.805173
0,0,0,0,0,0,0,0,0,0.999991,0.938801,0.699357
0,0,0,0.967766,0.975049,0.775151,0,0,0,1,0.967717,0.739799
0,0,0,1,0.94962,1,0,0,0,0.999918,0.926968,0.674587
0,0,0,0.967334,0.928869,1,0,0,0,1,0.971184,0.748352
0,0,0,1,0.933708,1,0,0,0,1,0.980167,0.733929
0,0,0,1,0.935763,1,0,0,0,0.999999,0.983909,0.7478
0,0,0,1,0.951227,1,0,0,0,0.983343,0.963984,0.801936
0,0,0,0,0,0,0,0,0,0.977883,0.949106,0.735262
0,0,0,1,0.93571,0.699492,0,0,0,0.999983,0.969149,0.706292
0,0,0,1,0.952744,0.263759,0,0,0,0.99991,0.940024,0.728459
0,0,0,0.967596,0.936232,1,0,0,0,0.999949,0.922482,0.681833
0,0,0,0,0,0,0,0,0,1,0.940898,0.684686
0,0,0,1,0.985803,0.266586,0,0,0,0.63443,0.596727,0.447219
0,0,0,1,0.964525,1,0,0,0,0.999992,0.940024,0.70202
0,0,0,1,0.948562,0.310208,0,0,0,1,0.97231,0.726329
0,0,0,0,0,0,0,0,0,0.91118,0.882022,0.693888
0,0,0,1,0.969016,0.59162,0,0,0,0.951414,0.922761,0.740174
0,0,0,1,0.949288,1,0,0,0,0.999999,0.95096,0.718594
0,0,0,0,0,0,0,0,0,0.863737,0.834137,0.629205
0,0,0,1,0.974128,0.491652,0,0,0,1,0.954984,0.703244
0,0,0,1,0.93663,0.498043,0,0,0,0.999968,0.923454,0.675658
0,0,0,1,0.935683,0.69908,0,0,0,0.999034,0.957437,0.722625
0,0,0,1,0.981337,0.347284,0,0,0,0.999998,0.933552,0.681409
0,0,0,1,0.93888,0.428838,0,0,0,0.999983,0.936981,0.692642
0,0,0,1,0.98134,0.347591,0,0,0,1,0.957437,0.699254
0,0,0,1,0.955197,1,0,0,0,0.999998,0.980091,0.743727
0,0,0,0.995158,0.91301,1,0,0,0,1,0.973544,0.742048
0,0,0,1,0.966183,0.224704,0,0,0,1,0.971074,0.743168
0,0,0,1,0.925389,0.743159,0,0,0,0.816113,0.774754,0.557213
0,0,0,1,0.966459,0.22512,0,0,0,1,0.973594,0.734881
0,0,0,1,0.984158,0.254741,0,0,0,1,0.973993,0.72086
0,0,0,0.989679,0.923336,1,0,0,0,1,0.945701,0.709824
0,0,0,1,0.930366,1,0,0,0,0.898232,0.872565,0.685529
0,0,0,1,0.980403,0.408721,0,0,0,1,0.970688,0.729712
0,0,0,1,0.975312,0.192168,0,0,0,1,0.975155,0.717111
0,0,0,0.990707,0.930023,1,0,0,0,0.87925,0.840652,0.640636
0,0,0,1,0.941409,1,0,0,0,0.999999,0.965835,0.715126
0,0,0,1,0.939514,1,0,0,0,1,0.97151,0.735262
0,0,0,1,0.938588,0.428213,0,0,0,0.999999,0.962532,0.722331
0,0,0,1,0.926539,0.699381,0,0,0,1,0.945096,0.688678
0,0,0,0.975985,0.935006,1,0,0,0,1,0.9633,0.727975
0,0,0,1,0.975526,0.192882,0,0,0,0.999071,0.966347,0.752922
0,0,0,1,0.934839,0.534703,0,0,0,0.999992,0.957755,0.716615
0,0,0,1,0.977427,0.214057,0,0,0,1,0.971347,0.73412
0,0,0,1,0.946046,1,0,0,0,1,0.959837,0.738669
0,0,0,1,0.975446,0.192616,0,0,0,1,0.972985,0.745584
0,0,0,1,0.935346,0.745987,0,0,0,0.999998,0.9659,0.725065
0,0,0,1,0.97675,0.203307,0,0,0,0.965185,0.935465,0.791015
0,0,0,0.968334,0.936413,1,0,0,0,0.9775,0.956957,0.799286
0,0,0,1,0.933831,1,0,0,0,0.999998,0.940572,0.721841
0,0,0,1,0.961218,0.263194,0,0,0,0.999939,0.955817,0.710025
0,0,0,0.972177,0.911611,1,0,0,0,0.798187,0.758153,0.578924
0,0,0,1,0.964542,1,0,0,0,0.999993,0.961025,0.737914
0,0,0,0.96688,0.92873,1,0,0,0,1,0.976084,0.744471
0,0,0,0,0,0,0,0,0,0.906818,0.869936,0.669853
0,0,0,1,0.939398,1,0,0,0,1,0.97658,0.724383
0,0,0,1,0.951706,0.264476,0,0,0,0.988536,0.904144,0.674801
0,0,0,1,0.957274,1,0,0,0,0.996364,0.946695,0.758689
0,0,0,1,0.984138,0.254503,0,0,0,0.842863,0.801159,0.609408
0,0,0,1,0.950356,0.286307,0,0,0,0.999785,0.958304,0.721939
0,0,0,1,0.953255,1,0,0,0,0.999788,0.907967,0.681833
0,0,0,0.968405,0.975108,0.774437,0,0,0,1,0.955152,0.710226
0,0,0,1,0.968478,0.213031,0,0,0,0.867148,0.839471,0.640411
0,0,0,1,0.958013,1,0,0,0,0.992626,0.949576,0.729327
0,0,0,1,0.984071,0.253668,0,0,0,1,0.982624,0.768386
0,0,0,1,0.982597,0.226347,0,0,0,0.963712,0.95275,0.779993
0.00964375,0.00140925,0,0,0,0,0,0,0,0.873862,0.844024,0.684264
0,0,0,0.964186,0.962619,0.930163,0,0,0,0.956227,0.926437,0.748352
0,0,0,1,0.937516,1,0,0,0,1,0.975762,0.755096
0,0,0,1,0.927932,1,0,0,0,1,0.961171,0.699357
0,0,0,0.993943,0.908846,1,0,0,0,0.999994,0.9463,0.72526
0,0,0,1,0.940728,0.576017,0,0,0,0.999898,0.95388,0.732783
0,0,0,1,0.945079,1,0,0,0,0.996307,0.965446,0.7696
0,0,0,1,0.931519,0.98434,0,0,0,0.998463,0.962953,0.764012
0,0,0,1,0.970164,0.204406,0,0,0,0.999998,0.964921,0.742235
0,0,0,0.991605,0.982508,0.696,0,0,0,1,0.973695,0.724578
0,0,0,1,0.934259,1,0,0,0,0.990441,0.970964,0.807764
0,0,0,0,0,0,0,0,0,1,0.962883,0.716516
0,0,0,1,0.936139,0.498362,0,0,0,1,0.973088,0.727201
0,0,0,0.990861,0.936515,1,0,0,0,1,0.966537,0.742982
1.19209e-07,0,0,0,0,0,0,0,0,0.926037,0.904987,0.724091
0,0,0,1,0.945916,1,0,0,0,0.96225,0.933066,0.782829
0,0,0,0.963798,0.933706,1,0,0,0,1,0.976535,0.722331
0,0,0,0,0,0,0,0,0,0.865793,0.82559,0.608536
0,0,0,1,0.984121,0.254292,0,0,0,0.999999,0.958615,0.740362
0,0,0,1,0.945954,0.396408,0,0,0,0.999994,0.931213,0.68342
0,0,0,1,0.969134,0.589673,0,0,0,0.999629,0.912748,0.688154
0,0,0,0.982648,0.924739,1,0,0,0,0.999999,0.948442,0.70028
0,0,0,0,0,0,0,0,0,0.978219,0.952131,0.7696
0,0,0,1,0.937379,1,0,0,0,0.999965,0.922203,0.672977
0,0,0,0,0,0,0,0,0,0.997527,0.973645,0.788746
0,0,0,0.994493,0.950328,0.852315,0,0,0,1,0.955899,0.696991
0,0,0,1,0.958087,1,0,0,0,0.995076,0.900879,0.675872
0,0,0,0,0,0,0,0,0,0.999979,0.970909,0.721547
0,0,0,1,0.981539,0.295372,0,0,0,0.999996,0.967533,0.742795
0,0,0,0,0,0,0,0,0,1,0.973292,0.743541
0,0,0,0.989928,0.938858,1,0,0,0,0.915959,0.885434,0.710829
0,0,0,1,0.938588,0.660065,0,0,0,1,0.959762,0.723895
0,0,0,1,0.939883,1,0,0,0,0.999998,0.976038,0.761716
0,0,0,0.992045,0.916844,1,0,0,0,0.999986,0.947284,0.700997
0,0,0,0.971491,0.912286,1,0,0,0,0.99991,0.945197,0.714429
0,0,0,1,0.936331,0.396629,0,0,0,1,0.974043,0.7237
0,0,0,1,0.931868,1,0,0,0,0.999972,0.957675,0.729327
0,0,0,1,0.985804,0.266593,0,0,0,0.885829,0.837487,0.629205
0,0,0,0,0,0,0,0,0,0.943034,0.912903,0.731826
0,0,0,1,0.948992,1,0,0,0,0.999999,0.941868,0.686895
0,0,0,1,0.931477,1,0,0,0,1,0.971618,0.731634
0,0,0,0.9781,0.944664,1,0,0,0,0.999202,0.964052,0.742795
0,0,0,0,0,0,0,0,0,0.999755,0.919787,0.689619
0,0,0,1,0.919632,1,0,0,0,1,0.953794,0.710729
0,0,0,1,0.980157,0.198688,0,0,0,0.99661,0.931711,0.695855
0,0,0,0,0,0,0,0,0,0.999977,0.945197,0.713332
1.19209e-07,0,0,0,0,0,0,0,0,0.951863,0.917893,0.732783
0,0,0,0.991365,0.916625,1,0,0,0,1,0.975484,0.721547
0,0,0,1,0.948992,1,0,0,0,0.934991,0.901921,0.734691
0.100927,0.0455211,0.00144556,1,0.932634,1,0,0,0,0.999795,0.921922,0.678007
0,0,0,1,0.966103,0.224517,0,0,0,1,0.97231,0.72594
0,0,0,1,0.936825,0.498985,0,0,0,1,0.952486,0.708616
0,0,0,1,0.930912,1,0,0,0,1,0.974629,0.744285
0,0,0,1,0.93933,1,0,0,0,0.999997,0.931711,0.676513
0,0,0,0.993721,0.908778,1,0,0,0,1,0.972779,0.723212
0,0,0,0.964793,0.934018,1,0,0,0,0.999977,0.959231,0.729905
0,0,0,0,0,0,0,0,0,0.907476,0.871693,0.704364
0,0,0,1,0.97866,0.194712,0,0,0,1,0.956309,0.708112
0,0,0,1,0.933697,0.927432,0,0,0,0.999997,0.959611,0.727589
0,0,0,1,0.935294,0.745,0,0,0,0.999999,0.941547,0.684475
0,0,0,1,0.935729,1,0,0,0,0.999862,0.992031,0.855248
0,0,0,1,0.909231,1,0,0,0,0.999863,0.992823,0.860955
0,0,0,0.980586,0.935282,1,0,0,0,1,0.9659,0.712332
0,0,0,0,0,0,0,0,0,0.937555,0.902438,0.701611
0,0,0,0,0,0,0,0,0,0.999991,0.927888,0.680029
0,0,0,1,0.922749,1,0,0,0,1,0.962673,0.725454
0,0,0,1,0.973951,0.453192,0,0,0,1,0.943971,0.70477
0,0,0,0,0,0,0,0,0,0.999999,0.932821,0.678007
0,0,0,1,0.933815,0.879678,0,0,0,0.999999,0.972204,0.739234
0,0,0,0.976704,0.919636,1,0,0,0,0.964921,0.888759,0.686265
5.12599e-06,0,0,0,0,0,0,0,0,0.999998,0.928668,0.676086
0,0,0,1,0.948778,0.310803,0,0,0,0.964855,0.936749,0.787931
0,0,0,1,0.939542,1,0,0,0,1,0.972623,0.740925
0,0,0,1,0.912124,1,0,0,0,1,0.958924,0.731634
0,0,0,1,0.953085,1,0,0,0,1,0.96525,0.7324
0,0,0,1,0.933618,1,0,0,0,1,0.976714,0.76769
0,0,0,1,0.974195,0.489971,0,0,0,0.999994,0.961316,0.718199
0,0,0,0.979948,0.945007,1,0,0,0,1,0.969149,0.743913
0,0,0,0.993097,0.908696,1,0,0,0,1,0.960584,0.743727
0,0,0,0,0,0,0,0,0,0.868938,0.781664,0.627609
0,0,0,0.970955,0.94124,1,0,0,0,0.995076,0.901401,0.671147
0,0,0,0,0,0,0,0,0,0.93744,0.907967,0.714728
0,0,0,1,0.938484,0.658995,0,0,0,0.99896,0.909747,0.68342
0,0,0,0.991898,0.916796,1,0,0,0,0.840521,0.803945,0.600305
0,0,0,1,0.933721,1,0,0,0,0.999508,0.949012,0.713232
0,0,0,1,0.935222,0.743669,0,0,0,1,0.965381,0.728362
0,0,0,1,0.998361,0.210514,0,0,0,0.999949,0.958304,0.716318
0,0,0,1,0.935341,0.745895,0,0,0,0.999988,0.943034,0.715523
0,0,0,1,0.982306,0.244852,0,0,0,0.999993,0.974483,0.726232
0,0,0,1,0.933712,1,0,0,0,1,0.961389,0.732974
0,0,0,1,0.930335,1,0,0,0,0.999757,0.92617,0.683102
0,0,0,0,0,0,0,0,0,0.999405,0.938913,0.739611
0,0,0,0,0,0,0,0,0,1,0.973292,0.746878
0,0,0,1,0.971151,0.200928,0,0,0,1,0.966474,0.741112
0,0,0,1,0.951775,0.264655,0,0,0,1,0.959988,0.719679
0,0,0,1,0.949592,1,0,0,0,0.999978,0.942612,0.717507
0,0,0,1,0.982493,0.225535,0,0,0,0.918187,0.879561,0.68742
0,0,0,1,0.959559,1,0,0,0,1,0.959383,0.743541
0,0,0,0.982069,0.971354,0.841771,0,0,0,1,0.97567,0.723212
0,0,0,1,0.958744,0.216891,0,0,0,1,0.97801,0.75274
0,0,0,0,0,0,0,0,0,0.920074,0.871912,0.683208
0,0,0,1,0.946054,1,0,0,0,0.999999,0.943764,0.705988
0,0,0,0.989708,0.913666,1,0,0,0,0.999998,0.966851,0.728652
0,0,0,1,0.982314,0.244944,0,0,0,1,0.971347,0.742422
0,0,0,1,0.968326,0.212644,0,0,0,0.952042,0.919353,0.770983
0,0,0,1,0.955931,0.230288,0,0,0,0.930078,0.89607,0.697094
0,0,0,1,0.940796,0.576492,0,0,0,0.957755,0.919787,0.717606
0.0848894,0.033407,0.000586576,1,0.953115,1,0,0,0,1,0.978467,0.755096
0.0726149,0.0129281,0,1,0.969186,0.209865,0,0,0,0.895888,0.867148,0.685423
0,0,0,1,0.951462,1,0,0,0,1,0.947478,0.688259
0,0,0,0,0,0,0,0,0,0.85318,0.820901,0.622
0,0,0,1,0.943062,1,0,0,0,0.999196,0.954137,0.730578
0,0,0,1,0.942332,1,0,0,0,0.999991,0.975202,0.734691
0,0,0,1,0.963629,0.243026,0,0,0,0.999999,0.963369,0.736969
0,0,0,1,0.946714,0.336706,0,0,0,1,0.962462,0.737914
0,0,0,1,0.939359,1,0,0,0,0.999999,0.963161,0.71103
0,0,0,1,0.939571,1,0,0,0,1,0.956309,0.728459
0,0,0,0.99335,0.912542,1,0,0,0,1,0.961244,0.735071
0,0,0,1,0.927644,1,0,0,0,0.99986,0.922343,0.677581
0,0,0,1,0.946376,1,0,0,0,1,0.975012,0.711732
0,0,0,0,0,0,0,0,0,0.857052,0.830181,0.643441
0,0,0,1,0.965742,0.227327,0,0,0,1,0.959837,0.702734
0,0,0,1,0.937119,1,0,0,0,0.999999,0.972675,0.756717
0,0,0,1,0.998452,0.231146,0,0,0,0.951504,0.924415,0.745584
0,0,0,1,0.981556,0.201712,0,0,0,0.999995,0.934634,0.679179
0,0,0,0.964029,0.993766,0.530505,0,0,0,0.961098,0.936052,0.76207
0,0,0,1,0.926892,1,0,0,0,0.999998,0.970964,0.725454
0,0,0,1,0.98039,0.409338,0,0,0,0.999979,0.9633,0.744285
0,0,0,1,0.993579,0.442115,0,0,0,0.999785,0.923454,0.69285
0,0,0,1,0.98234,0.245211,0,0,0,0.933794,0.883437,0.671255
0,0,0,0.988284,0.912936,1,0,0,0,0.936749,0.900705,0.716318
0,0,0,1,0.945471,0.925625,0,0,0,0.994959,0.913058,0.680242
0,0,0,1,0.950249,1,0,0,0,0.999997,0.971779,0.713232
0,0,0,1,0.919554,1,0,0,0,1,0.969556,0.745769
0,0,0,1,0.911192,1,0,0,0,0.82176,0.789558,0.613642
0,0,0,0,0,0,0,0,0,1,0.95388,0.717309
0,0,0,1,0.969176,0.58898,0,0,0,0.999999,0.953101,0.708213
0,0,0,0.994234,0.9503,0.852629,0,0,0,0.984456,0.890103,0.692538
0,0,0,1,0.980148,0.224549,0,0,0,1,0.978875,0.726232
0,0,0,1,0.922764,0.832343,0,0,0,0.999943,0.966726,0.732783
0,0,0,0.989072,0.923218,1,0,0,0,0.999718,0.965964,0.724773
0,0,0,1,0.933614,0.976737,0,0,0,0.99999,0.972467,0.722331
0.11938,0.0143796,0,0,0,0,0,0,0,1,0.968081,0.722135
0,0,0,1,0.958671,0.216696,0,0,0,0.999999,0.975484,0.742048
0,0,0,1,0.947124,1,0,0,0,0.999999,0.972046,0.708011
0,0,0,0.992103,0.908281,1,0,0,0,0.918626,0.890294,0.706089
0,0,0,1,0.94929,0.429384,0,0,0,0.999996,0.956063,0.726814
0,0,0,1,0.984641,0.231537,0,0,0,0.999999,0.962179,0.747247
0,0,0,0,0,0,0,0,0,0.996235,0.939692,0.745584
0,0,0,1,0.931711,0.616536,0,0,0,0.999989,0.9633,0.716913
0,0,0,1,0.948562,1,0,0,0,0.999992,0.943348,0.722625
0,0,0,1,0.945844,1,0,0,0,0.871037,0.843766,0.64646
0,0,0,1,0.965906,0.227737,0,0,0,1,0.94699,0.695648
0,0,0,1,0.971111,0.204673,0,0,0,0.928797,0.906653,0.726911
0,0,0,1,0.927122,1,0,0,0,0.999993,0.94079,0.701406
0,0,0,1,0.967499,1,0,0,0,0.994043,0.97631,0.81582
0,0,0,0.981183,0.945235,1,0,0,0,0.99162,0.970409,0.799912
0,0,0,0.968459,0.936443,1,0,0,0,1,0.971019,0.748904
0,0,0,1,0.969097,0.59028,0,0,0,0.999998,0.968679,0.713531
0,0,0,0,0,0,0,0,0,0.874721,0.847842,0.650578
0,0,0,0,0,0,0,0,0,0.999412,0.926835,0.702326
0,0,0,1,0.933476,0.575916,0,0,0,1,0.947672,0.692018
0,0,0,1,0.934632,0.42893,0,0,0,0.979393,0.918187,0.711531
0,0,0,1,0.932406,0.932561,0,0,0,0.999421,0.960287,0.727201
0,0,0,1,0.9469,0.499612,0,0,0,0.99998,0.961893,0.742422
0,0,0,1,0.970989,0.204329,0,0,0,1,0.967533,0.73431
0,0,0,0,0,0,0,0,0,0.83762,0.806548,0.595845
0,0,0,1,0.9317,0.616432,0,0,0,0.999997,0.964522,0.742422
0,0,0,1,0.935232,0.74385,0,0,0,0.99943,0.960287,0.72594
0,0,0,1,0.970906,0.200287,0,0,0,0.999999,0.943138,0.705176
0,0,0,1,0.950895,0.309681,0,0,0,1,0.972415,0.745028
0,0,0,0,0,0,0,0,0,0.944791,0.922482,0.739986
0,0,0,1,0.931837,1,0,0,0,0.999999,0.936865,0.683102
0,0,0,1,0.933828,0.831381,0,0,0,0.999199,0.973393,0.770637
0,0,0,1,0.931864,1,0,0,0,1,0.956957,0.699254
0,0,0,1,0.957592,1,0,0,0,1,0.944485,0.689201
0,0,0,0.96413,0.99377,0.53043,0,0,0,0.997019,0.957912,0.738292
0,0,0,0.987185,0.912605,1,0,0,0,0.999993,0.955651,0.702122
0,0,0,1,0.965755,0.227359,0,0,0,1,0.971293,0.732209
0,0,0,0.977985,0.944642,1,0,0,0,1,0.964855,0.727589
0,0,0,1,0.979106,0.216286,0,0,0,0.999993,0.959383,0.727104
0,0,0,0,0,0,0,0,0,0.931463,0.904313,0.713432
0,0,0,1,0.936157,0.656182,0,0,0,0.997566,0.901227,0.670393
0,0,0,1,0.936784,0.49879,0,0,0,0.999994,0.968321,0.741674
0,0,0,1,0.93569,0.69922,0,0,0,0.999986,0.94366,0.711932
0,0,0,1,0.939155,1,0,0,0,1,0.967039,0.716814
0,0,0,1,0.954699,1,0,0,0,0.999986,0.966092,0.742422
0,0,0,1,0.949773,1,0,0,0,1,0.933431,0.684897
0,0,0,0,0,0,0,0,0,1,0.949669,0.69987
0,0,0,1,0.978471,0.207177,0,0,0,0.999997,0.94079,0.697609
0,0,0,1,0.976821,0.20363,0,0,0,0.999997,0.953794,0.741674
0,0,0,1,0.981341,0.347631,0,0,0,0.999999,0.95275,0.724091
0,0,0,1,0.99854,0.231965,0,0,0,1,0.968381,0.748536
0,0,0,1,0.975579,0.201672,0,0,0,0.989223,0.968856,0.813757
0,0,0,1,0.955381,1,0,0,0,1,0.972779,0.741112
0,0,0,1,0.941127,1,0,0,0,1,0.964254,0.75274
0,0,0,1,0.981327,0.440502,0,0,0,0.997253,0.968797,0.79166
0,0,0,1,0.944974,1,0,0,0,0.976084,0.958304,0.795022
0,0,0,0,0,0,0,0,0,0.999985,0.939137,0.692538
0,0,0,0,0,0,0,0,0,1,0.972257,0.746693
0,0,0,1,0.910293,1,0,0,0,0.999998,0.954223,0.739611
0,0,0,0,0,0,0,0,0,0.77081,0.724286,0.524638
0,0,0,1,0.943658,1,0,0,0,1,0.947284,0.695131
0,0,0,0.999919,0.961243,0.7109,0,0,0,1,0.97024,0.739611
0,0,0,1,0.935253,0.744312,0,0,0,0.781664,0.746139,0.577912
0,0,0,1,0.960677,0.204492,0,0,0,0.999998,0.93233,0.69987
0,0,0,0,0,0,0,0,0,0.941007,0.92164,0.748904
0,0,0,1,0.964546,1,0,0,0,0.999758,0.933309,0.692226
0,0,0,1,0.927674,1,0,0,0,1,0.975992,0.72331
0,0,0,1,0.974591,0.190904,0,0,0,0.992626,0.985271,0.865793
0,0,0,0,0,0,0,0,0,0.888759,0.864996,0.67854
0,0,0,0,0,0,0,0,0,0.841305,0.813461,0.624637
0,0,0,0.983042,0.924869,1,0,0,0,0.999993,0.977586,0.763131
0,0,0,1,0.932384,0.934823,0,0,0,1,0.968081,0.745398
0,0,0,1,0.947447,1,0,0,0,0.999529,0.956634,0.720663
0,0,0,0,0,0,0,0,0,0.904987,0.872347,0.664649
0,0,0,1,0.946928,0.499756,0,0,0,0.999995,0.932453,0.690768
0,0,0,0,0,0,0,0,0,1,0.9549,0.716715
0,0,0,1,0.927762,1,0,0,0,0.999979,0.956063,0.736401
0,0,0,1,0.945073,0.929912,0,0,0,0.999996,0.965706,0.741487
0,0,0,1,0.933696,0.927502,0,0,0,0.99981,0.908456,0.685844
0,0,0,1,0.947196,1,0,0,0,1,0.968856,0.738292
0,0,0,1,0.994357,0.201935,0,0,0,0.958148,0.937897,0.768386
0,0,0,1,0.936825,0.498989,0,0,0,0.967778,0.940681,0.791176
0,0,0,1,0.976933,0.410933,0,0,0,0.999991,0.961534,0.740174
0,0,0,1,0.959809,0.209021,0,0,0,0.999715,0.909907,0.672009
0,0,0,0.978256,0.928199,1,0,0,0,0.999998,0.941761,0.689619
0,0,0,1,0.94441,0.429407,0,0,0,0.981131,0.909425,0.688992
0,0,0,1,0.984175,0.254947,0,0,0,0.999999,0.942929,0.704872
0,0,0,1,0.955543,1,0,0,0,0.999933,0.942082,0.692434
0,0,0,1,0.92276,0.832225,0,0,0,0.990514,0.974239,0.821331
0,0,0,1,0.919763,1,0,0,0,0.999454,0.957118,0.730963
0,0,0,1,0.977761,0.48807,0,0,0,1,0.9659,0.712732
0,0,0,1,0.935112,1,0,0,0,0.999848,0.952838,0.704262
0,0,0,1,0.976883,0.185274,0,0,0,0.873107,0.846197,0.651022
0,0,0,1,0.950414,0.286461,0,0,0,0.999531,0.950595,0.72086
0,0,0,1,0.911939,1,0,0,0,1,0.977968,0.713232
0,0,0,1,0.977007,0.20447,0,0,0,0.952131,0.921074,0.769773
0,0,0,1,0.952205,0.263878,0,0,0,0.938913,0.869936,0.661923
0,0,0,1,0.937359,0.702635,0,0,0,0.999999,0.939248,0.705785
0,0,0,1,0.937973,1,0,0,0,0.999998,0.9633,0.71413
0,0,0,1,0.982568,0.226125,0,0,0,0.999999,0.973494,0.745584
0,0,0,1,0.964384,1,0,0,0,1,0.971618,0.754192
0,0,0,1,0.933377,0.575258,0,0,0,0.999935,0.957358,0.738669
0,0,0,1,0.946608,1,0,0,0,0.949482,0.918918,0.733356
0,0,0,1,0.934015,0.835934,0,0,0,0.999998,0.936052,0.679817
0,0,0,1,0.94348,1,0,0,0,0.999999,0.950411,0.708313
0,0,0,0,0,0,0,0,0,0.999843,0.953794,0.713831
0,0,0,1,0.943482,1,0,0,0,1,0.970521,0.723505
0,0,0,0,0,0,0,0,0,0.999994,0.933309,0.691185
0,0,0,1,0.919233,1,0,0,0,1,0.950319,0.70619
0,0,0,1,0.934633,0.428932,0,0,0,0.999954,0.920218,0.672224
0,0,0,0.992722,0.950132,0.854476,0,0,0,0.999998,0.97539,0.735452
0,0,0,1,0.974132,0.49157,0,0,0,0.999968,0.954732,0.702836
0,0,0,1,0.972245,0.201893,0,0,0,1,0.976669,0.721939
0,0,0,0.971915,0.911526,1,0,0,0,0.999454,0.914138,0.679072
0,0,0,0,0,0,0,0,0,0.898411,0.85022,0.649356
0,0,0,1,0.939256,1,0,0,0,1,0.964921,0.743727
0,0,0,1,0.945049,1,0,0,0,1,0.963369,0.721253
0,0,0,1,0.932785,1,0,0,0,1,0.976935,0.724188
0,0,0,1,0.979132,0.216443,0,0,0,0.891055,0.866246,0.681939
0,0,0,1,0.954603,1,0,0,0,1,0.970909,0.747616
0,0,0,1,0.950611,1,0,0,0,0.999997,0.964589,0.740174
0,0,0,1,0.919912,1,0,0,0,0.999998,0.940898,0.701509
0,0,0,1,0.978442,0.207027,0,0,0,0.779322,0.743913,0.536465
0,0,0,1,0.952148,1,0,0,0,0.998665,0.956309,0.760651
0,0,0,0,0,0,0,0,0,0.948917,0.925634,0.75183
0,0,0,1,0.947649,1,0,0,0,0.978549,0.957912,0.800536
0,0,0,0,0,0,0,0,0,0.871803,0.843638,0.642208
0,0,0,1,0.933518,0.979162,0,0,0,1,0.934035,0.689724
0,0,0,1,0.909525,1,0,0,0,0.999999,0.975762,0.709019
0,0,0,1,0.93431,1,0,0,0,0.99492,0.90053,0.673514
0,0,0,1,0.951626,1,0,0,0,0.954308,0.92657,0.753285
0,0,0,1,0.933696,0.92773,0,0,0,1,0.959535,0.738669
0,0,0,1,0.933265,0.88383,0,0,0,1,0.974677,0.713032
0,0,0,1,0.974146,0.491199,0,0,0,0.844537,0.813313,0.604866
0,0,0,1,0.934284,1,0,0,0,0.963984,0.935346,0.751101
0,0,0,1,0.942403,1,0,0,0,1,0.946695,0.693784
0,0,0,1,0.92279,1,0,0,0,0.999,0.955152,0.751648
0,0,0,1,0.961426,0.708523,0,0,0,0.999987,0.962108,0.74055
0,0,0,1,0.998504,0.231628,0,0,0,0.999007,0.973795,0.778818
0,0,0,1,0.932871,1,0,0,0,0.975855,0.909586,0.710829
0,0,0,1,0.946365,1,0,0,0,0.999998,0.972831,0.734881
0,0,0,1,0.980407,0.408486,0,0,0,0.999987,0.965316,0.738103
0,0,0,1,0.942713,0.498468,0,0,0,0.997843,0.960137,0.776792
0,0,0,1,0.946399,0.336937,0,0,0,1,0.98249,0.76366
0,0,0,1,0.947474,0.365183,0,0,0,0.932821,0.901401,0.723212
0,0,0,1,0.911935,1,0,0,0,0.900355,0.851459,0.681833
0,0,0,1,0.909292,1,0,0,0,1,0.96796,0.720467
0,0,0,1,0.980404,0.408632,0,0,0,0.999998,0.965771,0.742795
0,0,0,1,0.956508,0.227223,0,0,0,1,0.945096,0.688783
1.07288e-06,0,0,1,0.975602,0.201762,0,0,0,0.999904,0.919787,0.674372
0,0,0,0,0,0,0,0,0,1,0.950595,0.697815
0,0,0,1,0.933974,1,0,0,0,0.957912,0.934035,0.771155
0,0,0,1,0.946448,0.337083,0,0,0,0.973292,0.942082,0.742982
0,0,0,1,0.949038,1,0,0,0,0.995635,0.899298,0.672439
0,0,0,1,0.998367,0.210558,0,0,0,0.999978,0.955319,0.733929
0,0,0,1,0.939856,1,0,0,0,1,0.974386,0.727589
0,0,0,1,0.939624,1,0,0,0,0.999999,0.928668,0.686685
0,0,0,1,0.95829,0.770659,0,0,0,0.786623,0.751648,0.556068
0,0,0,1,0.93328,1,0,0,0,0.999998,0.956957,0.746139
0,0,0,1,0.997827,0.312285,0,0,0,0.828662,0.797557,0.588534
0,0,0,1,0.939561,1,0,0,0,1,0.943243,0.7237
0,0,0,1,1,0.266527,0,0,0,1,0.946892,0.736211
0,0,0,1,0.956997,1,0,0,0,1,0.971725,0.724286
0,0,0,0.984137,0.984456,0.639284,0,0,0,0.999586,0.956145,0.713232
0,0,0,1,0.965898,0.227717,0,0,0,0.999962,0.960137,0.740737
0,0,0,1,0.933267,0.88256,0,0,0,0.999996,0.951774,0.710025
0,0,0,1,0.957491,1,0,0,0,0.991187,0.949295,0.743727
0,0,0,1,0.950899,0.309693,0,0,0,0.999751,0.924552,0.680879
0.0398791,0.00410156,0,0,0,0,0,0,0,0.99923,0.940243,0.711431
0,0,0,0,0,0,0,0,0,1,0.954647,0.715821
0,0,0,1,0.974113,0.492055,0,0,0,0.99251,0.968381,0.786459
0,0,0,1,0.933725,1,0,0,0,1,0.933552,0.689619
0,0,0,1,0.950744,0.309274,0,0,0,0.910863,0.884039,0.685634
0,0,0,1,0.910422,1,0,0,0,0.999968,0.928668,0.675658
0,0,0,0.968292,0.975098,0.774563,0,0,0,1,0.954647,0.713731
0,0,0,0.977422,0.908676,1,0,0,0,0.98347,0.899652,0.673299
0,0,0,1,0.949689,1,0,0,0,1,0.981945,0.738292
0,0,0,0.995197,0.909299,1,0,0,0,0.922062,0.891999,0.724578
0,0,0,0,0,0,0,0,0,1,0.967163,0.733165
0,0,0,0.989322,0.918173,1,0,0,0,0.937555,0.900879,0.722233
0,0,0,1,0.981322,0.345696,0,0,0,1,0.96622,0.730386
0,0,0,1,0.97914,0.216495,0,0,0,0.952309,0.903635,0.710126
0,0,0,1,0.947551,0.365428,0,0,0,0.999946,0.958148,0.732592
0.00750591,0.00155638,0,0,0,0,0,0,0,0.770119,0.729809,0.532364
0,0,0,1,0.946745,0.336794,0,0,0,1,0.983343,0.717606
0,0,0,0.997841,0.922778,1,0,0,0,0.999996,0.957596,0.736021
0,0,0,1,0.959926,0.28456,0,0,0,0.999331,0.922482,0.678114
0,0,0,1,0.950672,1,0,0,0,1,0.964921,0.741487
0,0,0,0,0,0,0,0,0,0.903805,0.848722,0.679285
0,0,0,0.989033,0.918079,1,0,0,0,0.999891,0.932944,0.718298
0,0,0,1,0.933838,1,0,0,0,1,0.941761,0.707708
0,0,0,0,0,0,0,0,0,0.793906,0.765418,0.571527
0,0,0,1,0.973392,0.195594,0,0,0,0.908293,0.87289,0.660172
0,0,0,0,0,0,0,0,0,0.999659,0.927888,0.68658
0,0,0,0,0,0,0,0,0,0.912436,0.890485,0.721253
0,0,0,1,0.938604,0.428276,0,0,0,1,0.976129,0.720565
0,0,0,0,0,0,0,0,0,0.997792,0.951323,0.739611
0,0,0,0,0,0,0,0,0,0.998731,0.93511,0.706899
0,0,0,1,0.946405,1,0,0,0,1,0.973993,0.746878
0,0,0,0.981151,0.958002,1,0,0,0,1,0.971672,0.726232
0,0,0,1,0.936072,1,0,0,0,1,0.961893,0.746693
0,0,0,1,0.937442,0.462124,0,0,0,0.99999,0.962036,0.735642
0,0,0,1,0.945195,1,0,0,0,1,0.942718,0.686055
0,0,0,1,0.933815,0.879705,0,0,0,0.999683,0.970688,0.759939
0,0,0,1,0.955639,1,0,0,0,0.999963,0.955236,0.731826
0,0,0,1,0.905759,1,0,0,0,0.999946,0.948442,0.745213
0,0,0,1,0.981578,0.296216,0,0,0,0.99764,0.974483,0.80038
0,0,0,1,0.937436,1,0,0,0,0.999262,0.925903,0.68437
0,0,0,1,0.937764,1,0,0,0,0.999999,0.947962,0.713032
0,0,0,1,0.998119,0.369468,0,0,0,1,0.967349,0.719384
0,0,0,1,0.980682,0.206995,0,0,0,1,0.955068,0.715523
0,0,0,1,0.934007,0.83463,0,0,0,0.867822,0.830181,0.631594
0,0,0,1,0.935051,1,0,0,0,0.99994,0.92657,0.691914
0,0,0,1,0.928727,0.614258,0,0,0,0.999491,0.938576,0.704262
0,0,0,1,0.96855,0.213216,0,0,0,0.932453,0.888372,0.686685
0,0,0,1,0.949521,0.286757,0,0,0,0.999996,0.955981,0.706494
0,0,0,0.964842,0.962705,0.929264,0,0,0,0.940898,0.918918,0.751101
0,0,0,1,0.946353,1,0,0,0,1,0.949201,0.691914
0,0,0,1,0.931701,0.616458,0,0,0,0.999985,0.952486,0.724286
0,0,0,1,0.966474,0.225155,0,0,0,0.9633,0.935465,0.776962
0,0,0,0.978895,0.957677,1,0,0,0,0.995263,0.975012,0.821044
0,0,0,1,0.978608,0.194507,0,0,0,0.999989,0.960063,0.726426
0,0,0,1,0.936098,1,0,0,0,0.981979,0.95096,0.80147
0,0,0,1,0.958762,0.21694,0,0,0,0.999534,0.932576,0.695648
0,0,0,1,1,0.26648,0,0,0,0.91383,0.880695,0.680029
0,0,0,1,0.94786,0.365698,0,0,0,0.999979,0.952309,0.742422
0,0,0,1,0.978545,0.207559,0,0,0,0.953101,0.92373,0.770465
0,0,0,1,0.939477,1,0,0,0,0.999995,0.966537,0.728748
0,0,0,0.99262,0.930595,1,0,0,0,0.99976,0.960805,0.726232
0,0,0,1,0.93372,0.926882,0,0,0,0.99999,0.970799,0.721841
0,0,0,1,0.976876,0.185251,0,0,0,0.968201,0.944074,0.77373
0,0,0,1,0.937578,1,0,0,0,0.999995,0.970743,0.755817
0,0,0,0.981415,0.945277,1,0,0,0,0.998439,0.893681,0.670177
0,0,0,0,0,0,0,0,0,0.862815,0.830594,0.608361
0,0,0,1,0.93962,1,0,0,0,0.972727,0.879147,0.663887
0,0,0,1,0.938285,1,0,0,0,1,0.982691,0.758689
0,0,0,1,0.917749,1,0,0,0,0.999997,0.951142,0.746878
0,0,0,0.97564,0.934945,1,0,0,0,0.99998,0.959762,0.716814
0,0,0,0,0,0,0,0,0,0.936401,0.91228,0.758332
0,0,0,1,0.937384,1,0,0,0,0.999999,0.950041,0.742422
0,0,0,1,0.935972,1,0,0,0,1,0.954563,0.701509
0,0,0,1,0.948269,0.311062,0,0,0,0.99999,0.958924,0.73412
0,0,0,0.970602,0.975312,0.772009,0,0,0,0.997306,0.969556,0.790692
0,0,0,1,0.947691,1,0,0,0,1,0.966663,0.733165
0,0,0,0.976876,0.919693,1,0,0,0,1,0.96741,0.719581
0,0,0,0.973467,0.913804,1,0,0,0,0.999999,0.961389,0.695338
0,0,0,1,0.971114,0.200829,0,0,0,0.999997,0.96378,0.74055
0,0,0,0.99504,0.909254,1,0,0,0,1,0.981701,0.737158
0,0,0,1,0.93742,0.703456,0,0,0,1,0.970521,0.744656
0,0,0,1,0.924037,1,0,0,0,0.905322,0.87925,0.708011
0,0,0,1,0.981325,0.346054,0,0,0,0.999659,0.953966,0.722135
0,0,0,0.963693,0.933673,1,0,0,0,0.72331,0.68763,0.537527
0,0,0,1,0.939329,1,0,0,0,0.999995,0.935465,0.680029
0,0,0,0,0,0,0,0,0,0.999976,0.921358,0.66888
0,0,0,1,0.927226,1,0,0,0,0.999994,0.953188,0.721351
0,0,0,1,1,0.266281,0,0,0,0.921216,0.891811,0.677261
0,0,0,1,0.94811,0.464453,0,0,0,0.999994,0.963643,0.737158
0,0,0,0,0,0,0,0,0,0.884439,0.85561,0.695131
0,0,0,1,0.963404,0.242485,0,0,0,0.874614,0.844281,0.625553
0,0,0,1,0.978694,0.194849,0,0,0,0.999997,0.967899,0.745584
8.34465e-07,0,0,0,0,0,0,0,0,0.938801,0.898589,0.691081
0,0,0,1,0.98018,0.279372,0,0,0,0.999741,0.903294,0.677687
0,0,0,0.954934,0.985888,0.695598,0,0,0,1,0.972415,0.747063
0,0,0,1,0.933655,1,0,0,0,1,0.964987,0.73678
0,0,0,0.969812,0.940868,1,0,0,0,1,0.959078,0.736021
0,0,0,1,0.935344,0.745932,0,0,0,0.999994,0.942612,0.709824
0,0,0,1,0.944302,0.365388,0,0,0,0.999999,0.96641,0.734881
0,0,0,1,0.919485,1,0,0,0,1,0.954647,0.708918
0,0,0,1,0.937721,1,0,0,0,1,0.969149,0.714329
0,0,0,1,0.944089,1,0,0,0,0.999822,0.953966,0.68658
0,0,0,1,0.941798,0.536692,0,0,0,0.999747,0.941223,0.721547
0,0,0,0,0,0,0,0,0,0.814791,0.787931,0.604691
0,0,0,1,0.919451,1,0,0,0,0.854521,0.797083,0.594492
0,0,0,0.991979,0.982535,0.695643,0,0,0,0.999992,0.942188,0.703244
0,0,0,1,0.9481,0.310584,0,0,0,0.999993,0.967101,0.736969
0,0,0,1,0.931855,1,0,0,0,0.999379,0.949949,0.728555
0,0,0,1,0.985819,0.266821,0,0,0,0.999958,0.951233,0.743727
0,0,0,1,0.975445,0.201153,0,0,0,1,0.976758,0.723407
0,0,0,0,0,0,0,0,0,0.987993,0.91181,0.681197
0,0,0,1,0.961505,0.707508,0,0,0,0.999951,0.960584,0.717111
0,0,0,0.97772,0.92806,1,0,0,0,1,0.972934,0.749087
0,0,0,1,0.947819,1,0,0,0,0.999997,0.93744,0.682256
0,0,0,1,0.950344,1,0,0,0,0.999984,0.966474,0.72487
0.186381,0.083969,0.00164374,0,0,0,0,0,0,0.745398,0.706697,0.496554
0,0,0,0.990654,0.929964,1,0,0,0,0.995056,0.921074,0.68616
0,0,0,1,0.990282,0.530827,0,0,0,1,0.941654,0.70028
0,0,0,1,0.961472,0.707941,0,0,0,1,0.977414,0.718397
0,0,0,0.996633,0.922394,1,0,0,0,0.999989,0.972675,0.741487
0,0,0,1,0.941393,1,0,0,0,1,0.95846,0.732783
0,0,0,1,0.94642,0.336998,0,0,0,1,0.97553,0.720467
0,0,0,1,0.947855,0.365684,0,0,0,0.999904,0.949949,0.722625
0,0,0,0.969417,0.975203,0.773313,0,0,0,0.999999,0.956391,0.732974
0,0,0,1,0.938432,0.658436,0,0,0,0.99999,0.930584,0.683631
0,0,0,0.989284,0.91816,1,0,0,0,0.949669,0.926968,0.750918
0,0,0,1,0.967776,0.639202,0,0,0,0.999994,0.961316,0.740362
0,0,0,0.988925,0.936221,1,0,0,0,0.999997,0.947381,0.73077
0,0,0,1,0.965784,0.227431,0,0,0,1,0.975946,0.725162
0,0,0,1,0.93662,1,0,0,0,0.999997,0.961678,0.707101
0,0,0,1,0.98281,0.369342,0,0,0,0.997649,0.913522,0.685529
0,0,0,1,0.933695,0.927733,0,0,0,0.968441,0.945901,0.78016
0,0,0,0.994432,0.912823,1,0,0,0,1,0.97151,0.738669
0,0,0,1,0.998121,0.369004,0,0,0,0.820326,0.782496,0.587588
0,0,0,1,0.95066,1,0,0,0,0.554742,0.529218,0.423518
0,0,0,1,0.97755,0.530283,0,0,0,1,0.977968,0.744471
0,0,0,1,0.954504,0.245027,0,0,0,0.999606,0.911495,0.668123
0,0,0,1,0.96338,0.242427,0,0,0,0.999894,0.954478,0.737725
0,0,0,1,0.943481,1,0,0,0,0.90878,0.875787,0.674158
0,0,0,0,0,0,0,0,0,0.989712,0.970521,0.802091
0,0,0,1,0.96378,1,0,0,0,0.906983,0.856932,0.69233
0,0,0,0.968333,0.930994,1,0,0,0,0.999996,0.973342,0.741674
0,0,0,1,0.938309,1,0,0,0,0.999983,0.955981,0.692226
0,0,0,1,0.965626,1,0,0,0,0.93744,0.917451,0.743913
0,0,0,0.999145,0.961183,0.711674,0,0,0,0.783823,0.755817,0.564339
0,0,0,1,0.935251,0.744164,0,0,0,0.989265,0.961534,0.808521
0,0,0,1,0.923943,1,0,0,0,0.999998,0.966474,0.739046
0,0,0,0,0,0,0,0,0,1,0.976802,0.750187
0,0,0,0,0,0,0,0,0,0.99839,0.930205,0.682362
0,0,0,0.987629,0.912739,1,0,0,0,1,0.969208,0.746878
0,0,0,1,0.959564,1,0,0,0,0.999999,0.972779,0.758332
0,0,0,0,0,0,0,0,0,0.913368,0.867036,0.704262
0,0,0,1,0.933613,0.976812,0,0,0,1,0.956391,0.724286
0,0,0,0,0,0,0,0,0,0.834542,0.805173,0.612136
0,0,0,1,0.933667,0.929752,0,0,0,0.952662,0.922062,0.738858
0,0,0,1,0.98412,0.254282,0,0,0,0.964119,0.9357,0.786295
0,0,0,1,0.937918,0.463827,0,0,0,1,0.96525,0.727201
0,0,0,1,0.968605,0.213354,0,0,0,1,0.973088,0.746139
0,0,0,0.990821,0.914015,1,0,0,0,0.999967,0.91228,0.683102
0,0,0,1,0.963847,1,0,0,0,0.999999,0.950686,0.730482
0,0,0,1,0.985825,0.2669,0,0,0,1,0.942823,0.688049
0,0,0,1,0.949445,0.336489,0,0,0,0.999993,0.946399,0.720565
0,0,0,1,0.933656,1,0,0,0,0.99981,0.944995,0.702326
0,0,0,0.996723,0.922423,1,0,0,0,0.962108,0.910386,0.674908
0,0,0,0.977876,0.934676,1,0,0,0,1,0.932821,0.687105
0,0,0,1,0.956398,0.230459,0,0,0,1,0.975762,0.721154
0,0,0,1,0.964751,1,0,0,0,0.998644,0.954647,0.719482
0,0,0,1,0.917763,1,0,0,0,0.957198,0.90813,0.693058
0.0931934,0.0350534,0,0.967681,0.930813,1,0,0,0,0.989182,0.967778,0.761184
0,0,0,0,0,0,0,0,0,0.999979,0.936518,0.695958
0,0,0,1,0.933722,0.926615,0,0,0,0.961461,0.942929,0.774924
0,0,0,0.999654,0.961223,0.711164,0,0,0,1,0.969149,0.739611
0,0,0,1,0.998401,0.210787,0,0,0,0.999999,0.957991,0.717804
0,0,0,1,0.936637,0.498076,0,0,0,1,0.972099,0.725357
0,0,0,1,0.936228,0.396271,0,0,0,0.999771,0.957755,0.713032
0,0,0,1,0.935371,1,0,0,0,0.999809,0.930458,0.693058
0,0,0,1,0.968458,0.212981,0,0,0,0.963643,0.93511,0.766294
0,0,0,0,0,0,0,0,0,0.926703,0.904819,0.729231
0,0,0,1,0.984093,0.253939,0,0,0,1,0.97539,0.71721
0,0,0,0,0,0,0,0,0,0.953966,0.913213,0.709422
0,0,0,1,0.946035,0.337233,0,0,0,0.999989,0.964254,0.713432
0,0,0,0.950126,0.948466,1,0,0,0,1,0.960212,0.727201
0,0,0,1,0.931719,0.616593,0,0,0,1,0.963022,0.74055
0,0,0,0,0,0,0,0,0,0.938913,0.909103,0.718792
0,0,0,1,0.919435,1,0,0,0,0.885235,0.818592,0.656768
0,0,0,1,0.950778,0.285737,0,0,0,0.999636,0.963369,0.724286
0,0,0,1,0.975271,0.192027,0,0,0,0.82559,0.751648,0.563438
0,0,0,1,0.978756,0.195097,0,0,0,0.996901,0.901053,0.675978
0,0,0,1,0.936322,0.498981,0,0,0,1,0.974141,0.715523
0,0,0,1,0.950711,1,0,0,0,1,0.979861,0.719975
0,0,0,1,0.950774,1,0,0,0,0.999999,0.962036,0.732592
0,0,0,1,0.919949,1,0,0,0,0.97622,0.953275,0.784484
0.243233,0.120225,0.00953064,1,0.950716,1,0,0,0,0.877477,0.845177,0.648132
0,0,0,1,0.985104,0.210933,0,0,0,1,0.967595,0.75274
0,0,0,1,0.969184,0.209861,0,0,0,0.960435,0.911967,0.73431
0,0,0,1,0.934023,0.83572,0,0,0,0.999994,0.970576,0.747247
0,0,0,1,0.947962,0.464111,0,0,0,0.999812,0.964987,0.74055
0,0,0,1,0.937082,1,0,0,0,0.979116,0.962883,0.778818
0,0,0,1,0.984105,0.254086,0,0,0,0.999971,0.961171,0.702122
0,0,0,1,0.937346,0.702465,0,0,0,0.999533,0.950778,0.724481
0,0,0,0.987571,0.912722,1,0,0,0,0.999979,0.95388,0.708515
0,0,0,1,0.975443,0.20115,0,0,0,1,0.942295,0.68742
0,0,0,0,0,0,0,0,0,0.98947,0.969382,0.782496
0,0,0,0.975774,0.934969,1,0,0,0,1,0.97024,0.727104
0,0,0,1,0.939565,0.616352,0,0,0,1,0.970909,0.735071
0,0,0,1,0.954221,0.244325,0,0,0,1,0.970013,0.748352
0,0,0,1,0.946279,0.396979,0,0,0,1,0.963437,0.743168
0,0,0,1,0.941719,0.536225,0,0,0,0.994314,0.898589,0.66888
0,0,0,1,0.9711,0.204642,0,0,0,1,0.969382,0.742795
0,0,0,1,0.934048,1,0,0,0,1,0.957596,0.69233
0,0,0,1,0.973555,0.196086,0,0,0,1,0.980091,0.756717
0,0,0,1,0.9723,0.202075,0,0,0,0.999997,0.964052,0.738292
0,0,0,1,0.948226,0.31094,0,0,0,0.99999,0.960212,0.725162
0,0,0,0.992255,0.908452,1,0,0,0,1,0.968141,0.731442
0,0,0,1,0.997847,0.312993,0,0,0,1,0.941331,0.686685
0,0,0,1,0.972328,0.202166,0,0,0,0.940353,0.918772,0.750736
0,0,0,0.969115,0.936603,1,0,0,0,0.884838,0.842863,0.623148
0,0,0,1,0.981337,0.347268,0,0,0,1,0.975809,0.719088
0,0,0,1,0.933273,0.885659,0,0,0,0.999902,0.942401,0.73431
0,0,0,1,0.964587,1,0,0,0,0.999993,0.91626,0.68763
0,0,0,1,0.990256,0.531335,0,0,0,1,0.944485,0.691081
0,0,0,0.975723,0.919307,1,0,0,0,0.999745,0.969324,0.775605
0,0,0,0.992108,0.930431,1,0,0,0,0.999996,0.937211,0.693265
0,0,0,1,0.97548,0.192727,0,0,0,0.99999,0.969728,0.733738
0,0,0,1,0.937332,0.702298,0,0,0,0.999976,0.963092,0.730578
0,0,0,0.999721,0.961228,0.711097,0,0,0,0.999937,0.922203,0.676086
0,0,0,1,0.933666,0.930402,0,0,0,1,0.950041,0.699254
0,0,0,0.968028,0.936338,1,0,0,0,0.999992,0.960878,0.739422
0,0,0,0,0,0,0,0,0,0.844665,0.814201,0.612136
0,0,0,1,0.974147,0.491178,0,0,0,0.892563,0.855972,0.664431
0,0,0,1,0.99812,0.369126,0,0,0,0.999994,0.955236,0.713931
0,0,0,1,0.937964,1,0,0,0,0.999998,0.962036,0.705278
0,0,0,1,0.935739,1,0,0,0,0.845942,0.782995,0.624179
0,0,0,1,0.969174,0.589004,0,0,0,0.999981,0.922622,0.670932
0,0,0,0,0,0,0,0,0,0.849722,0.793586,0.604516
0,0,0,0,0,0,0,0,0,0.913677,0.869271,0.696165
0,0,0,0,0,0,0,0,0,0.999945,0.960137,0.702836
0,0,0,1,0.928169,1,0,0,0,0.998918,0.916559,0.688049
0,0,0,1,0.933972,1,0,0,0,0.940572,0.908618,0.707405
0,0,0,0,0,0,0,0,0,0.910704,0.866923,0.672009
0,0,0,1,0.946434,0.33704,0,0,0,1,0.976038,0.725065
0,0,0,0.990667,0.929969,1,0,0,0,0.99991,0.945601,0.716219
0,0,0,1,0.967637,0.216201,0,0,0,0.998176,0.910067,0.684475
0,0,0,1,0.97751,0.531066,0,0,0,0.999999,0.961244,0.73431
0,0,0,1,0.956473,0.227136,0,0,0,0.999962,0.939359,0.704058
0,0,0,1,0.951911,0.265004,0,0,0,0.988624,0.970743,0.818737
0,0,0,0,0,0,0,0,0,0.999687,0.937326,0.701304
0,0,0,1,0.938622,0.660437,0,0,0,1,0.972099,0.722037
0,0,0,1,0.97416,0.490835,0,0,0,1,0.968974,0.757256
0,0,0,1,0.940302,1,0,0,0,0.999991,0.958226,0.713731
0,0,0,1,0.95448,0.244968,0,0,0,1,0.97649,0.725551
0,0,0,1,0.9358,0.700784,0,0,0,1,0.972362,0.734881
0,0,0,0,0,0,0,0,0,0.999096,0.950041,0.744656
0,0,0,0.963053,0.96247,0.931727,0,0,0,0.999999,0.945399,0.708616
0,0,0,1,0.997859,0.313393,0,0,0,1,0.965316,0.738103
0,0,0,1,0.932384,0.935015,0,0,0,0.999938,0.942929,0.709321
0,0,0,0.975557,0.934931,1,0,0,0,1,0.964522,0.712932
0,0,0,0,0,0,0,0,0,0.904651,0.879043,0.680985
0,0,0,1,0.935693,1,0,0,0,0.999999,0.937897,0.682785
0,0,0,0,0,0,0,0,0,0.797241,0.768733,0.576005
0,0,0,1,0.977044,0.204634,0,0,0,0.999997,0.967533,0.742795
0,0,0,1,0.946358,1,0,0,0,0.999998,0.963231,0.740362
0,0,0,1,0.951774,1,0,0,0,0.913058,0.8874,0.700485
0,0,0,0.980912,0.945185,1,0,0,0,1,0.97506,0.750553
0,0,0,0,0,0,0,0,0,0.971725,0.928409,0.745584
0,0,0,0,0,0,0,0,0,0.999755,0.948728,0.742048
0,0,0,1,0.951042,0.286417,0,0,0,0.894789,0.859664,0.677047
0,0,0,1,0.934488,1,0,0,0,1,0.945298,0.689306
0,0,0,1,0.976887,0.20393,0,0,0,1,0.973795,0.7324
0,0,0,1,0.939345,1,0,0,0,0.999855,0.953362,0.738292
0.000222062,3.76694e-05,0,1,0.950639,1,0,0,0,0.96802,0.952042,0.787931
0,0,0,1,0.981487,0.201349,0,0,0,0.999986,0.962532,0.736211
0,0,0,1,0.919253,1,0,0,0,0.999978,0.965119,0.741861
0,0,0,1,0.947633,0.365688,0,0,0,0.824885,0.797557,0.609989
0,0,0,1,0.92202,1,0,0,0,0.999253,0.950411,0.738858
0,0,0,0.991118,0.916545,1,0,0,0,0.999998,0.927888,0.675444
0,0,0,1,0.933513,0.97951,0,0,0,0.792785,0.76366,0.569194
0,0,0,1,0.937909,0.463791,0,0,0,0.999993,0.942082,0.701304
0,0,0,0,0,0,0,0,0,0.995702,0.938463,0.733738
0,0,0,1,0.95031,0.286185,0,0,0,0.999969,0.951594,0.719679
0,0,0,1,0.93484,0.534708,0,0,0,1,0.953708,0.738103
0,0,0,1,0.934671,0.788998,0,0,0,1,0.965381,0.725649
0,0,0,1,0.950842,0.309538,0,0,0,1,0.943452,0.68742
0,0,0,1,0.937277,1,0,0,0,0.971347,0.930962,0.717408
0,0,0,1,0.93464,0.788235,0,0,0,1,0.961606,0.744099
0,0,0,1,0.937816,0.463383,0,0,0,0.999943,0.970409,0.726523
0,0,0,1,0.939374,1,0,0,0,1,0.976265,0.745213
0,0,0,0,0,0,0,0,0,0.916857,0.852568,0.651909
0,0,0,0.992061,0.930417,1,0,0,0,0.998943,0.9699,0.771843
0,0,0,0.972974,0.913638,1,0,0,0,1,0.965185,0.745584
0,0,0,1,0.936758,0.498664,0,0,0,1,0.970521,0.725162
0,0,0,1,0.944908,1,0,0,0,0.999995,0.949763,0.717012
0,0,0,1,0.979143,0.216514,0,0,0,0.920074,0.892375,0.726717
0,0,0,1,0.931958,1,0,0,0,0.999977,0.955899,0.73678
0,0,0,0.993441,0.908692,1,0,0,0,1,0.9463,0.693784
0,0,0,1,0.95879,0.285473,0,0,0,0.966726,0.938124,0.791982
0,0,0,0.982866,0.92481,1,0,0,0,1,0.94428,0.687945
0,0,0,1,0.936153,0.65614,0,0,0,1,0.972152,0.717903
0,0,0,1,0.937406,0.703287,0,0,0,0.840128,0.808672,0.646125
0,0,0,1,0.931667,1,0,0,0,0.999475,0.933431,0.70304
0,0,0,1,0.938249,1,0,0,0,0.997817,0.949012,0.720368
0,0,0,1,0.928712,0.614133,0,0,0,1,0.95222,0.696062
0,0,0,1,0.948939,0.336007,0,0,0,0.999997,0.924688,0.704973
0,0,0,1,0.947448,0.365101,0,0,0,0.999989,0.946794,0.730097
0,0,0,0,0,0,0,0,0,0.813905,0.785473,0.591782
0,0,0,1,0.940602,1,0,0,0,0.980839,0.946498,0.726523
0,0,0,1,0.982376,0.245593,0,0,0,0.999731,0.961025,0.750736
0,0,0,1,0.933286,1,0,0,0,0.894237,0.854885,0.669313
0,0,0,1,0.93471,0.790378,0,0,0,1,0.975809,0.72086
0,0,0,0,0,0,0,0,0,0.999982,0.932821,0.688259
0,0,0,1,0.936392,0.499332,0,0,0,0.999445,0.962953,0.730097
0,0,0,1,0.952431,0.262976,0,0,0,0.998774,0.956145,0.760651
0.000240178,3.56429e-05,0,1,0.953339,1,0,0,0,0.914749,0.888952,0.716516
0,0,0,1,0.984664,0.294272,0,0,0,0.999989,0.947284,0.714628
0,0,0,1,0.949522,1,0,0,0,1,0.949482,0.713332
0,0,0,1,0.932382,0.93396,0,0,0,1,0.975202,0.714329
0,0,0,1,0.955859,0.230099,0,0,0,0.999825,0.954647,0.710628
0,0,0,1,0.981552,0.295661,0,0,0,0.999998,0.972099,0.704364
0,0,0,0.996086,0.922219,1,0,0,0,0.99992,0.983214,0.798344
0,0,0,1,0.96843,0.212911,0,0,0,1,0.965706,0.74055
0,0,0,1,0.924861,1,0,0,0,0.984155,0.935228,0.70253
0,0,0,1,0.9303,1,0,0,0,0.999792,0.931338,0.707
0,0,0,1,0.922962,1,0,0,0,0.999995,0.931836,0.693992
0.000295119,5.35235e-05,0,0,0,0,0,0,0,0.999743,0.920504,0.67822
0,0,0,0.969364,0.931279,1,0,0,0,0.999985,0.921358,0.669745
0,0,0,0,0,0,0,0,0,0.976669,0.942718,0.757794
0,0,0,1,0.935181,1,0,0,0,0.999969,0.923178,0.672654
0,0,0,0,0,0,0,0,0,1,0.956472,0.717507
0,0,0,1,0.954304,0.244531,0,0,0,1,0.95275,0.705684
0,0,0,1,0.953624,0.2462,0,0,0,0.917893,0.880077,0.69285
0,0,0,1,0.937917,1,0,0,0,0.996176,0.92079,0.695752
0,0,0,1,0.94541,1,0,0,0,0.999993,0.949295,0.721253
0,0,0,0,0,0,0,0,0,0.912124,0.884639,0.685739
0,0,0,0,0,0,0,0,0,0.999993,0.950595,0.729231
0,0,0,0,0,0,0,0,0,0.999968,0.941975,0.710427
0,0,0,1,0.9443,0.36538,0,0,0,0.892937,0.868493,0.684897
0,0,0,1,0.955084,1,0,0,0,1,0.977457,0.747432
0,0,0,0,0,0,0,0,0,0.882225,0.825027,0.634996
0,0,0,0.966371,0.935752,1,0,0,0,0.999997,0.974435,0.719581
0.000345647,3.49277e-05,0,1,0.934054,0.837799,0,0,0,0.710327,0.669745,0.489763
0,0,0,1,0.940873,0.577022,0,0,0,0.999998,0.957278,0.688468
0,0,0,0,0,0,0,0,0,0.965381,0.934515,0.755637
0,0,0,0,0,0,0,0,0,0.999989,0.963712,0.722821
0,0,0,1,0.93326,0.883422,0,0,0,0.999999,0.965512,0.731826
0,0,0,0,0,0,0,0,0,0.999998,0.931213,0.681303
0,0,0,1,0.939262,1,0,0,0,0.999976,0.953188,0.710327
0,0,0,1,0.984698,0.295163,0,0,0,0.999999,0.934634,0.69285
0,0,0,0,0,0,0,0,0,0.852813,0.821903,0.612078
0,0,0,1,0.977716,0.489058,0,0,0,0.999998,0.941439,0.707
0.00587807,0.000403561,0,1,0.980371,0.410312,0,0,0,1,0.969382,0.742048
0,0,0,1,0.964885,1,0,0,0,1,0.943348,0.697918
0,0,0,1,0.973583,0.196169,0,0,0,1,0.974337,0.732018
0,0,0,1,0.92418,0.787677,0,0,0,0.999964,0.923592,0.674479
0,0,0,1,0.939697,0.617476,0,0,0,0.818882,0.787931,0.624637
0,0,0,1,0.925402,0.743363,0,0,0,1,0.966347,0.72027
0,0,0,1,0.976821,0.203631,0,0,0,0.911338,0.879458,0.693369
0,0,0,1,0.935307,0.745334,0,0,0,0.963506,0.934275,0.788909
0,0,0,1,0.935278,0.744743,0,0,0,0.992154,0.897874,0.669205
0,0,0,0.994776,0.95036,0.851971,0,0,0,0.999999,0.958304,0.723993
0,0,0,1,0.98508,0.210777,0,0,0,0.99997,0.928279,0.673943
0,0,0,0.990971,0.949937,0.856642,0,0,0,0.999997,0.963643,0.740737
0,0,0,0,0,0,0,0,0,0.902266,0.875681,0.705988
0,0,0,0,0,0,0,0,0,0.99635,0.971725,0.793426
0,0,0,1,0.931282,1,0,0,0,0.993902,0.977371,0.809427
0,0,0,1,0.953473,1,0,0,0,0.999971,0.957038,0.735452
0,0,0,1,0.963848,1,0,0,0,0.999962,0.929055,0.679604
0,0,0,0,0,0,0,0,0,0.999994,0.939025,0.70028
0,0,0,1,0.947862,1,0,0,0,1,0.940463,0.686895
0,0,0,1,0.977552,0.530235,0,0,0,0.999985,0.950778,0.739422
0,0,0,1,0.990271,0.531035,0,0,0,0.999793,0.957675,0.740925
0,0,0,1,0.9353,0.745108,0,0,0,1,0.954137,0.697403
0,0,0,0.971236,0.912209,1,0,0,0,0.999837,0.952926,0.730386
0,0,0,1,0.952618,0.263444,0,0,0,0.95096,0.919498,0.767167
0,0,0,1,0.951556,1,0,0,0,0.981841,0.962321,0.807612
0,0,0,1,0.964511,1,0,0,0,0.999764,0.949389,0.696991
0,0,0,1,0.961114,0.262938,0,0,0,1,0.972779,0.73678
0,0,0,1,0.933697,0.927464,0,0,0,0.992823,0.949763,0.752195
0,0,0,1,0.985275,0.225633,0,0,0,1,0.967039,0.717606
0,0,0,1,0.947918,0.365879,0,0,0,0.998551,0.9549,0.748536
0,0,0,1,0.944209,1,0,0,0,1,0.97231,0.725551
0,0,0,1,0.939638,0.61697,0,0,0,0.999981,0.951774,0.744099
0,0,0,1,0.990161,0.533266,0,0,0,1,0.975623,0.746324
0,0,0,1,0.936843,0.499072,0,0,0,0.999994,0.963092,0.736401
0,0,0,0,0,0,0,0,0,0.872021,0.842734,0.615608
0,0,0,1,0.944153,1,0,0,0,0.998421,0.956309,0.723602
0,0,0,1,0.935033,1,0,0,0,1,0.937555,0.691602
0,0,0,0.973226,0.913723,1,0,0,0,1,0.979511,0.746693
0,0,0,1,0.980419,0.407931,0,0,0,0.998439,0.906818,0.667581
0,0,0,0.990654,0.930012,1,0,0,0,1,0.981701,0.7324
0,0,0,0.96826,0.92915,1,0,0,0,1,0.971725,0.740362
0,0,0,1,0.985113,0.210995,0,0,0,1,0.968321,0.758332
0,0,0,1,0.933571,0.977635,0,0,0,1,0.959913,0.714728
0,0,0,1,0.948606,1,0,0,0,1,0.974386,0.717804
0,0,0,1,0.935109,0.536239,0,0,0,1,0.932576,0.68658
0,0,0,1,0.977002,0.204446,0,0,0,0.915053,0.877896,0.68679
0,0,0,1,0.936137,0.498352,0,0,0,0.8874,0.86212,0.673943
0,0,0,1,0.980009,0.198001,0,0,0,0.999942,0.959307,0.712132
0,0,0,1,0.954244,0.244384,0,0,0,0.881411,0.850717,0.675765
0,0,0,1,0.953101,1,0,0,0,0.997274,0.973745,0.778481
0,0,0,0,0,0,0,0,0,1,0.979036,0.757077
0,0,0,1,0.984039,0.253279,0,0,0,1,0.947672,0.691914
0,0,0,1,0.975541,0.192931,0,0,0,1,0.969671,0.733929
0,0,0,1,0.945445,0.92591,0,0,0,0.99999,0.957755,0.707304
0,0,0,1,0.911156,1,0,0,0,0.935228,0.901748,0.712432
0,0,0,1,0.951745,1,0,0,0,1,0.981979,0.720073
0,0,0,1,0.935159,1,0,0,0,1,0.974532,0.747247
0,0,0,0,0,0,0,0,0,0.985608,0.898767,0.669853
0,0,0,1,0.934692,0.789726,0,0,0,1,0.958847,0.698741
0,0,0,1,0.944331,0.36548,0,0,0,1,0.952926,0.731251
0,0,0,1,0.931005,1,0,0,0,0.999412,0.929568,0.703448
0,0,0,0.978023,0.928138,1,0,0,0,0.998073,0.965185,0.775265
0,0,0,1,0.964412,1,0,0,0,0.999177,0.948728,0.722723
0,0,0,0.994406,0.912816,1,0,0,0,0.999961,0.928797,0.68616
0,0,0,1,0.981609,0.201988,0,0,0,0.999961,0.945901,0.707203
0,0,0,1,0.951172,1,0,0,0,1,0.980431,0.745213
0,0,0,1,0.938516,0.659318,0,0,0,1,0.976669,0.746878
0,0,0,1,0.920418,0.977342,0,0,0,0.901227,0.863046,0.675336
0,0,0,1,0.952671,0.263575,0,0,0,0.972362,0.9463,0.798344
0,0,0,0.986868,0.971168,0.639143,0,0,0,0.999998,0.949012,0.724578
0,0,0,1,0.920444,0.977308,0,0,0,0.999818,0.930584,0.685844
0,0,0,1,0.951363,1,0,0,0,0.996024,0.968441,0.811825
0,0,0,0.990913,0.916479,1,0,0,0,0.999992,0.956634,0.742048
0,0,0,1,0.937172,1,0,0,0,1,0.970964,0.728459
0,0,0,1,0.935703,0.6994,0,0,0,1,0.973037,0.72594
0,0,0,1,0.946086,0.396864,0,0,0,0.999999,0.940024,0.68437
0,0,0,0.988806,0.918005,1,0,0,0,0.909265,0.831827,0.639173
0,0,0,1,0.948997,1,0,0,0,1,0.97658,0.727395
0,0,0,1,0.93948,0.615598,0,0,0,1,0.972099,0.759582
0,0,0,1,0.946346,0.397205,0,0,0,0.936981,0.910227,0.727007
0,0,0,1,0.940604,0.575134,0,0,0,0.796451,0.755276,0.564339
0,0,0,1,0.945649,1,0,0,0,0.930332,0.907967,0.757077
0,0,0,1,0.915612,1,0,0,0,1,0.970183,0.732209
0,0,0,1,0.972272,0.201982,0,0,0,1,0.970964,0.758332
0,0,0,0.97944,0.984168,0.643474,0,0,0,0.999818,0.971672,0.742608
0,0,0,1,0.937374,0.702883,0,0,0,1,0.964855,0.743913
0,0,0,0.994191,0.912761,1,0,0,0,0.999983,0.97319,0.741112
0,0,0,1,0.934746,0.791427,0,0,0,0.999993,0.96856,0.736969
0,0,0,0.970431,0.94107,1,0,0,0,1,0.955817,0.716516
0,0,0,0.990527,0.936465,1,0,0,0,0.999458,0.91181,0.677794
0,0,0,1,0.933446,0.982362,0,0,0,1,0.9463,0.696165
0,0,0,1,0.927821,1,0,0,0,1,0.96378,0.717804
0,0,0,1,0.922998,1,0,0,0,1,0.963643,0.736401
0,0,0,1,0.980599,0.206543,0,0,0,0.999974,0.924279,0.679604
0,0,0,1,0.941707,0.536154,0,0,0,0.999996,0.978672,0.743168
0.141909,0.0348818,0,0,0,0,0,0,0,0.999984,0.936518,0.690142
0,0,0,0,0,0,0,0,0,0.999443,0.928018,0.693577
0,0,0,1,0.937931,1,0,0,0,0.999475,0.958538,0.72594
0,0,0,1,0.953412,1,0,0,0,0.967533,0.940463,0.790692
0,0,0,1,0.955558,1,0,0,0,0.999998,0.972985,0.737914
0,0,0,0,0,0,0,0,0,0.947672,0.917746,0.750004
0,0,0,1,0.924028,1,0,0,0,0.96378,0.919063,0.721253
0,0,0,1,0.98628,0.313121,0,0,0,0.998914,0.966663,0.747247
0,0,0,1,0.925444,1,0,0,0,0.99985,0.945601,0.712532
0,0,0,1,0.936177,0.498556,0,0,0,1,0.971725,0.730482
0,0,0,1,0.927708,0.65695,0,0,0,0.998475,0.942612,0.706393
0,0,0,1,0.933561,0.978274,0,0,0,0.999451,0.93835,0.707
0.871274,0.336179,0,0,0,0,0,0,0,0.933673,0.909907,0.739799
0,0,0,1,0.951425,1,0,0,0,0.999614,0.95275,0.725649
0,0,0,0.968646,0.929266,1,0,0,0,1,0.975249,0.744842
0,0,0,0,0,0,0,0,0,0.999987,0.932083,0.686685
0,0,0,1,0.981317,0.345229,0,0,0,1,0.959383,0.721939
0,0,0,1,0.975499,0.201363,0,0,0,0.999994,0.937669,0.702734
0,0,0,1,0.944647,1,0,0,0,0.999999,0.935346,0.683102
0,0,0,1,0.969903,0.543881,0,0,0,1,0.981701,0.758153
0,0,0,1,0.935642,1,0,0,0,0.999996,0.94079,0.704058
0,0,0,1,0.937223,1,0,0,0,0.999997,0.972204,0.703448
0,0,0,1,0.984665,0.231748,0,0,0,0.966914,0.940681,0.733738
0,0,0,0.977718,0.928059,1,0,0,0,1,0.972934,0.724383
0,0,0,1,0.949697,1,0,0,0,1,0.973037,0.725649
0,0,0,1,0.968492,0.213067,0,0,0,0.927626,0.875681,0.718496
0,0,0,1,0.945948,1,0,0,0,0.999979,0.955569,0.70912
0,0,0,1,0.95178,1,0,0,0,1,0.939248,0.715026
0,0,0,1,0.997851,0.313119,0,0,0,1,0.976714,0.747432
0,0,0,0,0,0,0,0,0,0.999969,0.950411,0.703855
0,0,0,1,0.953262,1,0,0,0,0.999868,0.954052,0.733929
0,0,0,1,0.964768,1,0,0,0,0.999985,0.949201,0.724383
0,0,0,1,0.932212,1,0,0,0,0.999999,0.966092,0.741674
0,0,0,1,0.948676,0.31052,0,0,0,1,0.9666,0.715921
0,0,0,0.997938,0.922808,1,0,0,0,1,0.972675,0.725843
0,0,0,0,0,0,0,0,0,0.99999,0.939913,0.7011
0,0,0,1,0.934437,1,0,0,0,0.999999,0.933673,0.681091
0,0,0,0,0,0,0,0,0,0.919498,0.896976,0.710729
0,0,0,1,0.998116,0.369973,0,0,0,0.898411,0.847084,0.637144
0,0,0,1,0.936185,0.396122,0,0,0,0.997253,0.908456,0.681833
0,0,0,1,0.949458,1,0,0,0,0.972362,0.900004,0.670393
0,0,0,1,0.939821,1,0,0,0,0.999993,0.961389,0.739046
0,0,0,1,0.944564,1,0,0,0,0.99999,0.927626,0.678647
0,0,0,0.980169,0.945048,1,0,0,0,1,0.972152,0.722331
0,0,0,1,0.97853,0.207484,0,0,0,0.999989,0.955734,0.744656
0,0,0,1,0.934422,1,0,0,0,0.99999,0.953708,0.742235
0,0,0,1,0.962946,0.202941,0,0,0,0.999995,0.9633,0.714429
0,0,0,1,0.955377,1,0,0,0,0.998617,0.973241,0.795975
0,0,0,0,0,0,0,0,0,0.885631,0.855731,0.657758
0,0,0,1,0.98155,0.20168,0,0,0,0.898767,0.867822,0.670824
0,0,0,0.96424,0.933845,1,0,0,0,0.99622,0.929696,0.687945
0,0,0,1,0.933499,0.980551,0,0,0,0.997649,0.960731,0.785309
0,0,0,1,0.969883,0.544244,0,0,0,0.999733,0.948346,0.709724
0,0,0,0,0,0,0,0,0,0.958382,0.930836,0.765243
0,0,0,1,0.91055,1,0,0,0,1,0.978955,0.755457
0,0,0,0,0,0,0,0,0,0.999985,0.953275,0.691393
0,0,0,1,0.936223,0.74807,0,0,0,0.967656,0.943971,0.773901
0,0,0,1,0.984137,0.254479,0,0,0,1,0.96378,0.718792
0,0,0,0,0,0,0,0,0,0.986726,0.942188,0.746509
0,0,0,1,0.944753,0.430304,0,0,0,1,0.976669,0.745028
0,0,0,1,0.95992,0.284544,0,0,0,0.999995,0.927363,0.704973
0,0,0,1,0.948088,0.464355,0,0,0,0.911967,0.8874,0.717309
0,0,0,1,0.94059,0.575035,0,0,0,1,0.959383,0.722135
0,0,0,1,0.927289,1,0,0,0,0.978467,0.956715,0.797872
0,0,0,1,0.978708,0.194905,0,0,0,1,0.977883,0.731059
0,0,0,0,0,0,0,0,0,0.969843,0.910067,0.697094
0,0,0,1,0.933909,1,0,0,0,1,0.969843,0.719088
0,0,0,0,0,0,0,0,0,1,0.972099,0.740362
0,0,0,1,0.933264,0.882302,0,0,0,0.999999,0.949012,0.730963
0,0,0,0,0,0,0,0,0,0.839471,0.812272,0.623033
0,0,0,1,0.933715,1,0,0,0,1,0.975202,0.724968
0,0,0,0,0,0,0,0,0,0.822759,0.784154,0.585871
0,0,0,1,0.961271,0.263321,0,0,0,1,0.972571,0.733547
0,0,0,1,0.957293,1,0,0,0,0.999995,0.953362,0.722135
0,0,0,1,0.973452,0.195776,0,0,0,1,0.951414,0.702122
0,0,0,0.991663,0.919541,1,0,0,0,1,0.948537,0.696268
0,0,0,1,0.958314,1,0,0,0,0.999977,0.950503,0.697815
0,0,0,1,0.945203,1,0,0,0,0.975809,0.952574,0.799129
0,0,0,1,0.959575,1,0,0,0,1,0.96525,0.728555
0.182169,0.0471274,0,0,0,0,0,0,0,0.949201,0.911022,0.70202
0,0,0,1,0.934746,0.791197,0,0,0,0.999821,0.913058,0.676834
0,0,0,1,0.937561,1,0,0,0,0.999992,0.953622,0.724675
0,0,0,0,0,0,0,0,0,1,0.934155,0.678859
0,0,0,0.988102,0.912882,1,0,0,0,1,0.973695,0.748904
7.00926e-05,0,0,1,0.916469,1,0,0,0,0.999998,0.929951,0.676834
0,0,0,0,0,0,0,0,0,0.965053,0.906488,0.684791
0,0,0,1,0.91953,1,0,0,0,0.988536,0.962108,0.810629
0,0,0,1,0.934702,0.789956,0,0,0,0.960805,0.935346,0.761184
0,0,0,1,0.982205,0.21199,0,0,0,0.999998,0.961244,0.74872
0,0,0,0,0,0,0,0,0,0.911338,0.881819,0.701304
0,0,0,0.964285,0.993776,0.530315,0,0,0,0.945801,0.91181,0.729905
0,0,0,1,0.94969,1,0,0,0,0.997449,0.912903,0.671794
0,0,0,0.989325,0.918174,1,0,0,0,0.999934,0.953622,0.708918
0,0,0,1,0.950817,0.285837,0,0,0,1,0.975296,0.714528
0,0,0,1,0.978424,0.185072,0,0,0,1,0.962391,0.717903
0,0,0,1,0.975583,0.20169,0,0,0,1,0.971725,0.7324
0,0,0,1,0.948908,1,0,0,0,1,0.959154,0.73659
0,0,0,1,0.941817,1,0,0,0,0.999998,0.958847,0.712132
0.000285704,4.9709e-05,0,0,0,0,0,0,0,0.999915,0.946892,0.716715
0,0,0,1,0.935098,0.536182,0,0,0,0.999649,0.953188,0.721645
0,0,0,1,0.949427,0.336435,0,0,0,0.999722,0.939471,0.706798
0,0,0,1,0.939898,1,0,0,0,1,0.955319,0.743913
0,0,0,1,0.937875,1,0,0,0,0.999154,0.969843,0.778144
6.69934e-05,6.91411e-06,0,1,0.95137,1,0,0,0,0.894237,0.849097,0.636353
0,0,0,1,0.935272,1,0,0,0,0.999998,0.938124,0.681515
0,0,0,1,0.948735,1,0,0,0,1,0.955981,0.708717
0,0,0,1,0.933666,0.93017,0,0,0,0.969324,0.934155,0.782995
0,0,0,1,0.933997,0.834733,0,0,0,0.972727,0.943243,0.758332
0,0,0,1,0.951563,1,0,0,0,0.957437,0.931463,0.770637
0,0,0,1,0.941676,1,0,0,0,1,0.973342,0.722527
0,0,0,0.982832,0.971433,0.840858,0,0,0,0.999351,0.917451,0.671901
0,0,0,0.992916,0.930689,1,0,0,0,0.995426,0.913522,0.704262
0,0,0,0.98804,0.913136,1,0,0,0,1,0.968856,0.743168
0,0,0,1,0.978415,0.18504,0,0,0,1,0.971992,0.736401
0,0,0,1,0.925511,1,0,0,0,1,0.971992,0.732974
0,0,0,1,0.94848,0.309981,0,0,0,0.823186,0.789396,0.570032
0,0,0,1,0.982319,0.244995,0,0,0,0.999999,0.980839,0.745954
0,0,0,1,0.941789,1,0,0,0,0.999999,0.946001,0.707203
0,0,0,0.9841,0.971564,0.83935,0,0,0,1,0.958148,0.737725
0,0,0,0,0,0,0,0,0,0.889144,0.858363,0.636692
0,0,0,0.992631,0.919761,1,0,0,0,1,0.954137,0.734881
0,0,0,1,0.98465,0.293895,0,0,0,0.99999,0.934275,0.677794
0,0,0,1,0.958165,0.772201,0,0,0,1,0.932083,0.68215
0,0,0,1,0.941843,0.536961,0,0,0,1,0.960731,0.73678
0,0,0,1,0.980264,0.19918,0,0,0,0.98631,0.968856,0.816991
0,0,0,1,0.94628,0.39698,0,0,0,0.999749,0.911495,0.673299
0,0,0,1,0.933452,0.981815,0,0,0,0.959154,0.936518,0.762954
0,0,0,1,0.94812,0.310638,0,0,0,0.999551,0.944587,0.727201
0,0,0,1,0.933365,0.57518,0,0,0,1,0.976084,0.757256
0,0,0,1,0.957538,1,0,0,0,0.999416,0.917303,0.688783
0,0,0,1,0.936205,0.65672,0,0,0,0.963022,0.934395,0.769254
0,0,0,1,0.984663,0.294223,0,0,0,1,0.978794,0.722821
0,0,0,1,0.945396,1,0,0,0,1,0.969091,0.734691
0,0,0,0.988507,0.913285,1,0,0,0,1,0.974629,0.728362
0,0,0,1,0.950843,0.309541,0,0,0,0.986416,0.962953,0.816553
0,0,0,1,0.956544,0.227311,0,0,0,1,0.947478,0.71113
0,0,0,1,0.95558,1,0,0,0,0.999998,0.935935,0.677154
0,0,0,0,0,0,0,0,0,1,0.933673,0.678647
0,0,0,1,0.937272,1,0,0,0,0.698329,0.661923,0.504398
0,0,0,1,0.972272,0.201984,0,0,0,0.998035,0.965835,0.776792
0,0,0,0.994217,0.921617,1,0,0,0,0.99998,0.958693,0.730001
0,0,0,1,0.98236,0.212953,0,0,0,0.999997,0.95222,0.746693
0,0,0,1,0.952209,0.263889,0,0,0,1,0.98315,0.724286
0,0,0,1,0.944291,1,0,0,0,0.999992,0.955486,0.743541
0,0,0,0.979242,0.957727,1,0,0,0,0.754192,0.723798,0.523055
0,0,0,1,0.933615,0.976662,0,0,0,0.999998,0.934753,0.681197
0,0,0,1,0.949797,1,0,0,0,0.999993,0.967839,0.753104
0,0,0,1,0.935228,0.74377,0,0,0,0.978549,0.96051,0.805479
0,0,0,0.99334,0.912539,1,0,0,0,1,0.951953,0.705886
0,0,0,1,0.984195,0.255199,0,0,0,0.992906,0.9633,0.764892
0,0,0,1,0.943572,1,0,0,0,1,0.975437,0.719186
0,0,0,1,0.933692,1,0,0,0,1,0.979511,0.730578
0,0,0,1,0.9586,0.216502,0,0,0,0.911022,0.844281,0.683208
0,0,0,1,0.969276,0.587338,0,0,0,0.99999,0.962953,0.718199
0,0,0,1,0.938296,1,0,0,0,0.999938,0.925365,0.690142
0,0,0,1,0.979987,0.197903,0,0,0,0.999999,0.963506,0.737914
0,0,0,1,0.949464,0.336542,0,0,0,1,0.97567,0.724091
0,0,0,0,0,0,0,0,0,0.949576,0.90878,0.689933
0,0,0,0.987678,0.912753,1,0,0,0,0.939692,0.897695,0.706494
5.96046e-07,0,0,0,0,0,0,0,0,0.973088,0.92617,0.720368
0,0,0,0.965366,0.935424,1,0,0,0,0.916559,0.888759,0.688154
0,0,0,0.977309,0.908644,1,0,0,0,0.996176,0.969671,0.813757
0,0,0,1,0.949758,1,0,0,0,1,0.958148,0.732592
0,0,0,1,0.933474,0.575904,0,0,0,1,0.968679,0.733547
0,0,0,0.996094,0.922222,1,0,0,0,0.870927,0.844281,0.644337
0,0,0,1,0.978456,0.207099,0,0,0,1,0.977023,0.742422
0,0,0,1,0.997847,0.312973,0,0,0,0.999485,0.922203,0.695028
0,0,0,0,0,0,0,0,0,0.883839,0.855127,0.645008
0,0,0,1,0.940604,1,0,0,0,1,0.970576,0.739986
0,0,0,1,0.958533,0.216323,0,0,0,0.525688,0.503508,0.396419
0,0,0,1,0.94893,1,0,0,0,0.999971,0.930205,0.676727
0,0,0,1,0.932373,1,0,0,0,0.862699,0.82755,0.620794
0,0,0,1,0.937774,1,0,0,0,0.999998,0.975946,0.730578
0,0,0,1,0.933832,1,0,0,0,1,0.965381,0.731442
0,0,0,1,0.948098,0.464398,0,0,0,0.99998,0.943764,0.711331
0,0,0,1,0.975499,0.192792,0,0,0,1,0.966474,0.726329
0,0,0,0,0,0,0,0,0,0.877372,0.809577,0.603289
0,0,0,1,0.934622,0.787558,0,0,0,0.999991,0.926437,0.673836
0,0,0,1,0.967747,0.639653,0,0,0,0.999934,0.951142,0.70304
0,0,0,1,0.940848,0.576852,0,0,0,0.993587,0.898053,0.670393
0,0,0,1,0.919137,1,0,0,0,0.999991,0.953708,0.745028
0,0,0,1,0.947463,1,0,0,0,0.999454,0.931338,0.699665
0,0,0,1,0.945675,0.396038,0,0,0,1,0.97658,0.749271
0,0,0,1,0.940753,0.576187,0,0,0,1,0.974869,0.715126
0.000927376,1.97885e-05,0,0,0,0,0,0,0,0.828662,0.793106,0.629091
0,0,0,1,0.936028,1,0,0,0,1,0.959231,0.719088
0,0,0,1,0.936402,1,0,0,0,0.999992,0.948251,0.742608
0,0,0,1,0.955717,1,0,0,0,0.999983,0.951953,0.695648
0,0,0,1,0.985304,0.225879,0,0,0,0.999898,0.950041,0.706393
0,0,0,1,0.950136,1,0,0,0,0.999341,0.95275,0.732974
0,0,0,0.994279,0.908948,1,0,0,0,0.999999,0.967472,0.720565
0,0,0,1,0.971186,0.204887,0,0,0,1,0.977586,0.750736
0,0,0,1,0.976953,0.204226,0,0,0,1,0.949295,0.697712
0,0,0,1,0.933669,0.929071,0,0,0,0.999966,0.963575,0.712332
0,0,0,0.967584,0.93623,1,0,0,0,1,0.982151,0.756178
0,0,0,1,0.946672,0.336583,0,0,0,1,0.969208,0.718298
0,0,0,0.995104,0.912996,1,0,0,0,1,0.973393,0.725454
0.000129215,0,0,0,0,0,0,0,0,0.989389,0.950319,0.739986
0,0,0,1,0.92201,1,0,0,0,0.999994,0.972099,0.740362
0,0,0,1,0.909112,1,0,0,0,0.984516,0.965119,0.783988
0,0,0,1,0.951456,1,0,0,0,1,0.945298,0.708213
0,0,0,1,0.946598,1,0,0,0,0.882428,0.855851,0.657648
0,0,0,1,0.990168,0.533113,0,0,0,0.930836,0.886813,0.699562
0,0,0,0.981631,0.924403,1,0,0,0,1,0.972467,0.745398
0,0,0,1,0.909329,1,0,0,0,0.998383,0.966474,0.757256
0,0,0,1,0.990153,0.533436,0,0,0,0.988313,0.961461,0.808823
0,0,0,1,0.94998,1,0,0,0,0.999996,0.963575,0.7413
0,0,0,1,0.998117,0.369712,0,0,0,1,0.955236,0.748904
0,0,0,0,0,0,0,0,0,0.984032,0.914138,0.696887
0,0,0,0,0,0,0,0,0,0.879043,0.843251,0.637934
0,0,0,1,0.940688,0.57573,0,0,0,0.970688,0.886617,0.68215
0,0,0,0.992856,0.912413,1,0,0,0,0.935935,0.869049,0.670069
0.020155,0.00250669,0,1,0.948259,0.311033,0,0,0,0.73431,0.698227,0.521121
0,0,0,1,0.935215,0.743537,0,0,0,0.956634,0.933552,0.760473
0,0,0,0.968837,0.929323,1,0,0,0,1,0.982955,0.755276
0,0,0,0,0,0,0,0,0,0.979551,0.951323,0.776453
0,0,0,1,0.939591,1,0,0,0,0.999804,0.969785,0.775095
0,0,0,1,0.973948,0.453297,0,0,0,1,0.957437,0.696784
0,0,0,1,0.969236,0.209987,0,0,0,0.999992,0.9549,0.703651
0,0,0,1,0.947837,0.365626,0,0,0,0.871475,0.824744,0.619183
0,0,0,0.963747,0.993754,0.530714,0,0,0,0.999999,0.948537,0.700178
0,0,0,1,0.931697,1,0,0,0,1,0.975484,0.719876
0,0,0,1,0.950079,1,0,0,0,1,0.975296,0.716516
0,0,0,1,0.935348,0.746015,0,0,0,0.999993,0.940134,0.699665
0,0,0,1,0.959474,1,0,0,0,0.999955,0.952486,0.703957
0,0,0,1,0.944506,0.429777,0,0,0,1,0.963916,0.742422
0,0,0,0,0,0,0,0,0,0.999997,0.925634,0.674372
0,0,0,1,0.95424,0.244374,0,0,0,1,0.942295,0.685844
0,0,0,1,0.950147,1,0,0,0,0.999999,0.948537,0.713931
0,0,0,1,0.941494,1,0,0,0,1,0.973139,0.745584
0,0,0,1,0.938292,1,0,0,0,0.998183,0.949106,0.744842
0,0,0,1,0.909245,1,0,0,0,1,0.981945,0.763484
0,0,0,0.989554,0.918247,1,0,0,0,1,0.959001,0.733165
0,0,0,1,0.950321,0.286215,0,0,0,0.999993,0.956715,0.72662
1.19209e-07,0,0,1,0.977513,0.531001,0,0,0,0.928926,0.899652,0.690455
0,0,0,1,0.96083,0.263887,0,0,0,1,0.970183,0.730482
0,0,0,1,0.927655,0.65642,0,0,0,0.862352,0.831006,0.610918
0,0,0,1,0.980369,0.410387,0,0,0,1,0.968797,0.724188
0,0,0,1,0.945192,1,0,0,0,0.997042,0.950778,0.726232
0,0,0,0.970559,0.941112,1,0,0,0,0.999997,0.953449,0.743168
0,0,0,1,0.956657,1,0,0,0,0.999813,0.962953,0.713132
0,0,0,1,0.978631,0.194599,0,0,0,1,0.948442,0.695028
0,0,0,1,0.947258,1,0,0,0,0.999481,0.959231,0.722331
0,0,0,1,0.931035,1,0,0,0,1,0.94366,0.687105
0,0,0,1,0.946172,0.397163,0,0,0,1,0.975249,0.719876
0,0,0,1,0.981326,0.346146,0,0,0,0.8321,0.76366,0.614047
0,0,0,1,0.934345,1,0,0,0,1,0.962603,0.735071
0,0,0,1,0.947463,1,0,0,0,1,0.966092,0.73431
0,0,0,0,0,0,0,0,0,0.887595,0.849222,0.662032
0,0,0,1,0.934014,0.835898,0,0,0,1,0.978385,0.745213
0,0,0,0,0,0,0,0,0,0.999998,0.940463,0.696887
0,0,0,1,0.950202,0.285897,0,0,0,0.998218,0.930962,0.694199
0,0,0,1,0.942712,0.464678,0,0,0,1,0.943243,0.68637
0,0,0,1,0.944465,0.429617,0,0,0,1,0.973241,0.729134
0,0,0,1,0.940172,1,0,0,0,0.897874,0.856332,0.627267
0,0,0,0.965568,0.93549,1,0,0,0,0.999999,0.968381,0.741674
0,0,0,1,0.950774,0.285726,0,0,0,0.999995,0.927757,0.678433
0,0,0,0,0,0,0,0,0,0.999994,0.959988,0.716913
0,0,0,1,0.935178,0.742784,0,0,0,1,0.941115,0.685844
0,0,0,0.9948,0.912918,1,0,0,0,1,0.971672,0.732974
0,0,0,1,0.93464,0.788023,0,0,0,0.864882,0.835215,0.639849
0,0,0,1,0.933997,1,0,0,0,0.999848,0.9879,0.831554
0,0,0,0,0,0,0,0,0,0.835886,0.80456,0.591251
0,0,0,1,0.964506,1,0,0,0,1,0.974725,0.741674
0,0,0,1,0.945849,1,0,0,0,1,0.953013,0.691602
0,0,0,1,0.981528,0.29513,0,0,0,0.990102,0.91626,0.698638
0,0,0,1,0.919413,1,0,0,0,0.999969,0.987568,0.82347
0,0,0,1,0.931513,1,0,0,0,0.933309,0.885037,0.688678
0,0,0,1,0.964831,1,0,0,0,0.999855,0.955068,0.732783
0,0,0,0,0,0,0,0,0,1,0.959611,0.74055
0,0,0,1,0.934596,0.42879,0,0,0,0.999977,0.950041,0.740737
0,0,0,1,0.948979,1,0,0,0,0.995532,0.958615,0.748352
0,0,0,0,0,0,0,0,0,0.809878,0.782496,0.594139
0,0,0,0.992295,0.908464,1,0,0,0,1,0.945801,0.689828
0,0,0,1,0.935202,0.743206,0,0,0,0.950595,0.90878,0.696784
0,0,0,1,0.931736,1,0,0,0,1,0.979551,0.758689
0,0,0,1,0.997829,0.312375,0,0,0,0.999994,0.933915,0.707708
0,0,0,1,0.93361,0.976977,0,0,0,1,0.97007,0.724578
0,0,0,1,0.937923,1,0,0,0,1,0.942401,0.693473
0,0,0,0.992043,0.950057,0.855313,0,0,0,0.999475,0.937783,0.690976
0,0,0,1,0.960811,0.26384,0,0,0,0.999977,0.950134,0.741487
0,0,0,1,0.990255,0.531362,0,0,0,1,0.959383,0.737347
0,0,0,1,0.939724,0.617693,0,0,0,0.999973,0.9271,0.685213
0,0,0,1,0.98467,0.294431,0,0,0,1,0.96741,0.73659
0,0,0,0.992996,0.91245,1,0,0,0,1,0.978631,0.729134
0,0,0,1,0.936112,1,0,0,0,1,0.976979,0.723895
0,0,0,1,0.980389,0.409417,0,0,0,1,0.972727,0.731634
0,0,0,1,0.93791,0.463792,0,0,0,0.99802,0.944893,0.713032
0,0,0,0.992734,0.912381,1,0,0,0,0.999813,0.993015,0.863046
0,0,0,1,0.944147,1,0,0,0,0.999869,0.961893,0.724773
0,0,0,1,0.972248,0.201904,0,0,0,1,0.981841,0.710628
0,0,0,1,0.965681,1,0,0,0,1,0.947672,0.73848
0,0,0,1,0.981511,0.294773,0,0,0,1,0.954478,0.733738
0,0,0,1,0.979327,0.381994,0,0,0,0.999713,0.953362,0.71403
0,0,0,0.983887,0.971543,0.839601,0,0,0,0.999868,0.915658,0.678859
0,0,0,1,0.94763,0.36568,0,0,0,0.99764,0.950503,0.727782
0,0,0,1,0.934279,1,0,0,0,0.999999,0.956063,0.690142
0,0,0,1,0.939684,0.617371,0,0,0,0.999988,0.961678,0.725357
0.387927,0.140816,0,0,0,0,0,0,0,0.78695,0.751648,0.57338
0,0,0,0,0,0,0,0,0,0.846704,0.814348,0.61341
0,0,0,1,0.985317,0.225983,0,0,0,0.99999,0.957596,0.7413
0,0,0,0,0,0,0,0,0,0.863507,0.824462,0.608361
0,0,0,1,0.9363,0.49887,0,0,0,0.993537,0.900004,0.669529
0,0,0,0,0,0,0,0,0,0.865565,0.83762,0.636127
0,0,0,0,0,0,0,0,0,0.920361,0.890103,0.690246
0,0,0,1,0.948805,0.310877,0,0,0,0.806853,0.779154,0.587056
0,0,0,1,0.948716,1,0,0,0,0.999718,0.95222,0.704465
0,0,0,1,0.946547,1,0,0,0,0.999989,0.955236,0.737347
0,0,0,0.983101,0.984393,0.640198,0,0,0,0.999992,0.962391,0.735831
0,0,0,1,0.933977,1,0,0,0,0.999971,0.957675,0.744656
0,0,0,1,0.945234,1,0,0,0,0.999999,0.958847,0.738669
0,0,0,1,0.957239,1,0,0,0,1,0.950227,0.702428
0,0,0,1,0.934001,1,0,0,0,0.999986,0.960952,0.713332
0,0,0,1,0.923907,1,0,0,0,1,0.976802,0.722821
0,0,0,1,0.944676,0.430429,0,0,0,0.999977,0.943138,0.715126
0,0,0,1,0.937452,1,0,0,0,0.935228,0.900179,0.748352
0,0,0,1,0.941118,1,0,0,0,1,0.965446,0.742422
6.36557e-05,3.57628e-07,0,0.991839,0.919581,1,0,0,0,0.999851,0.914749,0.67662
0,0,0,1,0.950378,0.286364,0,0,0,1,0.9799,0.745398
0,0,0,1,0.954353,0.244652,0,0,0,1,0.941761,0.688049
0,0,0,0,0,0,0,0,0,0.999994,0.959078,0.742795
0,0,0,1,0.973479,0.190773,0,0,0,1,0.951774,0.699357
0,0,0,1,0.919602,1,0,0,0,1,0.947575,0.69451
0,0,0,1,0.941836,0.536919,0,0,0,0.948537,0.929184,0.75401
0,0,0,0,0,0,0,0,0,0.963506,0.931213,0.743913
0,0,0,1,0.94411,1,0,0,0,0.999992,0.924688,0.69285
0,0,0,1,0.941285,1,0,0,0,1,0.968081,0.706697
0,0,0,1,0.984655,0.294008,0,0,0,0.950869,0.928149,0.741112
0,0,0,1,0.946064,0.39679,0,0,0,0.99476,0.977328,0.827689
0,0,0,1,0.939525,0.615995,0,0,0,0.999783,0.909586,0.672654
0,0,0,1,0.948203,0.310876,0,0,0,0.999999,0.954308,0.699973
0,0,0,0.989196,0.997103,0.440309,0,0,0,0.999997,0.959154,0.733165
0,0,0,1,0.946144,0.397069,0,0,0,1,0.967287,0.749821
0,0,0,0.994137,0.912747,1,0,0,0,0.999999,0.966092,0.713931
0,0,0,1,0.961257,0.263289,0,0,0,0.999835,0.952662,0.706697
0,0,0,0,0,0,0,0,0,0.99964,0.938801,0.70069
0,0,0,1,0.933444,1,0,0,0,0.999998,0.93233,0.677474
0,0,0,1,0.976927,0.195052,0,0,0,0.999816,0.939692,0.692746
0,0,0,1,0.925491,1,0,0,0,1,0.962883,0.724286
0,0,0,0,0,0,0,0,0,0.999978,0.94428,0.713132
0,0,0,1,0.95686,1,0,0,0,0.999984,0.959687,0.738858
0,0,0,1,0.934456,1,0,0,0,0.99998,0.956877,0.734691
0,0,0,1,0.936198,0.656644,0,0,0,0.999922,0.925903,0.673621
0,0,0,0.967021,0.936091,1,0,0,0,0.999936,0.952131,0.706089
0,0,0,1,0.936278,0.396444,0,0,0,1,0.975716,0.721743
0,0,0,1,0.936604,0.497921,0,0,0,0.999997,0.959154,0.714628
0,0,0,0,0,0,0,0,0,0.854399,0.819316,0.618723
0,0,0,0.993061,0.912467,1,0,0,0,1,0.974629,0.725357
0,0,0,1,0.941642,1,0,0,0,1,0.977241,0.733929
0,0,0,1,0.927083,1,0,0,0,0.999839,0.959154,0.724675
0,0,0,1,0.982596,0.226342,0,0,0,1,0.977883,0.71889
0,0,0,0.980578,0.93528,1,0,0,0,1,0.950411,0.703651
0,0,0,1,0.937723,1,0,0,0,0.999979,0.920504,0.668015
0,0,0,1,0.946537,1,0,0,0,1,0.959988,0.72952
0,0,0,1,0.947237,1,0,0,0,0.999999,0.9357,0.678966
0,0,0,1,0.95132,1,0,0,0,1,0.92944,0.681409
0,0,0,1,0.938764,0.428382,0,0,0,0.989948,0.920218,0.694406
0,0,0,1,0.981329,0.440442,0,0,0,1,0.971939,0.751648
0,0,0,1,0.976933,0.410953,0,0,0,1,0.975296,0.741674
0,0,0,1,0.953368,1,0,0,0,1,0.959231,0.718693
0,0,0,0,0,0,0,0,0,1,0.943556,0.712032
0,0,0,1,0.937998,1,0,0,0,0.993461,0.892375,0.672977
0,0,0,0.994143,0.908998,1,0,0,0,0.999992,0.963848,0.741112
0,0,0,1,0.938375,0.65782,0,0,0,0.999991,0.959837,0.723798
0,0,0,0.979416,0.957753,1,0,0,0,1,0.967533,0.714429
0,0,0,1,0.935653,0.698671,0,0,0,1,0.964389,0.721939
0,0,0,1,0.98074,0.207305,0,0,0,1,0.953966,0.722037
0,0,0,1,0.946708,1,0,0,0,0.851089,0.816406,0.62223
0,0,0,1,0.947379,0.364878,0,0,0,0.934395,0.901401,0.719088
0,0,0,1,0.943434,1,0,0,0,0.999949,0.983214,0.798187
0,0,0,0,0,0,0,0,0,0.999979,0.944485,0.710025
0,0,0,1,0.933272,0.883022,0,0,0,0.999999,0.937555,0.703448
0,0,0,0.990698,0.930021,1,0,0,0,1,0.977414,0.755997
0,0,0,1,0.977511,0.531042,0,0,0,0.999995,0.928149,0.695338
0,0,0,1,0.950542,1,0,0,0,1,0.967472,0.722429
0,0,0,1,0.948208,0.310888,0,0,0,0.999999,0.950041,0.7011
0,0,0,0.967189,0.930676,1,0,0,0,0.967163,0.940572,0.79053
0,0,0,1,0.980712,0.207153,0,0,0,0.99999,0.931587,0.682679
0,0,0,1,0.932567,1,0,0,0,0.999985,0.971725,0.721253
0,0,0,1,0.956886,1,0,0,0,1,0.95846,0.708213
0,0,0,1,0.975519,0.201443,0,0,0,1,0.942718,0.68595
0,0,0,1,0.936334,0.499042,0,0,0,0.999978,0.932821,0.689201
0,0,0,1,0.963749,1,0,0,0,0.995914,0.973844,0.815673
0,0,0,1,0.944612,0.430185,0,0,0,1,0.977241,0.727201
0,0,0,0.99203,0.930406,1,0,0,0,0.999999,0.966851,0.738669
0,0,0,0,0,0,0,0,0,0.872782,0.846197,0.645679
0,0,0,1,0.92771,1,0,0,0,0.999434,0.958924,0.724578
0,0,0,1,0.983992,0.201799,0,0,0,0.999913,0.939137,0.721056
0,0,0,0.981212,0.972702,0.587393,0,0,0,1,0.975716,0.746139
0,0,0,1,0.910793,1,0,0,0,1,0.953362,0.695958
0,0,0,1,0.948583,1,0,0,0,0.999987,0.951414,0.713731
0,0,0,1,0.945954,1,0,0,0,1,0.974677,0.727104
0,0,0,1,0.935298,0.745193,0,0,0,0.999989,0.97007,0.739234
0,0,0,1,0.94441,0.429407,0,0,0,0.999296,0.968321,0.769773
6.90198e-05,3.09944e-06,0,0.982208,0.924594,1,0,0,0,0.950319,0.925095,0.728845
0,0,0,1,0.951637,1,0,0,0,1,0.962673,0.734501
0,0,0,1,0.981529,0.201569,0,0,0,0.999951,0.962108,0.742795
0,0,0,1,0.937757,1,0,0,0,0.999992,0.962462,0.740737
0,0,0,1,0.946634,1,0,0,0,1,0.960212,0.747432
0,0,0,1,0.933679,1,0,0,0,0.999304,0.971779,0.76769
0,0,0,1,0.93983,1,0,0,0,1,0.979938,0.735071
0,0,0,0,0,0,0,0,0,0.836287,0.808067,0.620622
0,0,0,1,0.93341,0.575479,0,0,0,0.999947,0.950778,0.713032
0,0,0,1,0.909677,1,0,0,0,0.999346,0.967472,0.766468
0,0,0,0,0,0,0,0,0,0.999986,0.922761,0.671255
0,0,0,1,0.946313,1,0,0,0,0.999783,0.913677,0.674265
0,0,0,1,0.970832,0.200092,0,0,0,0.999997,0.934155,0.683525
0,0,0,1,0.931538,1,0,0,0,0.998004,0.900879,0.670177
0,0,0,1,0.980066,0.198269,0,0,0,0.99607,0.979354,0.819749
0,0,0,0,0,0,0,0,0,0.816699,0.787768,0.596022
0,0,0,1,0.937334,0.702318,0,0,0,0.999992,0.946399,0.741487
0,0,0,1,0.941876,0.537151,0,0,0,0.999193,0.93233,0.68342
0,0,0,1,0.942432,1,0,0,0,0.999998,0.940134,0.68437
0,0,0,1,0.945103,0.929594,0,0,0,0.99098,0.98249,0.861538
0,0,0,1,0.938523,0.659391,0,0,0,0.999895,0.959535,0.715026
0,0,0,1,0.942428,1,0,0,0,0.982423,0.924552,0.710226
0,0,0,1,0.927671,0.656575,0,0,0,0.999999,0.973544,0.731634
0,0,0,1,0.949249,0.429222,0,0,0,1,0.977284,0.752377
7.39095e-06,0,0,0,0,0,0,0,0,0.999976,0.919208,0.675122
0,0,0,0.995498,0.909384,1,0,0,0,1,0.955319,0.721056
0,0,0,1,0.949768,1,0,0,0,1,0.964789,0.736211
0,0,0,0,0,0,0,0,0,1,0.964987,0.740925
0,0,0,1,0.938564,0.659838,0,0,0,0.99939,0.949389,0.7181
0,0,0,1,0.922762,0.83229,0,0,0,0.998396,0.92657,0.702836
0,0,0,1,0.980198,0.279675,0,0,0,0.890485,0.855006,0.638723
0,0,0,1,0.940747,0.57615,0,0,0,0.999991,0.931836,0.684475
0,0,0,0.98668,0.997055,0.441823,0,0,0,0.999993,0.958693,0.741487
0,0,0,1,0.964414,1,0,0,0,0.99918,0.936285,0.699152
0,0,0,1,0.936139,1,0,0,0,1,0.95846,0.728652
0,0,0,1,0.93682,0.498965,0,0,0,0.999821,0.945298,0.7413
0,0,0,0,0,0,0,0,0,0.835349,0.803019,0.632049
0,0,0,0.989088,0.918096,1,0,0,0,1,0.946695,0.690246
0,0,0,1,0.981657,0.202241,0,0,0,1,0.978302,0.710126
0,0,0,0.977639,0.961715,0.769298,0,0,0,0.955899,0.936981,0.766294
0,0,0,1,0.937596,1,0,0,0,0.926835,0.899121,0.729616
0,0,0,1,0.943706,1,0,0,0,0.999242,0.95222,0.746878
0,0,0,1,0.945869,1,0,0,0,0.999999,0.947672,0.705684
0,0,0,1,0.977743,0.48847,0,0,0,0.997731,0.97622,0.80038
0,0,0,1,0.909473,1,0,0,0,0.959307,0.932207,0.766119
0,0,0,0,0,0,0,0,0,0.999925,0.919643,0.670716
0,0,0,1,0.977531,0.530649,0,0,0,0.999998,0.964855,0.734881
0,0,0,1,0.945292,1,0,0,0,0.999984,0.952131,0.744099
0,0,0,1,0.911285,1,0,0,0,0.91611,0.889144,0.70791
0,0,0,0,0,0,0,0,0,0.81772,0.76454,0.543711
0,0,0,1,0.946823,0.499229,0,0,0,0.999972,0.950869,0.717012
0,0,0,1,0.951372,1,0,0,0,0.91804,0.888372,0.732783
0,0,0,0.964796,0.962699,0.929327,0,0,0,1,0.969613,0.72331
0,0,0,1,0.945731,1,0,0,0,1,0.960361,0.726426
0,0,0,1,0.953088,1,0,0,0,0.910067,0.850469,0.645232
0,0,0,1,0.946698,0.336658,0,0,0,0.999964,0.96225,0.73678
0,0,0,1,0.939519,1,0,0,0,0.999996,0.946498,0.714429
0,0,0,0.988364,0.91296,1,0,0,0,0.776962,0.749454,0.561485
0,0,0,1,0.932485,1,0,0,0,0.963231,0.935346,0.785802
0,0,0,1,0.937645,1,0,0,0,1,0.963231,0.739799
0,0,0,1,0.955586,1,0,0,0,1,0.969728,0.732592
0,0,0,0,0,0,0,0,0,1,0.96225,0.731634
0,0,0,1,0.943873,1,0,0,0,0.992823,0.951051,0.779825
0,0,0,0.994232,0.908933,1,0,0,0,1,0.957358,0.716913
0,0,0,1,0.950267,1,0,0,0,0.9953,0.921216,0.690037
0,0,0,1,0.949221,0.287585,0,0,0,0.999974,0.96622,0.719876
0,0,0,1,0.958721,0.21683,0,0,0,0.999995,0.957755,0.712632
0,0,0,1,0.919524,1,0,0,0,0.94079,0.910227,0.728459
0,0,0,1,0.948967,0.33609,0,0,0,0.999954,0.943764,0.733165
0,0,0,1,0.937445,0.703827,0,0,0,0.999683,0.909103,0.673084
0,0,0,1,0.938309,1,0,0,0,0.999989,0.971129,0.716516
0,0,0,0.98155,0.97272,0.587116,0,0,0,1,0.947186,0.708414
0,0,0,1,0.955137,1,0,0,0,0.999999,0.951051,0.730001
0,0,0,1,0.977713,0.489137,0,0,0,0.991969,0.899475,0.674908
0,0,0,1,0.954214,0.244308,0,0,0,1,0.956472,0.7324
0,0,0,1,0.985276,0.225638,0,0,0,0.957675,0.920647,0.73077
0,0,0,1,0.984679,0.294663,0,0,0,0.99965,0.9455,0.711431
0,0,0,0.988266,0.997085,0.440866,0,0,0,0.999962,0.952926,0.734691
0,0,0,1,0.931381,1,0,0,0,1,0.964722,0.740174
0,0,0,1,0.98005,0.325427,0,0,0,0.999946,0.930711,0.692746
0,0,0,1,0.945795,1,0,0,0,1,0.959001,0.722429
0,0,0,1,0.948229,0.310948,0,0,0,0.81538,0.778649,0.565959
0,0,0,1,0.946836,0.337057,0,0,0,0.998893,0.95388,0.756358
0,0,0,0.986797,0.971164,0.639207,0,0,0,1,0.951051,0.693992
0,0,0,1,0.940894,0.577169,0,0,0,1,0.971238,0.728265
0,0,0,1,0.970897,0.200263,0,0,0,1,0.962883,0.751283
0,0,0,1,0.946299,0.397048,0,0,0,0.997668,0.91611,0.675872
0,0,0,1,0.951128,1,0,0,0,0.953622,0.923454,0.758868
0,0,0,0,0,0,0,0,0,1,0.953449,0.703651
0,0,0,1,0.956624,1,0,0,0,0.881207,0.84338,0.649579
0,0,0,1,0.93105,1,0,0,0,0.999981,0.914596,0.674908
0,0,0,1,0.949251,0.287665,0,0,0,0.999997,0.92523,0.684053
0,0,0,1,0.941472,1,0,0,0,0.999999,0.953794,0.716615
0,0,0,1,0.931944,1,0,0,0,0.999818,0.957118,0.696062
0,0,0,1,0.954843,1,0,0,0,0.999977,0.966789,0.733356
0,0,0,1,0.946155,0.397104,0,0,0,1,0.951323,0.709623
0,0,0,1,0.925521,1,0,0,0,0.993069,0.924824,0.6973
0,0,0,0.991361,0.916623,1,0,0,0,1,0.953013,0.692538
0,0,0,1,0.977722,0.488932,0,0,0,0.999998,0.957596,0.736211
0,0,0,1,0.971116,0.200835,0,0,0,0.928018,0.863622,0.664867
0,0,0,1,0.953316,1,0,0,0,1,0.973241,0.728555
0,0,0,1,0.953527,1,0,0,0,0.999999,0.950319,0.708515
0,0,0,1,0.974113,0.492064,0,0,0,1,0.970964,0.735071
0,0,0,1,0.931872,1,0,0,0,0.99488,0.977284,0.828523
0,0,0,0.968696,0.929281,1,0,0,0,0.972985,0.957118,0.819171
0,0,0,1,0.958333,1,0,0,0,1,0.964456,0.729905
0,0,0,1,0.919821,1,0,0,0,1,0.970183,0.74055
0,0,0,1,1,0.266167,0,0,0,0.999999,0.933915,0.677794
0,0,0,1,0.947919,1,0,0,0,0.999998,0.941007,0.704364
0,0,0,0,0,0,0,0,0,0.973241,0.947769,0.734691
0,0,0,0.971377,0.912252,1,0,0,0,0.980469,0.951414,0.802556
0,0,0,1,0.947955,0.46408,0,0,0,1,0.981095,0.737914
0,0,0,0.97999,0.945015,1,0,0,0,0.949201,0.917598,0.730674
0,0,0,1,0.925456,1,0,0,0,0.922482,0.877477,0.669529
0,0,0,1,0.938423,0.658346,0,0,0,1,0.948058,0.693577
0,0,0,1,0.96083,0.263887,0,0,0,0.999351,0.912592,0.682256
0,0,0,1,1,0.266999,0,0,0,0.890675,0.868715,0.658747
0,0,0,1,0.982319,0.212699,0,0,0,0.997296,0.901401,0.67104
0,0,0,1,0.964701,1,0,0,0,0.999996,0.975155,0.753829
0,0,0,0,0,0,0,0,0,1,0.933309,0.676406
0,0,0,1,0.963967,0.201397,0,0,0,0.999948,0.955817,0.743541
0,0,0,0.969445,0.975205,0.773284,0,0,0,1,0.971402,0.725357
0,0,0,1,0.944042,1,0,0,0,1,0.973795,0.75037
0,0,0,1,0.959914,0.209335,0,0,0,0.999998,0.968381,0.744285
0,0,0,1,0.958263,1,0,0,0,0.997498,0.977371,0.80502
0,0,0,1,0.995749,0.210481,0,0,0,0.998259,0.933431,0.713332
0,0,0,0,0,0,0,0,0,1,0.949106,0.699768
0,0,0,1,0.946549,0.33738,0,0,0,1,0.960137,0.699049
0,0,0,1,0.935544,1,0,0,0,0.999993,0.967225,0.735831
0,0,0,1,0.936196,0.49865,0,0,0,0.966156,0.923178,0.718199
0,0,0,1,0.947542,0.365399,0,0,0,0.999998,0.944791,0.705785
0,0,0,0,0,0,0,0,0,0.998731,0.927232,0.691497
0,0,0,1,0.958158,1,0,0,0,0.999998,0.964187,0.703855
0,0,0,1,0.933535,1,0,0,0,0.99869,0.962883,0.769773
0,0,0,1,0.930527,1,0,0,0,0.999937,0.955068,0.708918
0,0,0,1,0.934645,0.788141,0,0,0,1,0.95388,0.696887
0,0,0,1,0.984189,0.255126,0,0,0,0.999989,0.942929,0.702836
0,0,0,1,0.941667,1,0,0,0,0.918334,0.891622,0.685107
0,0,0,1,0.925513,1,0,0,0,0.999936,0.917451,0.68763
0,0,0,1,0.951693,1,0,0,0,0.999998,0.965512,0.741674
0,0,0,0.967184,0.93613,1,0,0,0,0.999991,0.928797,0.685529
0,0,0,1,0.93581,1,0,0,0,0.948251,0.91804,0.7324
0,0,0,1,0.933822,0.878729,0,0,0,0.999987,0.956145,0.706798
0,0,0,0,0,0,0,0,0,0.969091,0.934753,0.744471
0,0,0,1,0.939027,1,0,0,0,0.999999,0.959001,0.741112
0,0,0,1,0.942184,1,0,0,0,1,0.975901,0.752922
0,0,0,0.991821,0.93034,1,0,0,0,1,0.973241,0.742795
0,0,0,1,0.953702,0.246402,0,0,0,0.999974,0.929696,0.690037
0,0,0,0,0,0,0,0,0,1,0.966851,0.742422
0,0,0,1,0.919885,1,0,0,0,1,0.966283,0.728169
0,0,0,1,0.981323,0.345798,0,0,0,0.998595,0.971347,0.776623
0,0,0,1,0.933624,0.976173,0,0,0,0.999919,0.954563,0.739611
0,0,0,0,0,0,0,0,0,0.996584,0.950411,0.729327
0,0,0,1,0.933324,0.5749,0,0,0,0.928018,0.875148,0.715523
0,0,0,1,0.936683,1,0,0,0,1,0.9666,0.736969
0,0,0,1,0.984167,0.254847,0,0,0,1,0.963161,0.745954
0,0,0,1,0.912054,1,0,0,0,0.999987,0.955981,0.736401
0,0,0,0.969463,0.975207,0.773263,0,0,0,0.999999,0.961606,0.747432
0,0,0,1,0.922014,1,0,0,0,0.999998,0.966156,0.71721
0,0,0,1,0.947803,1,0,0,0,1,0.946695,0.727975
0,0,0,0.980181,0.984214,0.642804,0,0,0,0.86431,0.837221,0.647798
0,0,0,1,0.941787,0.536628,0,0,0,1,0.972727,0.746509
0,0,0,0.969401,0.931289,1,0,0,0,1,0.964921,0.710729
0,0,0,0.970705,0.975322,0.771896,0,0,0,0.999997,0.965316,0.739046
0,0,0,0,0,0,0,0,0,0.951233,0.922062,0.754373
0,0,0,1,0.947498,1,0,0,0,0.972046,0.946001,0.732209
0,0,0,0.99712,0.922548,1,0,0,0,1,0.960731,0.729423
0,0,0,1,0.933991,1,0,0,0,0.999898,0.941547,0.718199
0,0,0,0.98235,0.924595,1,0,0,0,0.999998,0.970296,0.726523
0,0,0,0,0,0,0,0,0,1,0.977414,0.717408
0,0,0,0,0,0,0,0,0,0.896795,0.866246,0.674265
0,0,0,0,0,0,0,0,0,0.99991,0.918772,0.669637
0,0,0,0,0,0,0,0,0,0.998927,0.907804,0.669637
0,0,0,0,0,0,0,0,0,0.914138,0.883638,0.714927
0,0,0,1,0.955813,0.22998,0,0,0,0.999983,0.95222,0.706292
0,0,0,1,0.950448,1,0,0,0,0.95877,0.934155,0.759939
0,0,0,0,0,0,0,0,0,0.999518,0.92617,0.685423
0,0,0,0.965828,0.935575,1,0,0,0,0.999993,0.94366,0.709019
0,0,0,1,0.933545,1,0,0,0,1,0.971564,0.730866
0,0,0,1,0.962917,0.202847,0,0,0,1,0.936749,0.69233
0,0,0,1,0.982811,0.36946,0,0,0,0.999994,0.963369,0.73848
0,0,0,1,0.934196,1,0,0,0,1,0.97649,0.748536
0,0,0,0.980513,0.945112,1,0,0,0,0.9879,0.960805,0.769427
0,0,0,0.977709,0.928057,1,0,0,0,1,0.948917,0.71123
0,0,0,1,0.96111,0.262928,0,0,0,0.999096,0.972257,0.772874
0,0,0,0,0,0,0,0,0,0.951594,0.911495,0.693058
0,0,0,0.963319,0.933555,1,0,0,0,0.915205,0.876634,0.642769
0,0,0,1,0.971037,0.204463,0,0,0,0.999918,0.912124,0.68616
0,0,0,1,0.980753,0.207375,0,0,0,0.999949,0.947186,0.706292
0,0,0,1,0.948039,0.464134,0,0,0,0.992879,0.897156,0.668447
0.0131379,0.00343697,0,1,0.946552,1,0,0,0,0.943243,0.918918,0.741861
0,0,0,1,0.958584,1,0,0,0,1,0.951863,0.69946
0,0,0,1,0.998122,0.36869,0,0,0,0.999999,0.965641,0.724481
0,0,0,1,0.953062,1,0,0,0,0.999922,0.955402,0.709623
0,0,0,0.961634,0.934269,1,0,0,0,0.999992,0.922482,0.681833
0,0,0,1,0.931491,1,0,0,0,0.999998,0.972675,0.759939
0,0,0,1,0.943147,1,0,0,0,0.999999,0.948822,0.701406
0,0,0,1,0.947959,0.464097,0,0,0,1,0.975249,0.752559
0,0,0,1,0.933454,0.981609,0,0,0,0.999909,0.951504,0.737914
0,0,0,0.981215,0.984277,0.641876,0,0,0,1,0.968141,0.7478
0,0,0,0.993601,0.95023,0.8534,0,0,0,1,0.971184,0.740362
0,0,0,1,0.933441,1,0,0,0,0.999991,0.953449,0.729616
0,0,0,1,0.944435,0.365809,0,0,0,0.999833,0.957912,0.737914
0,0,0,1,0.939771,0.61809,0,0,0,1,0.982423,0.759047
0,0,0,1,0.939739,0.395444,0,0,0,0.998364,0.962953,0.780662
0,0,0,1,0.973413,0.195656,0,0,0,1,0.961389,0.707
0,0,0,1,0.950281,1,0,0,0,1,0.945601,0.689096
0,0,0,1,0.935176,0.742747,0,0,0,0.999529,0.961606,0.745028
0,0,0,1,0.933625,0.97611,0,0,0,0.999994,0.967656,0.72952
0,0,0,1,0.979327,0.381948,0,0,0,1,0.97506,0.71423
0,0,0,1,0.978444,0.207038,0,0,0,1,0.975249,0.719088
0,0,0,1,0.965757,0.227364,0,0,0,0.921074,0.898053,0.716913
0,0,0,0.974852,0.948842,0.924271,0,0,0,0.99993,0.912124,0.685423
0,0,0,1,0.926508,0.698974,0,0,0,0.989592,0.955734,0.779322
0,0,0,1,0.935477,1,0,0,0,1,0.959913,0.712132
0,0,0,1,0.98212,0.211459,0,0,0,1,0.980839,0.745769
0,0,0,1,0.948087,0.46435,0,0,0,0.992334,0.907312,0.678007
0,0,0,0,0,0,0,0,0,0.999041,0.958615,0.731059
0,0,0,1,0.933256,0.8845,0,0,0,0.999497,0.951414,0.726523
0,0,0,0.990722,0.913984,1,0,0,0,0.950778,0.921358,0.767516
0,0,0,0,0,0,0,0,0,0.927626,0.906322,0.730578
0,0,0,1,0.934712,0.790206,0,0,0,1,0.971564,0.73659
0,0,0,1,0.982083,0.211224,0,0,0,1,0.944382,0.691185
0,0,0,0,0,0,0,0,0,0.999999,0.933309,0.682574
0,0,0,0,0,0,0,0,0,0.999613,0.924552,0.683736
0,0,0,0.986364,0.997049,0.442015,0,0,0,1,0.951863,0.706292
0,0,0,1,0.939564,1,0,0,0,0.999908,0.943243,0.734501
4.76837e-07,0,0,0,0,0,0,0,0,0.898232,0.853547,0.621885
0,0,0,1,0.933613,1,0,0,0,0.999825,0.928539,0.684475
0,0,0,1,0.93156,1,0,0,0,1,0.977284,0.722429
0,0,0,0,0,0,0,0,0,0.938237,0.911022,0.748168
0.0783144,0.0212239,0,0.978431,0.928244,1,0,0,0,0.902781,0.870707,0.645455
0,0,0,1,0.964773,1,0,0,0,1,0.974483,0.734501
0,0,0,1,0.98262,0.22653,0,0,0,0.999982,0.962603,0.744099
0,0,0,1,0.947972,1,0,0,0,0.929312,0.900355,0.738858
0,0,0,0.999308,0.961196,0.711511,0,0,0,0.999998,0.967039,0.711832
0,0,0,1,0.944282,1,0,0,0,1,0.980803,0.766992
0,0,0,1,0.981345,0.348053,0,0,0,1,0.969032,0.740362
0,0,0,0,0,0,0,0,0,0.999992,0.933066,0.695545
0,0,0,1,0.919252,1,0,0,0,1,0.975762,0.745398
0,0,0,1,0.947257,0.365268,0,0,0,0.999968,0.950411,0.728845
0,0,0,0,0,0,0,0,0,0.883236,0.857291,0.662687
0,0,0,1,0.946374,0.336862,0,0,0,0.933673,0.890485,0.682362
0,0,0,1,0.916395,1,0,0,0,1,0.953622,0.702326
0,0,0,1,0.94911,1,0,0,0,1,0.9463,0.695855
0,0,0,0.965927,0.935607,1,0,0,0,0.999999,0.948155,0.713831
0,0,0,0.979836,0.984193,0.643115,0,0,0,1,0.976175,0.735831
0,0,0,0,0,0,0,0,0,0.999999,0.96225,0.736021
0,0,0,1,0.93355,1,0,0,0,1,0.976265,0.734501
0,0,0,1,0.971121,0.200849,0,0,0,1,0.943138,0.688783
0,0,0,1,0.936139,0.655997,0,0,0,0.999998,0.968797,0.709824
0,0,0,0,0,0,0,0,0,0.934515,0.911022,0.720073
0,0,0,0.999823,0.936908,1,0,0,0,0.999985,0.952662,0.744099
0,0,0,1,0.937548,0.462597,0,0,0,0.903805,0.868158,0.655115
0,0,0,0.989848,0.936362,1,0,0,0,0.868046,0.833189,0.629091
0,0,0,1,0.939542,0.616158,0,0,0,0.989672,0.94366,0.760473
0,0,0,1,0.952719,1,0,0,0,0.895157,0.846324,0.629091
0,0,0,1,0.943053,1,0,0,0,1,0.980655,0.756717
0,0,0,1,0.935352,0.746075,0,0,0,0.958148,0.932207,0.717408
0,0,0,1,0.949804,1,0,0,0,0.952486,0.911653,0.767864
0,0,0,0,0,0,0,0,0,0.904987,0.880283,0.696165
0,0,0,0.989207,0.936264,1,0,0,0,0.928668,0.884639,0.715623
0,0,0,1,0.947529,1,0,0,0,1,0.976038,0.722233
0,0,0,1,0.948557,1,0,0,0,0.999793,0.926304,0.70253
0,0,0,1,0.936723,0.498497,0,0,0,1,0.96944,0.738669
0,0,0,1,0.939342,1,0,0,0,0.999675,0.954308,0.713831
0,0,0,1,0.927191,1,0,0,0,0.984215,0.964789,0.79166
0,0,0,1,0.935196,1,0,0,0,0.999997,0.952309,0.730674
0,0,0,1,0.937269,1,0,0,0,1,0.957755,0.730097
0,0,0,1,0.99837,0.210579,0,0,0,0.999996,0.945298,0.718792
0,0,0,1,0.932797,1,0,0,0,0.94428,0.916857,0.762424
0,0,0,0,0,0,0,0,0,0.999919,0.949856,0.705582
0,0,0,1,0.944525,0.429849,0,0,0,0.948537,0.906653,0.700588
0,0,0,1,0.935552,1,0,0,0,1,0.972727,0.73848
0,0,0,1,0.939534,0.616071,0,0,0,0.999766,0.966347,0.715623
0,0,0,1,0.949789,1,0,0,0,0.999898,0.970127,0.748168
0,0,0,1,0.937895,0.365097,0,0,0,0.999996,0.930711,0.683102
0,0,0,1,0.933524,1,0,0,0,0.999998,0.93744,0.696784
0,0,0,1,0.955453,1,0,0,0,0.998299,0.971456,0.785309
0,0,0,1,0.93969,0.395267,0,0,0,1,0.983085,0.721351
0,0,0,1,0.954231,0.244351,0,0,0,1,0.959535,0.708313
0,0,0,0.990003,0.929754,1,0,0,0,1,0.98191,0.7324
0,0,0,1,0.952509,0.263169,0,0,0,0.999826,0.932944,0.690663
0,0,0,1,0.935182,0.742847,0,0,0,1,0.975249,0.726232
0,0,0,1,0.944145,1,0,0,0,0.957912,0.901575,0.673406
0,0,0,1,0.950325,1,0,0,0,0.999842,0.947672,0.705481
0,0,0,0,0,0,0,0,0,1,0.936865,0.684159
0,0,0,1,0.9411,1,0,0,0,1,0.960287,0.701304
0,0,0,1,0.980089,0.224119,0,0,0,1,0.948251,0.69946
0,0,0,1,0.998408,0.210834,0,0,0,0.939913,0.91804,0.737914
0,0,0,0,0,0,0,0,0,0.9879,0.938801,0.720565
0,0,0,1,0.963455,0.242607,0,0,0,0.999925,0.9463,0.728748
0,0,0,1,0.947438,1,0,0,0,1,0.960212,0.73848
0,0,0,1,0.939308,1,0,0,0,1,0.944893,0.701202
0,0,0,1,0.949022,0.336253,0,0,0,0.997177,0.978177,0.822474
0,0,0,1,0.933506,0.980048,0,0,0,0.998204,0.947186,0.731059
0,0,0,1,0.935814,0.70096,0,0,0,1,0.971725,0.726911
0,0,0,1,0.934002,0.834934,0,0,0,0.889912,0.865452,0.67854
0,0,0,1,0.933456,0.575777,0,0,0,1,0.969785,0.731251
0,0,0,0.967505,0.928921,1,0,0,0,1,0.958538,0.722625
0,0,0,1,0.945635,0.395896,0,0,0,0.999923,0.916409,0.67104
0,0,0,1,0.952774,0.263833,0,0,0,1,0.97458,0.726814
0,0,0,1,0.936049,1,0,0,0,1,0.95846,0.736401
0,0,0,0.968287,0.975098,0.774568,0,0,0,1,0.953101,0.705785
0,0,0,1,0.938793,0.428497,0,0,0,0.999888,0.949201,0.688049
0,0,0,1,0.955544,1,0,0,0,1,0.966914,0.741861
0,0,0,0.981347,0.972709,0.587283,0,0,0,0.959913,0.943867,0.777975
0,0,0,1,0.941539,1,0,0,0,0.999899,0.936401,0.69946
0,0,0,1,0.92125,0.927714,0,0,0,0.992062,0.894237,0.673084
0,0,0,1,0.943471,1,0,0,0,1,0.962321,0.72662
0,0,0,1,0.973615,0.196265,0,0,0,0.999998,0.958226,0.734691
0,0,0,0,0,0,0,0,0,0.998696,0.909425,0.674479
0,0,0,1,0.927681,0.656698,0,0,0,1,0.973393,0.728845
0,0,0,1,0.933691,0.928809,0,0,0,1,0.976356,0.721743
0,0,0,1,0.943864,1,0,0,0,1,0.932453,0.68437
0,0,0,1,0.948991,1,0,0,0,1,0.974917,0.71602
0,0,0,0.97538,0.919191,1,0,0,0,1,0.967533,0.731826
0,0,0,1,0.951869,0.264898,0,0,0,1,0.970632,0.725065
0,0,0,0,0,0,0,0,0,1,0.961534,0.738103
0,0,0,0.964048,0.993766,0.530491,0,0,0,0.999968,0.941331,0.690976
0,0,0,0.995605,0.922065,1,0,0,0,0.999987,0.957038,0.736401
0,0,0,1,0.950753,1,0,0,0,0.99996,0.921216,0.670177
0,0,0,0.987707,0.997075,0.441202,0,0,0,0.992393,0.972985,0.820326
0,0,0,1,0.949607,1,0,0,0,0.999976,0.966789,0.727492
0,0,0,0,0,0,0,0,0,0.950595,0.920504,0.754373
0,0,0,1,0.958148,1,0,0,0,0.999951,0.920504,0.672869
0,0,0,1,0.964514,1,0,0,0,0.974773,0.959154,0.783823
0,0,0,0.978913,0.944816,1,0,0,0,0.992767,0.951863,0.781164
0,0,0,1,0.933998,0.834765,0,0,0,0.999967,0.936634,0.717804
0,0,0,1,0.946692,1,0,0,0,0.999999,0.9775,0.723993
0,0,0,0.987218,0.912615,1,0,0,0,0.999994,0.975012,0.748352
0.00928583,0.00284042,0,1,0.954807,1,0,0,0,0.999995,0.955734,0.727685
0,0,0,1,0.978424,0.185072,0,0,0,0.9999,0.917893,0.688887
0,0,0,1,0.939666,0.617202,0,0,0,0.854156,0.81538,0.60644
0,0,0,1,0.97466,0.191093,0,0,0,1,0.935346,0.688573
0,0,0,1,0.935576,1,0,0,0,0.998595,0.959231,0.732974
0,0,0,1,0.969427,1,0,0,0,0.996802,0.928668,0.699049
0,0,0,1,0.937414,1,0,0,0,0.951142,0.930836,0.757077
0,0,0,1,0.924866,1,0,0,0,0.999911,0.925634,0.698124
0,0,0,1,0.947001,1,0,0,0,0.997317,0.969785,0.769773
0,0,0,1,0.941593,1,0,0,0,1,0.941654,0.68721
0,0,0,1,0.973492,0.195896,0,0,0,1,0.947478,0.694821
0,0,0,1,0.950614,1,0,0,0,0.999993,0.959001,0.734691
0,0,0,0,0,0,0,0,0,0.865679,0.82963,0.630799
0,0,0,1,0.984664,0.294271,0,0,0,0.999999,0.941868,0.703957
0,0,0,1,0.933626,0.976075,0,0,0,1,0.974043,0.716417
0,0,0,1,0.941628,1,0,0,0,0.959383,0.944177,0.778144
0,0,0,1,0.950218,1,0,0,0,0.941115,0.917006,0.73431
0,0,0,0,0,0,0,0,0,0.999592,0.932207,0.692122
0,0,0,1,0.975478,0.192724,0,0,0,1,0.951504,0.729423
0,0,0,1,0.976923,0.195036,0,0,0,0.999999,0.961678,0.687105
0,0,0,0,0,0,0,0,0,0.893123,0.862699,0.667581
0,0,0,1,0.947376,0.364872,0,0,0,0.99998,0.966663,0.719285
0,0,0,0.993848,0.908817,1,0,0,0,1,0.968915,0.73431
0,0,0,1,0.94636,0.336822,0,0,0,0.833053,0.781331,0.572304
0,0,0,1,0.94172,1,0,0,0,1,0.967533,0.718397
0,0,0,0.989453,0.913586,1,0,0,0,1,0.975855,0.721841
8.27278e-05,0,0,1,0.968414,0.21287,0,0,0,0.99999,0.9229,0.670285
0,0,0,1,0.958723,1,0,0,0,1,0.97567,0.736969
0,0,0,0,0,0,0,0,0,0.999999,0.932576,0.681197
0,0,0,1,0.954093,1,0,0,0,0.999992,0.961171,0.739611
0,0,0,1,0.936714,0.498454,0,0,0,0.999962,0.93511,0.700075
0,0,0,0,0,0,0,0,0,1,0.972099,0.735071
0,0,0,1,0.985271,0.225596,0,0,0,0.999995,0.955651,0.735642
0,0,0,1,0.953292,1,0,0,0,0.999991,0.969785,0.722527
0,0,0,0,0,0,0,0,0,0.914596,0.859899,0.655557
0,0,0,1,0.982335,0.212802,0,0,0,1,0.967039,0.737725
0,0,0,0,0,0,0,0,0,0.921358,0.887984,0.696991
0,0,0,0,0,0,0,0,0,0.999914,0.918187,0.672869
0,0,0,1,0.937626,1,0,0,0,0.990102,0.942401,0.739046
0,0,0,1,1,0.312619,0,0,0,1,0.973695,0.723798
0,0,0,1,0.943144,1,0,0,0,1,0.94699,0.691914
0,0,0,1,0.955245,1,0,0,0,0.936285,0.913058,0.724286
0,0,0,1,0.944288,1,0,0,0,0.999998,0.962743,0.712832
0,0,0,0.991024,0.930082,1,0,0,0,1,0.973645,0.731826
0,0,0,1,0.949008,1,0,0,0,0.999991,0.952662,0.725843
0,0,0,1,0.93573,1,0,0,0,0.943348,0.91804,0.731826
0,0,0,1,0.950734,1,0,0,0,1,0.962391,0.723212
0,0,0,1,0.980366,0.410568,0,0,0,1,0.974043,0.727589
0,0,0,1,0.930624,1,0,0,0,0.882022,0.854642,0.655336
0,0,0,1,0.931596,1,0,0,0,1,0.970909,0.743913
0,0,0,1,0.950245,1,0,0,0,0.999995,0.963161,0.741861
0,0,0,1,0.952605,0.263411,0,0,0,1,0.965512,0.738858
0,0,0,1,0.939707,0.617556,0,0,0,0.999996,0.97658,0.763836
0,0,0,0,0,0,0,0,0,0.916559,0.887984,0.686685
0,0,0,1,0.974622,0.190988,0,0,0,0.999866,0.952309,0.727975
0,0,0,1,0.944777,1,0,0,0,0.914444,0.831964,0.66236
0,0,0,1,0.954858,1,0,0,0,0.999999,0.958226,0.736969
0,0,0,1,0.98016,0.224631,0,0,0,0.979823,0.96378,0.80502
0,0,0,1,0.933981,1,0,0,0,0.999964,0.931836,0.690142
0,0,0,1,0.942011,1,0,0,0,0.995801,0.929055,0.69368
0,0,0,0.986535,0.971147,0.639444,0,0,0,0.999998,0.97458,0.746878
0,0,0,1,0.936318,0.498959,0,0,0,0.999997,0.96862,0.745584
0,0,0,1,0.937697,0.365345,0,0,0,1,0.949106,0.706089
0,0,0,0.978984,0.95769,1,0,0,0,1,0.974725,0.715424
0,0,0,1,0.964364,1,0,0,0,1,0.941115,0.684053
0,0,0,1,0.94803,0.464096,0,0,0,0.999986,0.920504,0.674587
0,0,0,0,0,0,0,0,0,0.992739,0.900879,0.671255
0,0,0,1,0.94435,0.429639,0,0,0,1,0.95846,0.733738
0,0,0,0.991601,0.914258,1,0,0,0,0.940463,0.917746,0.750918
0,0,0,0,0,0,0,0,0,0.970743,0.941868,0.750918
0,0,0,1,0.949601,1,0,0,0,0.999996,0.96378,0.734881
0,0,0,0.966292,0.94475,1,0,0,0,1,0.968381,0.738292
0,0,0,0.989687,0.997113,0.440017,0,0,0,0.998793,0.965771,0.753104
1.62123e-05,0,0,1,0.971021,0.200588,0,0,0,1,0.939582,0.685529
0,0,0,1,0.982172,0.211783,0,0,0,0.999959,0.920361,0.672654
0,0,0,1,0.938522,0.659383,0,0,0,0.950778,0.924824,0.769254
0,0,0,1,0.980737,0.207288,0,0,0,0.999987,0.928797,0.681833
0,0,0,0,0,0,0,0,0,1,0.975249,0.748536
0,0,0,1,0.940632,1,0,0,0,0.999999,0.965119,0.713432
0,0,0,1,0.951666,1,0,0,0,0.999846,0.917746,0.676192
0,0,0,1,0.935737,1,0,0,0,0.998551,0.9666,0.783823
0,0,0,1,0.982231,0.212156,0,0,0,0.939913,0.917303,0.750736
0,0,0,1,0.965851,0.2276,0,0,0,0.999977,0.947088,0.733738
0,0,0,0.966243,0.93571,1,0,0,0,1,0.973944,0.727201
0,0,0,0,0,0,0,0,0,0.999979,0.932699,0.688678
0,0,0,0.995842,0.913186,1,0,0,0,1,0.964389,0.739422
0,0,0,1,0.936054,1,0,0,0,1,0.975992,0.721939
0,0,0,0,0,0,0,0,0,0.933431,0.905155,0.730482
0,0,0,0,0,0,0,0,0,0.9255,0.862699,0.655446
0,0,0,1,0.934646,0.788392,0,0,0,1,0.970576,0.759939
0,0,0,1,0.951503,1,0,0,0,0.994657,0.898411,0.6705
0,0,0,1,0.952462,0.263052,0,0,0,0.99999,0.926968,0.696681
0,0,0,1,0.949082,1,0,0,0,0.999995,0.959535,0.740362
0,0,0,1,0.940874,0.577035,0,0,0,1,0.967349,0.743913
0,0,0,1,0.949896,1,0,0,0,0.999997,0.960731,0.735262
0,0,0,1,0.932896,1,0,0,0,1,0.974239,0.727782
0,0,0,0,0,0,0,0,0,0.879561,0.852935,0.656438
0,0,0,1,0.956889,1,0,0,0,1,0.958847,0.724675
0,0,0,1,0.951966,0.265144,0,0,0,0.999573,0.943971,0.735262
0,0,0,0,0,0,0,0,0,0.999998,0.931463,0.682468
0,0,0,0,0,0,0,0,0,0.999952,0.919787,0.672547
0,0,0,1,0.997862,0.313494,0,0,0,0.985718,0.96175,0.817283
0,0,0,1,0.934005,0.834564,0,0,0,0.981275,0.967595,0.842734
0,0,0,0.970954,0.975344,0.771624,0,0,0,0.996307,0.969556,0.783988
0,0,0,1,0.97102,0.200585,0,0,0,0.99991,0.935346,0.691185
0,0,0,1,0.947592,1,0,0,0,0.999999,0.957517,0.732974
0,0,0,1,0.951495,1,0,0,0,0.996434,0.936285,0.69451
0,0,0,1,0.941448,1,0,0,0,1,0.954478,0.722821
0,0,0,1,0.93398,0.833494,0,0,0,0.913984,0.879871,0.68941
0,0,0,1,0.951822,0.264777,0,0,0,1,0.9463,0.690559
3.45706e-06,0,0,0.990169,0.913811,1,0,0,0,0.912748,0.826432,0.602179
0,0,0,1,0.954286,0.244487,0,0,0,0.956145,0.926437,0.778649
0,0,0,1,0.936107,1,0,0,0,0.999996,0.9357,0.69035
0,0,0,1,0.950413,0.286459,0,0,0,0.994135,0.987616,0.884039
0,0,0,1,0.915952,1,0,0,0,0.998988,0.963643,0.768212
0,0,0,1,0.927725,0.657106,0,0,0,0.962532,0.939025,0.770292
0,0,0,1,0.981333,0.34687,0,0,0,1,0.952926,0.721743
0,0,0,1,0.998113,0.370928,0,0,0,1,0.928149,0.700178
0,0,0,1,0.946349,0.397216,0,0,0,0.998273,0.90261,0.672977
0,0,0,1,0.973457,0.190713,0,0,0,0.999908,0.937783,0.69987
0,0,0,1,0.949019,1,0,0,0,0.989306,0.958382,0.761716
0,0,0,0,0,0,0,0,0,0.999998,0.938801,0.694406
0,0,0,0.999122,0.961182,0.711698,0,0,0,0.924552,0.879974,0.685634
0,0,0,1,0.910476,1,0,0,0,1,0.976935,0.748352
1.84773e-05,0,0,0.963801,0.933707,1,0,0,0,0.844794,0.810329,0.618492
0,0,0,0.968989,0.975163,0.773788,0,0,0,0.959988,0.924959,0.747432
0,0,0,1,0.980417,0.408011,0,0,0,0.970576,0.945096,0.777975
0,0,0,0,0,0,0,0,0,0.851089,0.818447,0.600833
0,0,0,0,0,0,0,0,0,0.999985,0.92373,0.674372
0,0,0,1,0.985042,0.210529,0,0,0,1,0.964456,0.741674
0,0,0,1,0.959478,1,0,0,0,0.999992,0.933309,0.679923
0,0,0,1,0.945923,0.396296,0,0,0,0.915053,0.85741,0.6973
0,0,0,0.983139,0.971465,0.840491,0,0,0,1,0.957675,0.718792
0,0,0,0,0,0,0,0,0,0.746878,0.7181,0.52581
0,0,0,1,0.96827,0.212502,0,0,0,0.999998,0.928926,0.67405
0,0,0,1,0.963599,0.242954,0,0,0,1,0.973894,0.729423
0,0,0,1,0.949552,1,0,0,0,0.947284,0.916559,0.765593
0,0,0,1,0.951925,0.265041,0,0,0,0.999999,0.969785,0.727975
0,0,0,1,0.967776,0.639197,0,0,0,1,0.96641,0.742048
0,0,0,0,0,0,0,0,0,0.893309,0.854399,0.682468
0,0,0,1,0.997863,0.31351,0,0,0,0.99991,0.949389,0.702734
0,0,0,1,0.933612,1,0,0,0,0.933431,0.893681,0.714927
0,0,0,1,0.951204,1,0,0,0,1,0.967595,0.744099
0,0,0,1,0.990298,0.530494,0,0,0,0.999926,0.967899,0.717309
0,0,0,0,0,0,0,0,0,0.816113,0.788257,0.595787
0.0166818,0.00232819,0,0,0,0,0,0,0,0.996024,0.952486,0.726911
0,0,0,0,0,0,0,0,0,0.942188,0.919063,0.755457
0,0,0,1,0.976927,0.185406,0,0,0,0.999985,0.953794,0.727492
0,0,0,1,0.954058,1,0,0,0,0.784484,0.744471,0.540257
0,0,0,0,0,0,0,0,0,0.884039,0.853547,0.663124
0,0,0,1,0.941747,1,0,0,0,1,0.975623,0.744471
0,0,0,1,0.952709,0.26367,0,0,0,0.999991,0.929696,0.68056
0,0,0,1,0.932949,1,0,0,0,0.998644,0.936749,0.694821
0,0,0,1,0.938625,0.428363,0,0,0,1,0.971992,0.746878
0,0,0,0,0,0,0,0,0,1,0.964321,0.728169
0,0,0,0.969352,0.931276,1,0,0,0,0.999982,0.930332,0.690246
0,0,0,1,0.933868,1,0,0,0,0.999964,0.921499,0.673836
0,0,0,0.990569,0.936471,1,0,0,0,1,0.974043,0.714827
0,0,0,1,0.977735,0.488646,0,0,0,0.997459,0.900004,0.6705
0,0,0,1,0.937441,0.703778,0,0,0,0.999993,0.937555,0.693369
0,0,0,1,0.935765,0.700268,0,0,0,0.990624,0.893123,0.669205
0,0,0,1,0.937602,1,0,0,0,0.999978,0.912592,0.685318
0,0,0,0.948565,0.961343,1,0,0,0,0.999735,0.944995,0.712332
0,0,0,0,0,0,0,0,0,0.999613,0.914749,0.6705
0,0,0,0,0,0,0,0,0,0.855851,0.812867,0.620794
0,0,0,1,0.937406,1,0,0,0,0.999885,0.950686,0.698844
0,0,0,0.999957,0.961246,0.710861,0,0,0,1,0.975577,0.752013
0,0,0,1,0.934744,0.791152,0,0,0,0.999999,0.95846,0.7413
0,0,0,0.989771,0.918317,1,0,0,0,0.99995,0.960657,0.740362
0,0,0,1,0.941646,1,0,0,0,0.999449,0.915507,0.685318
0,0,0,1,0.934683,0.789517,0,0,0,0.964119,0.935346,0.786623
0,0,0,1,0.976857,0.185197,0,0,0,1,0.939137,0.685002
0,0,0,1,0.968614,0.213376,0,0,0,1,0.980356,0.747247
0,0,0,1,0.950754,0.3093,0,0,0,1,0.975437,0.72027
0,0,0,1,0.945203,0.928514,0,0,0,0.999602,0.955817,0.714728
0,0,0,1,0.968301,0.212581,0,0,0,0.999993,0.960137,0.720663
0,0,0,1,0.933448,0.982127,0,0,0,0.999985,0.947672,0.714927
0,0,0,1,0.937346,0.702473,0,0,0,0.919353,0.880386,0.682256
0,0,0,1,0.993578,0.442134,0,0,0,1,0.967101,0.742982
0,0,0,0,0,0,0,0,0,0.853913,0.825871,0.631026
0,0,0,1,0.933386,1,0,0,0,1,0.982557,0.759939
0,0,0,1,0.956428,0.230538,0,0,0,0.999967,0.9633,0.724481
0,0,0,1,0.981541,0.295407,0,0,0,0.950869,0.918334,0.747063
0,0,0,1,0.964938,1,0,0,0,1,0.972985,0.719581
0,0,0,1,0.971107,0.200813,0,0,0,1,0.964589,0.738292
0,0,0,1,0.933666,0.930244,0,0,0,0.999973,0.930962,0.694406
0,0,0,1,0.936423,1,0,0,0,0.999998,0.941654,0.69987
0,0,0,0.990934,0.916485,1,0,0,0,0.945801,0.922062,0.76366
0,0,0,1,0.953259,1,0,0,0,1,0.944177,0.68742
0,0,0,1,1,0.266136,0,0,0,0.996336,0.97631,0.802246
0,0,0,1,0.979158,0.2166,0,0,0,0.918772,0.89275,0.713731
0,0,0,1,0.944677,1,0,0,0,0.999998,0.953449,0.739799
0,0,0,1,0.93346,0.575809,0,0,0,0.999381,0.960137,0.723895
0,0,0,1,0.936367,0.499207,0,0,0,0.999993,0.959988,0.735262
0,0,0,1,0.980689,0.207033,0,0,0,0.999996,0.976129,0.74055
0,0,0,1,0.933977,1,0,0,0,1,0.949949,0.694406
0,0,0,1,0.949627,1,0,0,0,0.999706,0.961389,0.722037
0,0,0,0.999906,0.936933,1,0,0,0,0.9949,0.917006,0.685634
0,0,0,1,0.924188,0.787839,0,0,0,1,0.986205,0.763484
0,0,0,0.988228,0.913196,1,0,0,0,0.991221,0.974629,0.819749
0,0,0,1,0.969263,0.210052,0,0,0,0.999918,0.92657,0.680135
0,0,0,1,0.968598,0.213337,0,0,0,0.999993,0.956472,0.709925
0,0,0,0,0,0,0,0,0,0.999971,0.949389,0.691081
0,0,0,0.948726,0.961368,1,0,0,0,0.999279,0.96225,0.737914
0,0,0,0.974542,0.948801,0.924695,0,0,0,0.941007,0.91848,0.754373
0,0,0,1,0.951361,1,0,0,0,1,0.957833,0.738858
0,0,0,1,0.947895,1,0,0,0,0.999221,0.945399,0.712032
0,0,0,0.965672,0.935524,1,0,0,0,1,0.946399,0.707607
0,0,0,0,0,0,0,0,0,0.894789,0.840913,0.627267
0,0,0,0,0,0,0,0,0,0.983723,0.924552,0.729905
0,0,0,1,0.956397,0.230457,0,0,0,0.999873,0.946892,0.702122
0,0,0,1,0.933818,0.878282,0,0,0,0.999309,0.943556,0.720663
0,0,0,0.976729,0.919644,1,0,0,0,0.964855,0.944791,0.783492
0,0,0,0,0,0,0,0,0,0.999997,0.941007,0.694095
0,0,0,1,0.941369,1,0,0,0,0.972779,0.949106,0.755457
0,0,0,1,0.936262,0.396388,0,0,0,0.999969,0.929184,0.687735
0,0,0,0.963006,0.962463,0.931793,0,0,0,1,0.977414,0.756717
0,0,0,0.994442,0.92169,1,0,0,0,1,0.971564,0.743727
0,0,0,1,0.94347,1,0,0,0,0.99888,0.951863,0.740362
0,0,0,1,0.934305,1,0,0,0,0.999835,0.950041,0.720172
0,0,0,1,0.938457,0.658692,0,0,0,1,0.948442,0.695855
0,0,0,1,0.939718,0.617651,0,0,0,0.991289,0.984276,0.867822
0,0,0,1,0.942702,0.464636,0,0,0,0.99999,0.967656,0.725162
0,0,0,1,0.945835,1,0,0,0,0.984215,0.92617,0.699049
0,0,0,1,0.977043,0.204631,0,0,0,0.955068,0.917598,0.723407
0,0,0,1,0.946458,0.337113,0,0,0,1,0.97631,0.721547
0,0,0,1,0.949077,1,0,0,0,1,0.969382,0.742982
0,0,0,1,0.933655,1,0,0,0,1,0.973544,0.728459
0,0,0,1,0.934675,0.789318,0,0,0,1,0.976625,0.759761
0,0,0,0.990642,0.936482,1,0,0,0,1,0.932944,0.685107
0,0,0,0,0,0,0,0,0,0.902952,0.870487,0.661376
0,0,0,1,0.979316,0.382908,0,0,0,0.906488,0.876951,0.692538
0.194193,0.0433832,0,1,0.970955,0.204231,0,0,0,0.959762,0.91611,0.704262
0,0,0,1,0.938598,0.428253,0,0,0,0.999927,0.944485,0.724188
0,0,0,1,0.950878,0.285996,0,0,0,0.999993,0.961098,0.736969
0,0,0,1,0.955721,1,0,0,0,1,0.951233,0.700588
0,0,0,1,0.969235,0.588009,0,0,0,1,0.962953,0.710729
0,0,0,1,0.954971,1,0,0,0,1,0.976802,0.740737
0,0,0,1,0.980375,0.410085,0,0,0,0.999999,0.956309,0.698124
0,0,0,1,0.945454,0.925813,0,0,0,0.999999,0.942718,0.689724
0,0,0,0.98884,0.913391,1,0,0,0,0.999579,0.909747,0.671471
0,0,0,1,0.934265,1,0,0,0,0.999993,0.965771,0.743727
0,0,0,1,0.950758,0.285686,0,0,0,0.999996,0.949576,0.707203
0,0,0,0,0,0,0,0,0,0.999999,0.95846,0.705988
0,0,0,1,0.933808,0.878998,0,0,0,0.999926,0.933066,0.69035
0,0,0,1,0.976933,0.410916,0,0,0,0.999597,0.928926,0.687945
0,0,0,1,0.971024,0.200596,0,0,0,1,0.957278,0.719088
0,0,0,1,0.961261,0.710666,0,0,0,0.965119,0.935817,0.791499
0,0,0,1,0.953363,1,0,0,0,1,0.963437,0.742795
0,0,0,1,0.935584,1,0,0,0,0.909103,0.873539,0.678007
0,0,0,1,0.946128,1,0,0,0,0.897695,0.863046,0.71602
0,0,0,1,0.939761,0.618017,0,0,0,0.99999,0.960805,0.732974
0,0,0,0.994503,0.92171,1,0,0,0,1,0.961171,0.721351
0,0,0,1,0.998113,0.370837,0,0,0,1,0.959383,0.738669
0,0,0,0.996555,0.922369,1,0,0,0,0.999998,0.967472,0.705988
0,0,0,1,0.975548,0.192958,0,0,0,1,0.963643,0.750736
0,0,0,1,0.933611,1,0,0,0,0.996802,0.992739,0.901053
0,0,0,1,0.950706,0.309168,0,0,0,0.999999,0.950595,0.71423
0,0,0,1,0.978467,0.207158,0,0,0,1,0.968797,0.69181
0,0,0,1,0.935701,1,0,0,0,0.999963,0.956877,0.7324
0,0,0,1,0.932555,1,0,0,0,1,0.97539,0.722331
0,0,0,1,0.949617,1,0,0,0,0.999998,0.942188,0.704668
0,0,0,1,0.953267,1,0,0,0,0.886813,0.834272,0.659405
0,0,0,0,0,0,0,0,0,0.821044,0.782995,0.576661
0,0,0,0,0,0,0,0,0,0.91181,0.868381,0.671794
0,0,0,1,0.956519,0.227248,0,0,0,0.994314,0.967163,0.810629
0,0,0,1,0.984127,0.254361,0,0,0,0.999866,0.921781,0.695235
0,0,0,1,0.933256,0.574444,0,0,0,0.99999,0.923316,0.676513
0,0,0,0,0,0,0,0,0,0.958148,0.933673,0.744471
0,0,0,1,0.931717,0.616578,0,0,0,1,0.934035,0.690872
0,0,0,1,0.969155,0.589327,0,0,0,0.996972,0.909907,0.694095
0,0,0,1,0.954509,0.245039,0,0,0,1,0.980839,0.734501
0,0,0,1,0.955511,1,0,0,0,0.999994,0.95275,0.701509
0,0,0,1,0.98133,0.440381,0,0,0,0.99674,0.972099,0.808823
0,0,0,0,0,0,0,0,0,0.940572,0.908293,0.716913
0,0,0,1,0.93794,1,0,0,0,0.980543,0.959988,0.771843
0,0,0,0,0,0,0,0,0,0.999999,0.96175,0.717804
0,0,0,1,0.96158,0.706544,0,0,0,0.999999,0.951594,0.708414
0,0,0,1,0.92803,1,0,0,0,0.999993,0.932453,0.685107
0,0,0,1,0.968448,0.212956,0,0,0,1,0.972882,0.745213
0,0,0,0,0,0,0,0,0,0.948728,0.90053,0.686685
0,0,0,0.980929,0.98426,0.642133,0,0,0,1,0.975343,0.717804
0,0,0,0,0,0,0,0,0,0.878523,0.818447,0.623721
0,0,0,0.991532,0.916679,1,0,0,0,0.999991,0.970183,0.747432
0,0,0,1,0.964593,1,0,0,0,1,0.96641,0.737725
0,0,0,1,0.939656,0.617118,0,0,0,0.999981,0.96622,0.712932
0,0,0,1,0.945393,1,0,0,0,0.957358,0.939025,0.769254
0,0,0,1,0.993588,0.441761,0,0,0,0.999943,0.92079,0.673729
0,0,0,0,0,0,0,0,0,0.858363,0.826151,0.63375
0,0,0,0,0,0,0,0,0,0.897516,0.816991,0.626124
0.0248984,0.00535897,0,1,0.933268,0.882697,0,0,0,0.99988,0.919931,0.673084
0,0,0,1,0.934048,0.837572,0,0,0,1,0.958226,0.704058
0,0,0,1,0.934015,0.835927,0,0,0,0.999987,0.959459,0.736211
0,0,0,0,0,0,0,0,0,0.879458,0.85318,0.655115
0,0,0,1,0.943158,1,0,0,0,1,0.95877,0.732974
0,0,0,1,0.927647,0.656346,0,0,0,0.999943,0.946794,0.728459
0,0,0,1,0.99358,0.442049,0,0,0,1,0.949106,0.698124
0,0,0,1,0.946489,1,0,0,0,0.999999,0.9357,0.681091
0,0,0,1,0.94866,0.310478,0,0,0,1,0.972882,0.727104
0,0,0,1,0.935332,0.745754,0,0,0,0.996322,0.968915,0.78233
0,0,0,1,0.950115,1,0,0,0,0.968797,0.942929,0.790854
0,0,0,1,0.979322,0.3824,0,0,0,0.999999,0.974483,0.719778
0,0,0,1,0.93735,0.702523,0,0,0,0.878627,0.85269,0.662578
0,0,0,1,0.949321,1,0,0,0,1,0.933066,0.67662
0,0,0,1,0.970923,0.200332,0,0,0,1,0.953362,0.717606
0,0,0,1,0.99358,0.442085,0,0,0,0.999998,0.948155,0.721939
0,0,0,1,0.950658,1,0,0,0,1,0.958226,0.708918
0,0,0,1,0.941913,0.537368,0,0,0,0.971019,0.948251,0.785144
0,0,0,1,0.941106,1,0,0,0,0.999999,0.943034,0.687525
0,0,0,1,0.973958,0.452982,0,0,0,0.997389,0.975107,0.796134
0,0,0,1,0.961271,0.710531,0,0,0,0.950411,0.918772,0.766468
0,0,0,0.964168,0.933822,1,0,0,0,1,0.958382,0.718298
0,0,0,1,0.950988,0.286278,0,0,0,0.999996,0.965119,0.719088
0,0,0,0,0,0,0,0,0,1,0.964722,0.72086
0,0,0,1,0.933565,0.978004,0,0,0,0.999933,0.946597,0.697918
0,0,0,1,0.93528,0.744782,0,0,0,0.999994,0.957833,0.710025
0,0,0,0.992697,0.908464,1,0,0,0,0.999994,0.973241,0.729134
0,0,0,0.991689,0.914285,1,0,0,0,0.940353,0.904651,0.724675
0,0,0,1,0.933697,0.9275,0,0,0,0.999602,0.971564,0.762247
0,0,0,1,0.923928,1,0,0,0,0.998132,0.947962,0.725843
0,0,0,1,0.95992,0.209354,0,0,0,0.999821,0.951594,0.732018
0,0,0,0,0,0,0,0,0,0.999994,0.955152,0.721449
0.290542,0.1362,0.00464634,0,0,0,0,0,0,0.605041,0.574514,0.444927
0,0,0,0.96188,0.934341,1,0,0,0,0.893681,0.852322,0.648911
0,0,0,1,0.948949,0.336037,0,0,0,1,0.970352,0.726134
0,0,0,1,0.934622,0.428892,0,0,0,0.936981,0.911653,0.739986
0,0,0,1,0.942198,1,0,0,0,1,0.989909,0.743541
0,0,0,1,0.937128,1,0,0,0,1,0.958382,0.742422
0,0,0,1,0.935139,0.536412,0,0,0,0.999998,0.949295,0.742422
0,0,0,0,0,0,0,0,0,0.999999,0.943034,0.7011
0,0,0,0.97029,0.941024,1,0,0,0,0.978834,0.9549,0.810179
0,0,0,0.968912,0.929346,1,0,0,0,0.96862,0.946892,0.777469
0,0,0,1,0.943481,1,0,0,0,0.999351,0.94699,0.745584
0,0,0,1,0.950074,1,0,0,0,1,0.975437,0.722233
0,0,0,1,0.981551,0.295638,0,0,0,1,0.955486,0.708717
0,0,0,1,0.96391,0.241493,0,0,0,0.999946,0.96378,0.738669
0,0,0,1,0.925469,1,0,0,0,0.999999,0.947186,0.708414
0,0,0,0.991455,0.930163,1,0,0,0,0.967656,0.943138,0.771327
0,0,0,1,0.942498,1,0,0,0,0.999997,0.953101,0.732209
0,0,0,0.991819,0.908325,1,0,0,0,1,0.969613,0.73077
0,0,0,1,0.96923,0.588091,0,0,0,1,0.960878,0.746324
0,0,0,1,0.945264,1,0,0,0,1,0.967595,0.742795
0,0,0,1,0.935312,1,0,0,0,0.999983,0.950686,0.73431
0,0,0,1,0.934904,1,0,0,0,1,0.958924,0.731059
0,0,0,1,0.943667,1,0,0,0,0.979076,0.956957,0.80502
0,0,0,0,0,0,0,0,0,0.946794,0.894605,0.725065
0,0,0,1,0.936312,0.498932,0,0,0,1,0.963161,0.722723
0,0,0,1,0.955265,1,0,0,0,0.999998,0.941331,0.70028
0,0,0,1,0.912173,1,0,0,0,1,0.975762,0.735642
0,0,0,0.963686,0.933671,1,0,0,0,0.999994,0.971238,0.744099
0,0,0,0,0,0,0,0,0,0.951051,0.905823,0.682997
0,0,0,1,0.93326,0.574472,0,0,0,1,0.970127,0.743727
0,0,0,1,0.941392,1,0,0,0,0.999905,0.958382,0.711932
0,0,0,1,0.998118,0.369732,0,0,0,1,0.945601,0.691497
0,0,0,0.986612,0.91243,1,0,0,0,1,0.973993,0.748904
0,0,0,1,0.919394,1,0,0,0,0.99984,0.988668,0.836955
0,0,0,1,0.942307,1,0,0,0,0.999898,0.921781,0.691914
0,0,0,1,0.935989,1,0,0,0,1,0.969091,0.726329
0.00279631,5.03051e-05,0,1,0.954426,0.244834,0,0,0,0.869382,0.824321,0.658527
0,0,0,0,0,0,0,0,0,0.786787,0.742235,0.512441
0,0,0,1,0.937615,1,0,0,0,1,0.946399,0.68941
0,0,0,1,0.982115,0.211428,0,0,0,0.868046,0.824321,0.630571
0,0,0,1,0.980213,0.27994,0,0,0,0.997809,0.949949,0.735452
0,0,0,1,0.982338,0.245193,0,0,0,0.999959,0.957596,0.736021
0,0,0,1,0.945899,0.396213,0,0,0,0.999998,0.964656,0.710528
0,0,0,0,0,0,0,0,0,0.999991,0.932944,0.683631
0,0,0,1,0.949119,0.336536,0,0,0,0.938913,0.892937,0.683102
0,0,0,1,0.933812,0.879422,0,0,0,1,0.976038,0.731442
0,0,0,1,0.934439,1,0,0,0,0.879147,0.848345,0.660939
0,0,0,1,0.971096,0.200784,0,0,0,0.977241,0.953966,0.8067
0,0,0,1,0.937932,1,0,0,0,0.999991,0.939025,0.700997
0,0,0,1,0.934015,0.835427,0,0,0,0.999718,0.971184,0.762247
0,0,0,1,0.954457,0.244911,0,0,0,0.992393,0.906488,0.676727
0,0,0,0,0,0,0,0,0,0.923039,0.89534,0.728652
0,0,0,1,0.946118,1,0,0,0,1,0.955152,0.695235
0,0,0,1,0.950876,0.309629,0,0,0,0.999554,0.960878,0.721645
0,0,0,1,0.956606,1,0,0,0,0.99998,0.959988,0.73431
0,0,0,0.967149,0.936122,1,0,0,0,0.935346,0.907312,0.732974
0,0,0,1,0.981332,0.44031,0,0,0,0.835484,0.805785,0.604807
0,0,0,1,0.919809,1,0,0,0,1,0.968261,0.730386
0,0,0,0,0,0,0,0,0,0.872782,0.790207,0.633637
0,0,0,1,0.938446,0.658576,0,0,0,0.997613,0.968797,0.795022
0,0,0,1,0.93372,0.926929,0,0,0,0.999993,0.963984,0.738858
0,0,0,1,0.931875,1,0,0,0,1,0.976891,0.74872
0,0,0,0,0,0,0,0,0,0.999986,0.946892,0.698844
0,0,0,1,0.938336,1,0,0,0,0.797241,0.768386,0.572185
0,0,0,1,0.963552,0.24284,0,0,0,1,0.976535,0.725649
0,0,0,0,0,0,0,0,0,0.877267,0.815085,0.639624
0,0,0,0.99126,0.916591,1,0,0,0,1,0.980729,0.747432
0,0,0,0,0,0,0,0,0,0.974725,0.931463,0.740362
0,0,0,1,0.953934,1,0,0,0,0.999999,0.939471,0.68342
0,0,0,1,0.932406,0.933492,0,0,0,0.999997,0.947672,0.705481
0,0,0,0,0,0,0,0,0,0.838944,0.808672,0.599661
0,0,0,1,1,0.266815,0,0,0,0.999983,0.960952,0.713032
0,0,0,0,0,0,0,0,0,1,0.963161,0.742982
0,0,0,1,0.964615,1,0,0,0,0.99979,0.919353,0.68342
0,0,0,1,0.954001,1,0,0,0,0.999999,0.943138,0.705684
0,0,0,1,0.956762,1,0,0,0,1,0.932944,0.68742
0,0,0,1,0.946283,1,0,0,0,1,0.96225,0.736969
0,0,0,1,0.943083,1,0,0,0,0.999996,0.963575,0.741112
0,0,0,0.999917,0.936936,1,0,0,0,0.998279,0.909265,0.694821
0,0,0,1,0.938278,1,0,0,0,1,0.96641,0.735262
0,0,0,1,0.933955,1,0,0,0,1,0.941654,0.685213
0,0,0,1,0.940689,0.575734,0,0,0,1,0.984276,0.749087
0,0,0,1,0.933267,0.884014,0,0,0,1,0.966347,0.732209
0,0,0,1,0.926815,1,0,0,0,0.999996,0.963022,0.7413
0,0,0,0.990592,0.936474,1,0,0,0,1,0.942401,0.687
0,0,0,1,0.94494,1,0,0,0,0.932699,0.898944,0.70202
0,0,0,1,0.947476,0.36519,0,0,0,1,0.955152,0.69946
0,0,0,0.994611,0.921745,1,0,0,0,1,0.96796,0.731059
0,0,0,1,0.958294,0.770615,0,0,0,0.999771,0.91118,0.673084
0,0,0,1,0.963328,0.2423,0,0,0,0.891999,0.861771,0.688364
0,0,0,1,0.934738,0.790997,0,0,0,1,0.945399,0.687945
0,0,0,1,0.949978,1,0,0,0,1,0.981771,0.745584
0,0,0,1,0.933721,0.926747,0,0,0,0.999982,0.956715,0.73431
0.0112658,0.00257042,0,0,0,0,0,0,0,0.768212,0.739046,0.564158
0,0,0,0,0,0,0,0,0,0.887205,0.829492,0.637821
0,0,0,1,0.937819,1,0,0,0,0.999993,0.975107,0.740925
0,0,0,1,0.964431,1,0,0,0,1,0.964656,0.736969
0,0,0,0,0,0,0,0,0,1,0.934634,0.683736
0,0,0,1,0.963599,0.242954,0,0,0,0.934155,0.906156,0.66888
0,0,0,1,0.950802,0.30943,0,0,0,0.992393,0.985608,0.872239
0,0,0,1,0.980373,0.410191,0,0,0,0.999996,0.929184,0.674587
0,0,0,1,0.94784,0.365637,0,0,0,0.999692,0.92657,0.68437
0,0,0,1,0.962913,0.202835,0,0,0,0.879354,0.808823,0.597197
0,0,0,1,0.945925,0.396306,0,0,0,1,0.96225,0.73077
0,0,0,1,0.946146,1,0,0,0,1,0.939248,0.685423
0,0,0,0,0,0,0,0,0,0.999997,0.951953,0.70912
0,0,0,1,0.935691,0.699234,0,0,0,1,0.948058,0.698227
0,0,0,1,0.947524,0.365344,0,0,0,1,0.969957,0.726814
0,0,0,1,0.910637,1,0,0,0,1,0.960361,0.743541
0,0,0,1,0.925465,1,0,0,0,0.999999,0.966789,0.716516
0,0,0,0.989784,0.91369,1,0,0,0,1,0.976714,0.723895
0,0,0,1,0.947964,1,0,0,0,0.967163,0.938576,0.792785
0,0,0,1,0.937905,1,0,0,0,0.986468,0.950041,0.752013
0,0,0,1,0.950279,0.286103,0,0,0,0.999994,0.95846,0.734501
0,0,0,0.992707,0.912374,1,0,0,0,1,0.963575,0.743913
0,0,0,0.968907,0.931153,1,0,0,0,0.961098,0.910704,0.694303
0,0,0,1,0.982559,0.226057,0,0,0,0.999997,0.928926,0.683842
0,0,0,1,0.941807,1,0,0,0,0.938463,0.91181,0.730386
0.000121228,0,0,0,0,0,0,0,0,0.980205,0.959611,0.796609
0,0,0,1,0.945747,1,0,0,0,1,0.962813,0.748536
0,0,0,0.97765,0.945721,1,0,0,0,1,0.953013,0.717309
0,0,0,0.995033,0.921881,1,0,0,0,1,0.971019,0.734881
0,0,0,1,0.951577,1,0,0,0,0.999999,0.969032,0.743541
0,0,0,0,0,0,0,0,0,0.999995,0.938913,0.69451
0,0,0,1,0.980216,0.198958,0,0,0,1,0.976802,0.723016
0,0,0,1,0.952612,0.263429,0,0,0,1,0.976401,0.747432
0,0,0,1,0.968635,0.213431,0,0,0,0.999997,0.962953,0.740362
0,0,0,1,0.979316,0.382883,0,0,0,1,0.935935,0.727685
0,0,0,1,0.980122,0.224357,0,0,0,0.999996,0.948537,0.70912
0,0,0,1,0.934392,1,0,0,0,0.917006,0.884439,0.708616
0,0,0,0,0,0,0,0,0,1,0.959988,0.714728
0,0,0,1,0.933626,1,0,0,0,0.989265,0.969208,0.760651
0,0,0,1,0.9565,0.227203,0,0,0,0.998539,0.974092,0.786295
0,0,0,1,0.980379,0.409899,0,0,0,0.999999,0.956145,0.730482
0,0,0,1,0.931317,1,0,0,0,0.999999,0.963712,0.713332
0,0,0,1,0.985103,0.210926,0,0,0,0.999977,0.952397,0.726329
0,0,0,1,0.997849,0.313033,0,0,0,0.997989,0.96862,0.779658
0,0,0,0.990414,0.913888,1,0,0,0,0.999999,0.951414,0.717111
0,0,0,1,0.972315,0.202125,0,0,0,1,0.959762,0.730097
0,0,0,1,0.933553,0.978834,0,0,0,0.999762,0.991187,0.858244
0,0,0,0.995297,0.913046,1,0,0,0,1,0.941547,0.70477
0,0,0,1,0.930482,1,0,0,0,1,0.951774,0.699049
0,0,0,0,0,0,0,0,0,0.972257,0.933066,0.715225
0,0,0,1,0.933508,0.979837,0,0,0,1,0.958615,0.724773
0,0,0,1,0.950875,1,0,0,0,0.999803,0.95096,0.722625
0,0,0,0,0,0,0,0,0,0.824603,0.788257,0.612715
0,0,0,1,0.93528,1,0,0,0,0.998745,0.935582,0.709824
0.02671,0.00248148,0,1,0.96588,0.227671,0,0,0,0.890294,0.854035,0.659076
0,0,0,0,0,0,0,0,0,0.999899,0.930962,0.685844
0,0,0,0,0,0,0,0,0,0.938463,0.915959,0.736969
0,0,0,1,0.926804,1,0,0,0,0.996131,0.901748,0.669421
0,0,0,1,0.926853,1,0,0,0,0.956796,0.928279,0.748904
0,0,0,1,0.944752,1,0,0,0,1,0.971833,0.71889
0,0,0,1,0.958512,1,0,0,0,0.999999,0.962953,0.729134
0,0,0,1,0.928731,0.614289,0,0,0,0.999991,0.969957,0.752922
0,0,0,1,0.99812,0.369042,0,0,0,0.999993,0.965835,0.710729
0,0,0,1,0.981345,0.348009,0,0,0,1,0.977284,0.721939
0,0,0,0.963466,0.962524,0.931155,0,0,0,0.99969,0.953101,0.707506
0,0,0,1,0.970925,0.200336,0,0,0,0.96225,0.943971,0.776284
0,0,0,0.99638,0.922313,1,0,0,0,0.977371,0.936981,0.742982
0,0,0,1,0.975497,0.201354,0,0,0,1,0.972046,0.730866
0,0,0,1,0.939344,1,0,0,0,0.9633,0.939137,0.768038
0,0,0,1,0.984657,0.294072,0,0,0,0.999993,0.934991,0.694613
0,0,0,1,0.948493,0.310017,0,0,0,0.999998,0.964321,0.739799
0,0,0,0,0,0,0,0,0,0.93744,0.904482,0.712732
0,0,0,1,0.927266,1,0,0,0,0.999085,0.90549,0.674158
0,0,0,1,0.935079,0.536072,0,0,0,0.999993,0.946001,0.68721
0,0,0,1,0.956529,0.227276,0,0,0,0.951142,0.906653,0.69451
0,0,0,0,0,0,0,0,0,0.887595,0.857887,0.658308
0,0,0,1,0.942603,0.497912,0,0,0,0.979036,0.957596,0.798029
0,0,0,0,0,0,0,0,0,0.897695,0.865793,0.678114
0,0,0,0,0,0,0,0,0,0.999966,0.954732,0.699049
0,0,0,1,0.952699,0.263646,0,0,0,0.999992,0.934395,0.712732
0.00195241,0.000424295,0,1,0.938241,1,0,0,0,0.999826,0.922482,0.679817
0,0,0,1,0.969037,0.591276,0,0,0,1,0.973745,0.729809
0,0,0,1,0.919569,1,0,0,0,0.973944,0.939025,0.733165
0,0,0,0,0,0,0,0,0,1,0.947478,0.70253
0,0,0,1,0.984695,0.295071,0,0,0,1,0.975623,0.722723
0,0,0,1,0.973931,0.453808,0,0,0,0.999976,0.963575,0.733356
0,0,0,1,0.943565,1,0,0,0,1,0.975992,0.719285
0,0,0,1,0.943038,1,0,0,0,0.999999,0.955236,0.729809
0,0,0,1,0.933645,1,0,0,0,0.904482,0.841044,0.638272
0,0,0,0.96331,0.933553,1,0,0,0,1,0.971939,0.739234
0,0,0,1,0.936803,0.498879,0,0,0,0.999998,0.965185,0.717903
0,0,0,1,0.949263,0.429278,0,0,0,1,0.947672,0.693058
0,0,0,0,0,0,0,0,0,0.999992,0.925634,0.675658
0,0,0,1,0.934634,0.428936,0,0,0,0.617224,0.571826,0.411525
0,0,0,0,0,0,0,0,0,1,0.939248,0.685844
0,0,0,1,0.935523,1,0,0,0,0.815673,0.785473,0.586168
0,0,0,0,0,0,0,0,0,0.999972,0.936981,0.692746
0,0,0,1,0.915745,1,0,0,0,0.96175,0.94428,0.777638
0,0,0,1,0.933666,0.93035,0,0,0,0.999965,0.919498,0.668447
0,0,0,1,0.932917,1,0,0,0,0.893309,0.863276,0.713631
0,0,0,0,0,0,0,0,0,1,0.941868,0.689515
0,0,0,1,0.940225,1,0,0,0,0.999996,0.953449,0.722135
0,0,0,1,0.998117,0.369733,0,0,0,0.999972,0.971779,0.726911
0,0,0,1,0.975671,0.202026,0,0,0,0.923592,0.889337,0.655336
0,0,0,1,0.933872,1,0,0,0,0.99943,0.956145,0.744656
0,0,0,1,0.934935,0.535254,0,0,0,1,0.967039,0.719482
0,0,0,1,0.947786,0.365467,0,0,0,1,0.959307,0.716913
0,0,0,1,0.939502,1,0,0,0,0.999999,0.932821,0.709221
0,0,0,0.967046,0.928781,1,0,0,0,1,0.96378,0.731059
0,0,0,1,0.937972,1,0,0,0,0.993973,0.91848,0.701406
0,0,0,1,0.935135,0.536389,0,0,0,0.999992,0.935817,0.701509
0,0,0,1,0.954174,0.244208,0,0,0,0.958693,0.931338,0.780328
0,0,0,1,0.977016,0.192614,0,0,0,0.999196,0.910545,0.689306
0,0,0,1,0.973479,0.195856,0,0,0,1,0.954478,0.725357
0,0,0,1,0.938709,0.428166,0,0,0,1,0.961678,0.7413
0,0,0,1,0.934398,1,0,0,0,1,0.954984,0.699357
0,0,0,1,0.924867,1,0,0,0,0.999932,0.963916,0.72086
0,0,0,0,0,0,0,0,0,0.99991,0.920218,0.675444
0,0,0,0.966656,0.944826,1,0,0,0,0.999999,0.954647,0.735452
0,0,0,1,0.935106,0.536226,0,0,0,0.999971,0.9666,0.739986
0,0,0,1,0.948826,0.310933,0,0,0,1,0.956391,0.713731
0,0,0,1,0.93609,1,0,0,0,0.999997,0.962953,0.738292
0,0,0,1,0.939798,0.618317,0,0,0,1,0.947672,0.690559
0,0,0,1,0.951718,1,0,0,0,0.950686,0.923592,0.743727
0,0,0,0,0,0,0,0,0,0.863161,0.832237,0.61451
0,0,0,1,0.93059,1,0,0,0,0.999993,0.942823,0.717111
0,0,0,1,0.932384,0.934984,0,0,0,0.999715,0.93744,0.703244
0,0,0,1,0.982086,0.211248,0,0,0,1,0.982356,0.762247
0,0,0,1,0.927282,1,0,0,0,1,0.943867,0.68941
0,0,0,1,0.950798,0.285789,0,0,0,0.992795,0.961244,0.757077
0,0,0,1,0.939633,0.616929,0,0,0,0.947962,0.918334,0.766643
0,0,0,0.989131,0.918111,1,0,0,0,0.991084,0.975762,0.832917
0,0,0,1,0.964707,1,0,0,0,1,0.977023,0.75183
0,0,0,1,0.975384,0.192409,0,0,0,1,0.942718,0.708515
0,0,0,0.96695,0.928752,1,0,0,0,0.999923,0.926304,0.69233
0,0,0,0,0,0,0,0,0,0.999956,0.920074,0.669529
0,0,0,1,0.934313,1,0,0,0,0.797241,0.755817,0.558086
0,0,0,1,0.959819,0.20905,0,0,0,0.999946,0.950686,0.715325
0,0,0,0,0,0,0,0,0,0.99997,0.936865,0.695545
0,0,0,1,0.945202,1,0,0,0,0.999873,0.916409,0.676406
0,0,0,1,0.990211,0.532259,0,0,0,1,0.974725,0.716119
0,0,0,1,0.945113,1,0,0,0,1,0.970409,0.740925
0.0162414,0.00331163,0,0,0,0,0,0,0,1,0.967656,0.738103
0,0,0,1,0.938828,1,0,0,0,0.999995,0.960287,0.714827
0,0,0,1,0.95183,0.264796,0,0,0,0.999999,0.957198,0.732592
0,0,0,1,0.984661,0.29417,0,0,0,0.998579,0.957358,0.726037
0,0,0,1,0.935298,1,0,0,0,0.999999,0.956309,0.699768
0,0,0,0,0,0,0,0,0,0.871912,0.836421,0.625209
0,0,0,0,0,0,0,0,0,0.999999,0.947866,0.698535
0,0,0,1,0.938743,0.4283,0,0,0,0.999328,0.918626,0.672762
0,0,0,0.994369,0.908975,1,0,0,0,0.999899,0.9463,0.699768
0,0,0,1,0.985328,0.226073,0,0,0,0.999994,0.966347,0.737158
0,0,0,0.99303,0.930726,1,0,0,0,0.925634,0.866472,0.710929
0,0,0,1,0.932341,1,0,0,0,0.980839,0.953275,0.765243
0,0,0,1,0.990255,0.531361,0,0,0,1,0.98347,0.763484
0,0,0,0,0,0,0,0,0,0.942612,0.902781,0.698021
0,0,0,1,0.939341,1,0,0,0,0.999999,0.95388,0.743168
0,0,0,1,0.949714,1,0,0,0,1,0.941007,0.687315
0,0,0,1,0.949682,1,0,0,0,0.999971,0.96802,0.737725
0.0502723,0.0145855,0,0,0,0,0,0,0,0.813461,0.779993,0.609524
0,0,0,1,0.934271,1,0,0,0,0.951684,0.92079,0.735642
0,0,0,0,0,0,0,0,0,0.98156,0.957517,0.768733
0,0,0,1,0.932406,0.932802,0,0,0,0.87397,0.835752,0.627723
0,0,0,1,0.972257,0.201933,0,0,0,1,0.949576,0.696681
0,0,0,1,0.942283,1,0,0,0,1,0.965381,0.721743
0,0,0,1,0.95664,1,0,0,0,1,0.938124,0.68458
0,0,0,0,0,0,0,0,0,0.876529,0.845942,0.627495
0,0,0,1,0.949123,0.336548,0,0,0,0.88779,0.852935,0.633524
0,0,0,0.968964,0.993437,0.57623,0,0,0,0.999999,0.938576,0.682574
0.00118281,2.33647e-05,0,1,0.956442,0.230576,0,0,0,0.694095,0.655115,0.463201
0,0,0,1,0.933973,1,0,0,0,1,0.96525,0.72526
0,0,0,1,0.97355,0.196071,0,0,0,1,0.951233,0.71413
0,0,0,1,0.941367,1,0,0,0,0.999993,0.965119,0.742235
2.14576e-06,1.19209e-07,0,1,0.941329,1,0,0,0,0.804406,0.766468,0.571288
0,0,0,0,0,0,0,0,0,0.795022,0.764892,0.563678
0,0,0,1,0.981311,0.344506,0,0,0,1,0.972152,0.737536
0,0,0,0,0,0,0,0,0,0.878314,0.830457,0.663887
0,0,0,1,0.942192,1,0,0,0,0.999973,0.923868,0.676406
0,0,0,1,0.924881,1,0,0,0,0.999998,0.973695,0.737725
0,0,0,1,0.976856,0.20379,0,0,0,0.999998,0.954478,0.735452
0,0,0,0,0,0,0,0,0,0.868715,0.839471,0.62601
0,0,0,1,0.934002,0.834445,0,0,0,0.9953,0.949669,0.736969
0,0,0,0.990866,0.930052,1,0,0,0,1,0.968679,0.721253
0,0,0,1,0.973384,0.190516,0,0,0,1,0.965381,0.736211
0,0,0,1,0.905813,1,0,0,0,0.904313,0.876845,0.694095
0,0,0,1,0.980107,0.198455,0,0,0,1,0.966474,0.721743
0,0,0,1,0.934314,1,0,0,0,1,0.97319,0.731442
0,0,0,1,0.984025,0.253104,0,0,0,0.999977,0.919643,0.695648
0,0,0,1,0.978746,0.195056,0,0,0,0.999393,0.908618,0.677047
0,0,0,1,0.981672,0.20232,0,0,0,0.99998,0.932207,0.677901
0,0,0,1,0.978477,0.207208,0,0,0,0.996996,0.951953,0.744471
0,0,0,1,0.939608,0.616704,0,0,0,1,0.976446,0.757436
0,0,0,0,0,0,0,0,0,0.999341,0.950869,0.738858
0,0,0,1,0.930404,1,0,0,0,0.994402,0.922622,0.692538
0,0,0,1,0.931709,1,0,0,0,0.998622,0.913213,0.682997
0,0,0,1,0.964366,1,0,0,0,1,0.97801,0.750736
0,0,0,1,0.949049,0.310004,0,0,0,0.999945,0.950411,0.739611
0,0,0,0.98753,0.912709,1,0,0,0,0.999131,0.95388,0.73412
0,0,0,1,0.937564,1,0,0,0,1,0.966726,0.739234
0,0,0,1,0.946947,0.499849,0,0,0,0.999473,0.950041,0.721253
0,0,0,1,0.975407,0.20101,0,0,0,0.99999,0.968261,0.732592
0,0,0,1,0.955882,0.230159,0,0,0,0.998197,0.969957,0.801159
0,0,0,1,0.968301,0.212581,0,0,0,1,0.974725,0.716814
0,0,0,0,0,0,0,0,0,0.857649,0.7773,0.602237
0,0,0,1,0.950806,1,0,0,0,0.999994,0.959762,0.736969
0,0,0,1,0.935678,1,0,0,0,0.99999,0.957358,0.710226
0,0,0,1,0.955433,1,0,0,0,0.826852,0.781664,0.570511
0,0,0,1,0.922748,1,0,0,0,0.999971,0.962603,0.726037
0,0,0,1,0.928758,0.614515,0,0,0,0.999952,0.959837,0.733929
0,0,0,1,0.954496,0.245008,0,0,0,1,0.969149,0.740737
0,0,0,0.983102,0.924888,1,0,0,0,0.999988,0.961534,0.739422
0,0,0,1,0.950786,0.309386,0,0,0,0.999999,0.940463,0.68342
0,0,0,1,0.955344,1,0,0,0,0.999929,0.961965,0.720762
0,0,0,1,0.933455,1,0,0,0,0.99997,0.939137,0.703142
0,0,0,0.990062,0.936394,1,0,0,0,1,0.973139,0.724968
0,0,0,1,0.975321,0.192195,0,0,0,1,0.975296,0.720073
0.000535702,6.46093e-05,0,1,0.933554,0.978719,0,0,0,0.999971,0.939137,0.716219
0,0,0,1,0.936227,0.748137,0,0,0,1,0.976714,0.743913
0,0,0,0.983794,0.971533,0.839713,0,0,0,0.999998,0.963916,0.714628
0,0,0,0.983999,0.984447,0.639405,0,0,0,0.998402,0.949763,0.728652
0,0,0,1,0.951757,0.26461,0,0,0,0.999954,0.96175,0.718693
0,0,0,1,0.977518,0.530901,0,0,0,1,0.97631,0.724286
0,0,0,0,0,0,0,0,0,0.998573,0.927495,0.696991
0,0,0,1,0.982198,0.211947,0,0,0,1,0.971238,0.746509
0,0,0,1,0.951867,0.264892,0,0,0,0.999958,0.951233,0.70028
0,0,0,0.996894,0.922477,1,0,0,0,1,0.971886,0.742795
0,0,0,1,0.981516,0.294881,0,0,0,1,0.972152,0.727975
0,0,0,1,0.975511,0.201409,0,0,0,1,0.941331,0.684475
0,0,0,0.978163,0.944676,1,0,0,0,1,0.976446,0.720368
0,0,0,1,0.930318,1,0,0,0,0.999982,0.914749,0.676406
0,0,0,1,0.946442,0.337066,0,0,0,0.999782,0.930332,0.68763
0,0,0,1,0.981316,0.345043,0,0,0,0.99997,0.930078,0.675336
0,0,0,0,0,0,0,0,0,0.941115,0.919787,0.751283
0,0,0,1,0.945894,1,0,0,0,0.999211,0.980581,0.804252
0,0,0,0,0,0,0,0,0,0.999999,0.932944,0.678327
0,0,0,0.9893,0.997105,0.440247,0,0,0,0.995735,0.954563,0.767516
0,0,0,1,0.950954,0.286191,0,0,0,0.96378,0.940024,0.766643
0,0,0,0.962954,0.962457,0.931864,0,0,0,0.937555,0.893123,0.713531
0,0,0,1,0.946895,0.49959,0,0,0,0.999997,0.945399,0.699768
0,0,0,0.988611,0.997092,0.440659,0,0,0,0.99999,0.924688,0.672117
0,0,0,1,0.935216,0.743556,0,0,0,0.884838,0.856092,0.646572
0,0,0,1,0.997869,0.31373,0,0,0,1,0.967349,0.745954
0,0,0,1,0.919988,1,0,0,0,0.999926,0.957991,0.730482
0,0,0,1,0.948731,1,0,0,0,1,0.954223,0.705988
0,0,0,0,0,0,0,0,0,0.957278,0.923178,0.757436
0,0,0,0,0,0,0,0,0,0.999974,0.924959,0.680454
0,0,0,1,0.951421,1,0,0,0,1,0.967656,0.743541
0,0,0,1,0.925381,0.742954,0,0,0,0.955734,0.937783,0.777975
0,0,0,1,0.981346,0.348093,0,0,0,1,0.978508,0.722037
0,0,0,1,0.931519,0.984416,0,0,0,0.999997,0.962743,0.738858
0,0,0,1,0.940839,0.576794,0,0,0,0.999988,0.950227,0.741112
0,0,0,1,0.940829,0.57672,0,0,0,1,0.963161,0.733356
0.0262656,0.00304022,0,0,0,0,0,0,0,0.959001,0.938124,0.757256
0,0,0,1,0.967756,0.639502,0,0,0,0.999985,0.960063,0.71602
0,0,0,1,0.936432,0.396307,0,0,0,0.999997,0.956796,0.73431
0,0,0,0,0,0,0,0,0,1,0.943348,0.685107
0,0,0,0,0,0,0,0,0,0.863507,0.834272,0.646795
2.74181e-06,2.38419e-07,0,0,0,0,0,0,0,0.999838,0.922203,0.677581
0,0,0,1,0.949338,1,0,0,0,0.977241,0.954478,0.773559
0,0,0,1,0.947531,0.365364,0,0,0,0.999992,0.943452,0.722331
0,0,0,0.977715,0.914309,1,0,0,0,0.999995,0.936052,0.685213
0,0,0,0,0,0,0,0,0,0.999919,0.933915,0.690455
0,0,0,1,0.944995,1,0,0,0,0.927888,0.886813,0.690037
0,0,0,0,0,0,0,0,0,0.78695,0.759225,0.570271
0,0,0,1,0.92688,1,0,0,0,0.961534,0.908456,0.694199
0,0,0,1,0.949055,0.33635,0,0,0,1,0.968679,0.73678
0,0,0,1,0.939506,1,0,0,0,1,0.954563,0.721056
0,0,0,1,0.951686,1,0,0,0,0.999947,0.949763,0.69987
0,0,0,1,0.938276,1,0,0,0,0.997232,0.966914,0.801159
0,0,0,1,0.967585,0.216057,0,0,0,0.999999,0.965185,0.714329
0,0,0,1,0.998463,0.231249,0,0,0,0.999998,0.967717,0.715722
0,0,0,0.989207,0.913508,1,0,0,0,0.96741,0.934753,0.775945
0,0,0,1,0.979135,0.216464,0,0,0,1,0.974043,0.75037
0.00750614,0.000471719,0,0,0,0,0,0,0,1,0.964722,0.72526
0,0,0,1,0.997864,0.313547,0,0,0,0.981666,0.914596,0.684791
0,0,0,1,0.942602,0.497906,0,0,0,1,0.946001,0.692226
0,0,0,1,0.919711,1,0,0,0,0.999731,0.945399,0.707203
0,0,0,1,0.944913,1,0,0,0,1,0.947866,0.730001
0,0,0,0.961449,0.934214,1,0,0,0,0.995056,0.940243,0.750004
0,0,0,1,0.945936,1,0,0,0,0.953535,0.921499,0.76908
0,0,0,1,0.933342,0.575029,0,0,0,0.946399,0.898232,0.694199
0,0,0,1,0.98468,0.294685,0,0,0,0.871365,0.841565,0.668556
0,0,0,1,0.964594,1,0,0,0,0.999875,0.947769,0.723016
0,0,0,1,0.955729,0.229759,0,0,0,1,0.971347,0.742048
0,0,0,1,0.926562,0.69965,0,0,0,0.991844,0.972519,0.822046
0,0,0,1,0.94721,1,0,0,0,0.99992,0.9271,0.674801
0,0,0,0.992275,0.91968,1,0,0,0,1,0.961822,0.724188
0,0,0,0,0,0,0,0,0,1,0.964722,0.737536
0,0,0,1,0.91061,1,0,0,0,1,0.978052,0.730097
0,0,0,0,0,0,0,0,0,0.999147,0.907476,0.678433
0,0,0,1,0.922808,1,0,0,0,0.999997,0.958693,0.731634
0,0,0,1,0.924181,0.787705,0,0,0,1,0.977926,0.75037
0,0,0,1,0.966159,0.224649,0,0,0,1,0.943348,0.686265
0,0,0,1,0.980431,0.407354,0,0,0,1,0.986098,0.759047
0,0,0,1,0.971112,0.200825,0,0,0,1,0.951323,0.731059
0,0,0,1,0.981336,0.347156,0,0,0,0.999711,0.959001,0.717408
0,0,0,1,0.953865,1,0,0,0,0.999998,0.958304,0.742048
0,0,0,0,0,0,0,0,0,0.801625,0.766294,0.609001
0,0,0,1,0.971148,0.20092,0,0,0,0.999997,0.942401,0.695028
0,0,0,0,0,0,0,0,0,0.954478,0.929568,0.743913
0,0,0,0,0,0,0,0,0,0.976129,0.947769,0.775435
0,0,0,1,0.949041,0.336307,0,0,0,0.830869,0.801159,0.593138
0,0,0,1,0.946318,0.39711,0,0,0,1,0.961316,0.744099
0,0,0,1,0.938901,1,0,0,0,1,0.950227,0.694821
0,0,0,1,0.926573,0.699782,0,0,0,0.999963,0.937669,0.711631
0,0,0,1,0.943119,1,0,0,0,0.999997,0.967225,0.726426
0,0,0,1,0.97857,0.194353,0,0,0,0.840783,0.813461,0.624523
0,0,0,1,0.91972,1,0,0,0,0.999997,0.949201,0.71123
0,0,0,1,0.938922,1,0,0,0,0.954816,0.927888,0.774242
0,0,0,0,0,0,0,0,0,0.999987,0.939025,0.69451
0,0,0,1,0.933959,1,0,0,0,0.999977,0.966028,0.731059
0,0,0,0.965095,0.934112,1,0,0,0,0.990216,0.972882,0.786459
0,0,0,1,0.912137,1,0,0,0,0.992452,0.96796,0.818156
0,0,0,1,0.9265,0.698875,0,0,0,0.823612,0.781831,0.575409
0,0,0,1,0.933981,1,0,0,0,0.999993,0.963506,0.739046
0,0,0,0.948424,0.961321,1,0,0,0,1,0.973695,0.750736
0,0,0,0,0,0,0,0,0,0.999999,0.936285,0.681833
0,0,0,1,0.949116,0.336526,0,0,0,0.999999,0.938124,0.683314
0,0,0,1,0.937908,1,0,0,0,0.999995,0.949482,0.733929
0,0,0,0,0,0,0,0,0,0.883437,0.838548,0.635901
0,0,0,1,0.975549,0.192959,0,0,0,1,0.976401,0.721743
0,0,0,1,0.92546,1,0,0,0,0.999998,0.977841,0.733738
0,0,0,1,0.965661,1,0,0,0,0.999998,0.939025,0.68215
0,0,0,1,0.944334,0.365491,0,0,0,0.999959,0.955651,0.709221
0,0,0,1,0.976873,0.185245,0,0,0,0.999931,0.950869,0.729423
0,0,0,1,0.956784,1,0,0,0,1,0.971725,0.752013
0,0,0,1,0.942164,1,0,0,0,1,0.948346,0.694717
0,0,0,0.949034,0.961415,1,0,0,0,0.966092,0.936052,0.771672
0,0,0,1,0.969237,0.209988,0,0,0,0.995702,0.963161,0.78083
0,0,0,0.98053,0.984235,0.64249,0,0,0,1,0.971939,0.726717
0,0,0,1,0.950187,1,0,0,0,0.832373,0.803637,0.609059
0,0,0,1,0.95343,1,0,0,0,1,0.964789,0.746509
0,0,0,1,0.956788,1,0,0,0,1,0.937897,0.708515
0,0,0,1,0.940791,0.576459,0,0,0,0.999997,0.925903,0.69987
0,0,0,1,0.934023,0.835747,0,0,0,0.999015,0.953275,0.728169
0,0,0,0.978286,0.928206,1,0,0,0,0.996489,0.969556,0.784814
0,0,0,1,0.933695,0.927858,0,0,0,0.979511,0.938011,0.716417
0,0,0,1,0.939857,1,0,0,0,0.999993,0.940898,0.715026
0,0,0,1,0.933659,1,0,0,0,0.989986,0.938011,0.750918
0,0,0,1,0.944518,0.429822,0,0,0,0.966092,0.936749,0.790207
0,0,0,1,0.949025,0.336262,0,0,0,0.999972,0.932207,0.695338
0,0,0,0,0,0,0,0,0,0.894421,0.870487,0.708918
0,0,0,0,0,0,0,0,0,0.977799,0.955569,0.787441
0,0,0,1,0.944634,1,0,0,0,0.999999,0.943764,0.69181
0,0,0,1,0.910586,1,0,0,0,0.997575,0.968974,0.783658
0,0,0,1,0.93382,0.878523,0,0,0,1,0.963231,0.735642
0,0,0,1,0.934647,0.78842,0,0,0,0.939471,0.909425,0.754734
0,0,0,0.981437,0.945281,1,0,0,0,1,0.966789,0.742048
0,0,0,1,0.9825,0.22559,0,0,0,0.973544,0.884838,0.685423
0,0,0,1,0.95877,1,0,0,0,0.829492,0.798501,0.595728
0,0,0,0,0,0,0,0,0,0.982889,0.963916,0.797241
0,0,0,0,0,0,0,0,0,0.938237,0.906488,0.714827
